fixture_id,date,timestamp,league_id,season,round,home_team_id,home_team_name,away_team_id,away_team_name,home_goals,away_goals,status,referee,venue,city,halftime_home,halftime_away,outcome,total_goals,goal_diff,month,day_of_week,is_weekend,round_number,team_id,home_rank,home_points,home_form,team_id_standings,away_rank,away_points,away_form,home_form_wins,home_form_draws,home_form_losses,home_form_points,away_form_wins,away_form_draws,away_form_losses,away_form_points
867946,2022-08-05 19:00:00+00:00,1659726000,39,2022,Regular Season - 1,52,Crystal Palace,42,Arsenal,0,2,FT,A. Taylor,Selhurst Park,London,0,1,A,2,-2,8,4,0,1,52.0,11.0,45.0,DDWLW,42.0,2.0,84.0,WLLWW,2,2,1,8,3,0,2,9
867947,2022-08-06 11:30:00+00:00,1659785400,39,2022,Regular Season - 1,36,Fulham,40,Liverpool,2,2,FT,A. Madley,Craven Cottage,London,1,0,D,4,0,8,5,1,1,36.0,10.0,52.0,LDWWL,40.0,5.0,67.0,DDWWW,2,1,2,7,3,2,0,11
867951,2022-08-06 14:00:00+00:00,1659794400,39,2022,Regular Season - 1,34,Newcastle,65,Nottingham Forest,2,0,FT,S. Hooper,St. James' Park,Newcastle upon Tyne,0,0,H,2,2,8,5,1,1,34.0,4.0,71.0,DDWDL,65.0,16.0,38.0,DWDWL,1,3,1,6,2,2,1,8
867948,2022-08-06 14:00:00+00:00,1659794400,39,2022,Regular Season - 1,35,Bournemouth,66,Aston Villa,2,0,FT,P. Bankes,Vitality Stadium,"Bournemouth, Dorset",1,0,H,2,2,8,5,1,1,35.0,15.0,39.0,LLLLW,66.0,7.0,61.0,WDWLL,1,0,4,3,2,1,2,7
867952,2022-08-06 14:00:00+00:00,1659794400,39,2022,Regular Season - 1,47,Tottenham,41,Southampton,4,1,FT,A. Marriner,Tottenham Hotspur Stadium,London,2,1,H,5,3,8,5,1,1,47.0,8.0,60.0,WLLWL,41.0,20.0,25.0,DLLLL,2,0,3,6,0,1,4,1
867949,2022-08-06 14:00:00+00:00,1659794400,39,2022,Regular Season - 1,63,Leeds,39,Wolves,2,1,FT,R. Jones,Elland Road,"Leeds, West Yorkshire",1,1,H,3,1,8,5,1,1,63.0,19.0,31.0,LLDLL,39.0,13.0,41.0,LDLWL,0,1,4,1,1,1,3,4
867953,2022-08-06 16:30:00+00:00,1659803400,39,2022,Regular Season - 1,45,Everton,49,Chelsea,0,1,FT,C. Pawson,Goodison Park,Liverpool,0,1,A,1,-1,8,5,1,1,45.0,17.0,36.0,WDLWD,49.0,12.0,44.0,DLLDW,2,2,1,8,1,2,2,5
867954,2022-08-07 13:00:00+00:00,1659877200,39,2022,Regular Season - 1,33,Manchester United,51,Brighton,1,2,FT,P. Tierney,Old Trafford,Manchester,0,2,A,3,-1,8,6,1,1,33.0,3.0,75.0,WWWWL,51.0,6.0,62.0,LDWLW,4,0,1,12,2,1,2,7
867950,2022-08-07 13:00:00+00:00,1659877200,39,2022,Regular Season - 1,46,Leicester,55,Brentford,2,2,FT,J. Gillett,King Power Stadium,"Leicester, Leicestershire",1,0,D,4,0,8,6,1,1,46.0,18.0,34.0,WDLLD,55.0,9.0,59.0,WWWLW,1,2,2,5,4,0,1,12
867955,2022-08-07 15:30:00+00:00,1659886200,39,2022,Regular Season - 1,48,West Ham,50,Manchester City,0,2,FT,M. Oliver,London Stadium,London,0,1,A,2,-2,8,6,1,1,48.0,14.0,40.0,LWLWL,50.0,1.0,89.0,LDWWW,2,0,3,6,3,1,1,10
867957,2022-08-13 11:30:00+00:00,1660390200,39,2022,Regular Season - 2,66,Aston Villa,45,Everton,2,1,FT,M. Oliver,Villa Park,Birmingham,1,0,H,3,1,8,5,1,2,66.0,7.0,61.0,WDWLL,45.0,17.0,36.0,WDLWD,2,1,2,7,2,2,1,8
867959,2022-08-13 14:00:00+00:00,1660399200,39,2022,Regular Season - 2,51,Brighton,34,Newcastle,0,0,FT,G. Scott,The American Express Community Stadium,"Falmer, East Sussex",0,0,D,0,0,8,5,1,2,51.0,6.0,62.0,LDWLW,34.0,4.0,71.0,DDWDL,2,1,2,7,1,3,1,6
867962,2022-08-13 14:00:00+00:00,1660399200,39,2022,Regular Season - 2,50,Manchester City,35,Bournemouth,4,0,FT,D. Coote,Etihad Stadium,Manchester,3,0,H,4,4,8,5,1,2,50.0,1.0,89.0,LDWWW,35.0,15.0,39.0,LLLLW,3,1,1,10,1,0,4,3
867965,2022-08-13 14:00:00+00:00,1660399200,39,2022,Regular Season - 2,39,Wolves,36,Fulham,0,0,FT,J. Brooks,Molineux Stadium,"Wolverhampton, West Midlands",0,0,D,0,0,8,5,1,2,39.0,13.0,41.0,LDLWL,36.0,10.0,52.0,LDWWL,1,1,3,4,2,1,2,7
867964,2022-08-13 14:00:00+00:00,1660399200,39,2022,Regular Season - 2,41,Southampton,63,Leeds,2,2,FT,T. Harrington,St. Mary's Stadium,"Southampton, Hampshire",0,0,D,4,0,8,5,1,2,41.0,20.0,25.0,DLLLL,63.0,19.0,31.0,LLDLL,0,1,4,1,0,1,4,1
867956,2022-08-13 14:00:00+00:00,1660399200,39,2022,Regular Season - 2,42,Arsenal,46,Leicester,4,2,FT,D. England,Emirates Stadium,London,2,0,H,6,2,8,5,1,2,42.0,2.0,84.0,WLLWW,46.0,18.0,34.0,WDLLD,3,0,2,9,1,2,2,5
867958,2022-08-13 16:30:00+00:00,1660408200,39,2022,Regular Season - 2,55,Brentford,33,Manchester United,4,0,FT,S. Attwell,Gtech Community Stadium,"Brentford, Middlesex",4,0,H,4,4,8,5,1,2,55.0,9.0,59.0,WWWLW,33.0,3.0,75.0,WWWWL,4,0,1,12,4,0,1,12
867963,2022-08-14 13:00:00+00:00,1660482000,39,2022,Regular Season - 2,65,Nottingham Forest,48,West Ham,1,0,FT,R. Jones,The City Ground,"Nottingham, Nottinghamshire",1,0,H,1,1,8,6,1,2,65.0,16.0,38.0,DWDWL,48.0,14.0,40.0,LWLWL,2,2,1,8,2,0,3,6
867960,2022-08-14 15:30:00+00:00,1660491000,39,2022,Regular Season - 2,49,Chelsea,47,Tottenham,2,2,FT,A. Taylor,Stamford Bridge,London,1,0,D,4,0,8,6,1,2,49.0,12.0,44.0,DLLDW,47.0,8.0,60.0,WLLWL,1,2,2,5,2,0,3,6
867961,2022-08-15 19:00:00+00:00,1660590000,39,2022,Regular Season - 2,40,Liverpool,52,Crystal Palace,1,1,FT,P. Tierney,Anfield,Liverpool,0,1,D,2,0,8,0,0,2,40.0,5.0,67.0,DDWWW,52.0,11.0,45.0,DDWLW,3,2,0,11,2,2,1,8
867974,2022-08-20 11:30:00+00:00,1660995000,39,2022,Regular Season - 3,47,Tottenham,39,Wolves,1,0,FT,S. Hooper,Tottenham Hotspur Stadium,London,0,0,H,1,1,8,5,1,3,47.0,8.0,60.0,WLLWL,39.0,13.0,41.0,LDLWL,2,0,3,6,1,1,3,4
867967,2022-08-20 14:00:00+00:00,1661004000,39,2022,Regular Season - 3,52,Crystal Palace,66,Aston Villa,3,1,FT,A. Madley,Selhurst Park,London,1,1,H,4,2,8,5,1,3,52.0,11.0,45.0,DDWLW,66.0,7.0,61.0,WDWLL,2,2,1,8,2,1,2,7
867971,2022-08-20 14:00:00+00:00,1661004000,39,2022,Regular Season - 3,46,Leicester,41,Southampton,1,2,FT,M. Salisbury,King Power Stadium,"Leicester, Leicestershire",0,0,A,3,-1,8,5,1,3,46.0,18.0,34.0,WDLLD,41.0,20.0,25.0,DLLLL,1,2,2,5,0,1,4,1
867968,2022-08-20 14:00:00+00:00,1661004000,39,2022,Regular Season - 3,45,Everton,65,Nottingham Forest,1,1,FT,A. Marriner,Goodison Park,Liverpool,0,0,D,2,0,8,5,1,3,45.0,17.0,36.0,WDLWD,65.0,16.0,38.0,DWDWL,2,2,1,8,2,2,1,8
867969,2022-08-20 14:00:00+00:00,1661004000,39,2022,Regular Season - 3,36,Fulham,55,Brentford,3,2,FT,P. Bankes,Craven Cottage,London,2,1,H,5,1,8,5,1,3,36.0,10.0,52.0,LDWWL,55.0,9.0,59.0,WWWLW,2,1,2,7,4,0,1,12
867966,2022-08-20 16:30:00+00:00,1661013000,39,2022,Regular Season - 3,35,Bournemouth,42,Arsenal,0,3,FT,C. Pawson,Vitality Stadium,"Bournemouth, Dorset",0,2,A,3,-3,8,5,1,3,35.0,15.0,39.0,LLLLW,42.0,2.0,84.0,WLLWW,1,0,4,3,3,0,2,9
867975,2022-08-21 13:00:00+00:00,1661086800,39,2022,Regular Season - 3,48,West Ham,51,Brighton,0,2,FT,A. Taylor,London Stadium,London,0,1,A,2,-2,8,6,1,3,48.0,14.0,40.0,LWLWL,51.0,6.0,62.0,LDWLW,2,0,3,6,2,1,2,7
867970,2022-08-21 13:00:00+00:00,1661086800,39,2022,Regular Season - 3,63,Leeds,49,Chelsea,3,0,FT,S. Attwell,Elland Road,"Leeds, West Yorkshire",2,0,H,3,3,8,6,1,3,63.0,19.0,31.0,LLDLL,49.0,12.0,44.0,DLLDW,0,1,4,1,1,2,2,5
867973,2022-08-21 15:30:00+00:00,1661095800,39,2022,Regular Season - 3,34,Newcastle,50,Manchester City,3,3,FT,J. Gillett,St. James' Park,Newcastle upon Tyne,2,1,D,6,0,8,6,1,3,34.0,4.0,71.0,DDWDL,50.0,1.0,89.0,LDWWW,1,3,1,6,3,1,1,10
867972,2022-08-22 19:00:00+00:00,1661194800,39,2022,Regular Season - 3,33,Manchester United,40,Liverpool,2,1,FT,M. Oliver,Old Trafford,Manchester,1,0,H,3,1,8,0,0,3,33.0,3.0,75.0,WWWWL,40.0,5.0,67.0,DDWWW,4,0,1,12,3,2,0,11
867984,2022-08-27 11:30:00+00:00,1661599800,39,2022,Regular Season - 4,41,Southampton,33,Manchester United,0,1,FT,A. Madley,St. Mary's Stadium,"Southampton, Hampshire",0,0,A,1,-1,8,5,1,4,41.0,20.0,25.0,DLLLL,33.0,3.0,75.0,WWWWL,0,1,4,1,4,0,1,12
867978,2022-08-27 14:00:00+00:00,1661608800,39,2022,Regular Season - 4,55,Brentford,45,Everton,1,1,FT,J. Brooks,Gtech Community Stadium,"Brentford, Middlesex",0,1,D,2,0,8,5,1,4,55.0,9.0,59.0,WWWLW,45.0,17.0,36.0,WDLWD,4,0,1,12,2,2,1,8
867982,2022-08-27 14:00:00+00:00,1661608800,39,2022,Regular Season - 4,50,Manchester City,52,Crystal Palace,4,2,FT,D. England,Etihad Stadium,Manchester,0,2,H,6,2,8,5,1,4,50.0,1.0,89.0,LDWWW,52.0,11.0,45.0,DDWLW,3,1,1,10,2,2,1,8
867979,2022-08-27 14:00:00+00:00,1661608800,39,2022,Regular Season - 4,51,Brighton,63,Leeds,1,0,FT,M. Salisbury,The American Express Community Stadium,"Falmer, East Sussex",0,0,H,1,1,8,5,1,4,51.0,6.0,62.0,LDWLW,63.0,19.0,31.0,LLDLL,2,1,2,7,0,1,4,1
867981,2022-08-27 14:00:00+00:00,1661608800,39,2022,Regular Season - 4,40,Liverpool,35,Bournemouth,9,0,FT,S. Attwell,Anfield,Liverpool,5,0,H,9,9,8,5,1,4,40.0,5.0,67.0,DDWWW,35.0,15.0,39.0,LLLLW,3,2,0,11,1,0,4,3
867980,2022-08-27 14:00:00+00:00,1661608800,39,2022,Regular Season - 4,49,Chelsea,46,Leicester,2,1,FT,P. Tierney,Stamford Bridge,London,0,0,H,3,1,8,5,1,4,49.0,12.0,44.0,DLLDW,46.0,18.0,34.0,WDLLD,1,2,2,5,1,2,2,5
867976,2022-08-27 16:30:00+00:00,1661617800,39,2022,Regular Season - 4,42,Arsenal,36,Fulham,2,1,FT,J. Gillett,Emirates Stadium,London,0,0,H,3,1,8,5,1,4,42.0,2.0,84.0,WLLWW,36.0,10.0,52.0,LDWWL,3,0,2,9,2,1,2,7
867985,2022-08-28 13:00:00+00:00,1661691600,39,2022,Regular Season - 4,39,Wolves,34,Newcastle,1,1,FT,P. Bankes,Molineux Stadium,"Wolverhampton, West Midlands",1,0,D,2,0,8,6,1,4,39.0,13.0,41.0,LDLWL,34.0,4.0,71.0,DDWDL,1,1,3,4,1,3,1,6
867977,2022-08-28 13:00:00+00:00,1661691600,39,2022,Regular Season - 4,66,Aston Villa,48,West Ham,0,1,FT,D. Coote,Villa Park,Birmingham,0,0,A,1,-1,8,6,1,4,66.0,7.0,61.0,WDWLL,48.0,14.0,40.0,LWLWL,2,1,2,7,2,0,3,6
867983,2022-08-28 15:30:00+00:00,1661700600,39,2022,Regular Season - 4,65,Nottingham Forest,47,Tottenham,0,2,FT,C. Pawson,The City Ground,"Nottingham, Nottinghamshire",0,1,A,2,-2,8,6,1,4,65.0,16.0,38.0,DWDWL,47.0,8.0,60.0,WLLWL,2,2,1,8,2,0,3,6
867988,2022-08-30 18:30:00+00:00,1661884200,39,2022,Regular Season - 5,36,Fulham,51,Brighton,2,1,FT,T. Bramall,Craven Cottage,London,0,0,H,3,1,8,1,0,5,36.0,10.0,52.0,LDWWL,51.0,6.0,62.0,LDWLW,2,1,2,7,2,1,2,7
867992,2022-08-30 18:30:00+00:00,1661884200,39,2022,Regular Season - 5,52,Crystal Palace,55,Brentford,1,1,FT,S. Hooper,Selhurst Park,London,0,0,D,2,0,8,1,0,5,52.0,11.0,45.0,DDWLW,55.0,9.0,59.0,WWWLW,2,2,1,8,4,0,1,12
867993,2022-08-30 18:45:00+00:00,1661885100,39,2022,Regular Season - 5,41,Southampton,49,Chelsea,2,1,FT,M. Oliver,St. Mary's Stadium,"Southampton, Hampshire",2,1,H,3,1,8,1,0,5,41.0,20.0,25.0,DLLLL,49.0,12.0,44.0,DLLDW,0,1,4,1,1,2,2,5
867989,2022-08-30 19:00:00+00:00,1661886000,39,2022,Regular Season - 5,63,Leeds,45,Everton,1,1,FT,D. England,Elland Road,"Leeds, West Yorkshire",0,1,D,2,0,8,1,0,5,63.0,19.0,31.0,LLDLL,45.0,17.0,36.0,WDLWD,0,1,4,1,2,2,1,8
867987,2022-08-31 18:30:00+00:00,1661970600,39,2022,Regular Season - 5,42,Arsenal,66,Aston Villa,2,1,FT,R. Jones,Emirates Stadium,London,1,0,H,3,1,8,2,0,5,42.0,2.0,84.0,WLLWW,66.0,7.0,61.0,WDWLL,3,0,2,9,2,1,2,7
867995,2022-08-31 18:30:00+00:00,1661970600,39,2022,Regular Season - 5,50,Manchester City,65,Nottingham Forest,6,0,FT,P. Tierney,Etihad Stadium,Manchester,3,0,H,6,6,8,2,0,5,50.0,1.0,89.0,LDWWW,65.0,16.0,38.0,DWDWL,3,1,1,10,2,2,1,8
867986,2022-08-31 18:30:00+00:00,1661970600,39,2022,Regular Season - 5,35,Bournemouth,39,Wolves,0,0,FT,A. Taylor,Vitality Stadium,"Bournemouth, Dorset",0,0,D,0,0,8,2,0,5,35.0,15.0,39.0,LLLLW,39.0,13.0,41.0,LDLWL,1,0,4,3,1,1,3,4
867991,2022-08-31 18:45:00+00:00,1661971500,39,2022,Regular Season - 5,48,West Ham,47,Tottenham,1,1,FT,P. Bankes,London Stadium,London,0,1,D,2,0,8,2,0,5,48.0,14.0,40.0,LWLWL,47.0,8.0,60.0,WLLWL,2,0,3,6,2,0,3,6
867994,2022-08-31 19:00:00+00:00,1661972400,39,2022,Regular Season - 5,40,Liverpool,34,Newcastle,2,1,FT,A. Marriner,Anfield,Liverpool,0,1,H,3,1,8,2,0,5,40.0,5.0,67.0,DDWWW,34.0,4.0,71.0,DDWDL,3,2,0,11,1,3,1,6
867990,2022-09-01 19:00:00+00:00,1662058800,39,2022,Regular Season - 5,46,Leicester,33,Manchester United,0,1,FT,C. Pawson,King Power Stadium,"Leicester, Leicestershire",0,1,A,1,-1,9,3,0,5,46.0,18.0,34.0,WDLLD,33.0,3.0,75.0,WWWWL,1,2,2,5,4,0,1,12
868000,2022-09-03 11:30:00+00:00,1662204600,39,2022,Regular Season - 6,45,Everton,40,Liverpool,0,0,FT,A. Taylor,Goodison Park,Liverpool,0,0,D,0,0,9,5,1,6,45.0,17.0,36.0,WDLWD,40.0,5.0,67.0,DDWWW,2,2,1,8,3,2,0,11
868003,2022-09-03 14:00:00+00:00,1662213600,39,2022,Regular Season - 6,65,Nottingham Forest,35,Bournemouth,2,3,FT,M. Oliver,The City Ground,"Nottingham, Nottinghamshire",2,0,A,5,-1,9,5,1,6,65.0,16.0,38.0,DWDWL,35.0,15.0,39.0,LLLLW,2,2,1,8,1,0,4,3
868002,2022-09-03 14:00:00+00:00,1662213600,39,2022,Regular Season - 6,34,Newcastle,52,Crystal Palace,0,0,FT,M. Salisbury,St. James' Park,Newcastle upon Tyne,0,0,D,0,0,9,5,1,6,34.0,4.0,71.0,DDWDL,52.0,11.0,45.0,DDWLW,1,3,1,6,2,2,1,8
868005,2022-09-03 14:00:00+00:00,1662213600,39,2022,Regular Season - 6,39,Wolves,41,Southampton,1,0,FT,J. Brooks,Molineux Stadium,"Wolverhampton, West Midlands",1,0,H,1,1,9,5,1,6,39.0,13.0,41.0,LDLWL,41.0,20.0,25.0,DLLLL,1,1,3,4,0,1,4,1
868004,2022-09-03 14:00:00+00:00,1662213600,39,2022,Regular Season - 6,47,Tottenham,36,Fulham,2,1,FT,S. Attwell,Tottenham Hotspur Stadium,London,1,0,H,3,1,9,5,1,6,47.0,8.0,60.0,WLLWL,36.0,10.0,52.0,LDWWL,2,0,3,6,2,1,2,7
867999,2022-09-03 14:00:00+00:00,1662213600,39,2022,Regular Season - 6,49,Chelsea,48,West Ham,2,1,FT,A. Madley,Stamford Bridge,London,0,0,H,3,1,9,5,1,6,49.0,12.0,44.0,DLLDW,48.0,14.0,40.0,LWLWL,1,2,2,5,2,0,3,6
867997,2022-09-03 14:00:00+00:00,1662213600,39,2022,Regular Season - 6,55,Brentford,63,Leeds,5,2,FT,R. Jones,Gtech Community Stadium,"Brentford, Middlesex",2,1,H,7,3,9,5,1,6,55.0,9.0,59.0,WWWLW,63.0,19.0,31.0,LLDLL,4,0,1,12,0,1,4,1
867996,2022-09-03 16:30:00+00:00,1662222600,39,2022,Regular Season - 6,66,Aston Villa,50,Manchester City,1,1,FT,S. Hooper,Villa Park,Birmingham,0,0,D,2,0,9,5,1,6,66.0,7.0,61.0,WDWLL,50.0,1.0,89.0,LDWWW,2,1,2,7,3,1,1,10
867998,2022-09-04 13:00:00+00:00,1662296400,39,2022,Regular Season - 6,51,Brighton,46,Leicester,5,2,FT,T. Harrington,The American Express Community Stadium,"Falmer, East Sussex",2,2,H,7,3,9,6,1,6,51.0,6.0,62.0,LDWLW,46.0,18.0,34.0,WDLLD,2,1,2,7,1,2,2,5
868001,2022-09-04 15:30:00+00:00,1662305400,39,2022,Regular Season - 6,33,Manchester United,42,Arsenal,3,1,FT,P. Tierney,Old Trafford,Manchester,1,0,H,4,2,9,6,1,6,33.0,3.0,75.0,WWWWL,42.0,2.0,84.0,WLLWW,4,0,1,12,3,0,2,9
868023,2022-09-16 19:00:00+00:00,1663354800,39,2022,Regular Season - 8,65,Nottingham Forest,36,Fulham,2,3,FT,J. Gillett,The City Ground,"Nottingham, Nottinghamshire",1,0,A,5,-1,9,4,0,8,65.0,16.0,38.0,DWDWL,36.0,10.0,52.0,LDWWL,2,2,1,8,2,1,2,7
868016,2022-09-16 19:00:00+00:00,1663354800,39,2022,Regular Season - 8,66,Aston Villa,41,Southampton,1,0,FT,T. Harrington,Villa Park,Birmingham,1,0,H,1,1,9,4,0,8,66.0,7.0,61.0,WDWLL,41.0,20.0,25.0,DLLLL,2,1,2,7,0,1,4,1
868025,2022-09-17 11:30:00+00:00,1663414200,39,2022,Regular Season - 8,39,Wolves,50,Manchester City,0,3,FT,A. Taylor,Molineux Stadium,"Wolverhampton, West Midlands",0,2,A,3,-3,9,5,1,8,39.0,13.0,41.0,LDLWL,50.0,1.0,89.0,LDWWW,1,1,3,4,3,1,1,10
868022,2022-09-17 14:00:00+00:00,1663423200,39,2022,Regular Season - 8,34,Newcastle,35,Bournemouth,1,1,FT,C. Pawson,St. James' Park,Newcastle upon Tyne,0,0,D,2,0,9,5,1,8,34.0,4.0,71.0,DDWDL,35.0,15.0,39.0,LLLLW,1,3,1,6,1,0,4,3
868024,2022-09-17 16:30:00+00:00,1663432200,39,2022,Regular Season - 8,47,Tottenham,46,Leicester,6,2,FT,S. Hooper,Tottenham Hotspur Stadium,London,2,2,H,8,4,9,5,1,8,47.0,8.0,60.0,WLLWL,46.0,18.0,34.0,WDLLD,2,0,3,6,1,2,2,5
868017,2022-09-18 11:00:00+00:00,1663498800,39,2022,Regular Season - 8,55,Brentford,42,Arsenal,0,3,FT,D. Coote,Gtech Community Stadium,"Brentford, Middlesex",0,2,A,3,-3,9,6,1,8,55.0,9.0,59.0,WWWLW,42.0,2.0,84.0,WLLWW,4,0,1,12,3,0,2,9
868020,2022-09-18 13:15:00+00:00,1663506900,39,2022,Regular Season - 8,45,Everton,48,West Ham,1,0,FT,M. Oliver,Goodison Park,Liverpool,0,0,H,1,1,9,6,1,8,45.0,17.0,36.0,WDLWD,48.0,14.0,40.0,LWLWL,2,2,1,8,2,0,3,6
868027,2022-10-01 11:30:00+00:00,1664623800,39,2022,Regular Season - 9,42,Arsenal,47,Tottenham,3,1,FT,A. Taylor,Emirates Stadium,London,1,1,H,4,2,10,5,1,9,42.0,2.0,84.0,WLLWW,47.0,8.0,60.0,WLLWL,3,0,2,9,2,0,3,6
868029,2022-10-01 14:00:00+00:00,1664632800,39,2022,Regular Season - 9,36,Fulham,34,Newcastle,1,4,FT,D. England,Craven Cottage,London,0,3,A,5,-3,10,5,1,9,36.0,10.0,52.0,LDWWL,34.0,4.0,71.0,DDWDL,2,1,2,7,1,3,1,6
868028,2022-10-01 14:00:00+00:00,1664632800,39,2022,Regular Season - 9,52,Crystal Palace,49,Chelsea,1,2,FT,C. Kavanagh,Selhurst Park,London,1,1,A,3,-1,10,5,1,9,52.0,11.0,45.0,DDWLW,49.0,12.0,44.0,DLLDW,2,2,1,8,1,2,2,5
868034,2022-10-01 14:00:00+00:00,1664632800,39,2022,Regular Season - 9,41,Southampton,45,Everton,1,2,FT,A. Marriner,St. Mary's Stadium,"Southampton, Hampshire",0,0,A,3,-1,10,5,1,9,41.0,20.0,25.0,DLLLL,45.0,17.0,36.0,WDLWD,0,1,4,1,2,2,1,8
868026,2022-10-01 14:00:00+00:00,1664632800,39,2022,Regular Season - 9,35,Bournemouth,55,Brentford,0,0,FT,T. Bramall,Vitality Stadium,"Bournemouth, Dorset",0,0,D,0,0,10,5,1,9,35.0,15.0,39.0,LLLLW,55.0,9.0,59.0,WWWLW,1,0,4,3,4,0,1,12
868032,2022-10-01 14:00:00+00:00,1664632800,39,2022,Regular Season - 9,40,Liverpool,51,Brighton,3,3,FT,A. Madley,Anfield,Liverpool,1,2,D,6,0,10,5,1,9,40.0,5.0,67.0,DDWWW,51.0,6.0,62.0,LDWLW,3,2,0,11,2,1,2,7
868035,2022-10-01 16:30:00+00:00,1664641800,39,2022,Regular Season - 9,48,West Ham,39,Wolves,2,0,FT,P. Tierney,London Stadium,London,1,0,H,2,2,10,5,1,9,48.0,14.0,40.0,LWLWL,39.0,13.0,41.0,LDLWL,2,0,3,6,1,1,3,4
868033,2022-10-02 13:00:00+00:00,1664715600,39,2022,Regular Season - 9,50,Manchester City,33,Manchester United,6,3,FT,M. Oliver,Etihad Stadium,Manchester,4,0,H,9,3,10,6,1,9,50.0,1.0,89.0,LDWWW,33.0,3.0,75.0,WWWWL,3,1,1,10,4,0,1,12
868030,2022-10-02 15:30:00+00:00,1664724600,39,2022,Regular Season - 9,63,Leeds,66,Aston Villa,0,0,FT,S. Attwell,Elland Road,"Leeds, West Yorkshire",0,0,D,0,0,10,6,1,9,63.0,19.0,31.0,LLDLL,66.0,7.0,61.0,WDWLL,0,1,4,1,2,1,2,7
868031,2022-10-03 19:00:00+00:00,1664823600,39,2022,Regular Season - 9,46,Leicester,65,Nottingham Forest,4,0,FT,R. Jones,King Power Stadium,"Leicester, Leicestershire",3,0,H,4,4,10,0,0,9,46.0,18.0,34.0,WDLLD,65.0,16.0,38.0,DWDWL,1,2,2,5,2,2,1,8
868042,2022-10-08 14:00:00+00:00,1665237600,39,2022,Regular Season - 10,50,Manchester City,41,Southampton,4,0,FT,A. Madley,Etihad Stadium,Manchester,2,0,H,4,4,10,5,1,10,50.0,1.0,89.0,LDWWW,41.0,20.0,25.0,DLLLL,3,1,1,10,0,1,4,1
868043,2022-10-08 14:00:00+00:00,1665237600,39,2022,Regular Season - 10,34,Newcastle,55,Brentford,5,1,FT,J. Brooks,St. James' Park,Newcastle upon Tyne,2,0,H,6,4,10,5,1,10,34.0,4.0,71.0,DDWDL,55.0,9.0,59.0,WWWLW,1,3,1,6,4,0,1,12
868036,2022-10-08 14:00:00+00:00,1665237600,39,2022,Regular Season - 10,35,Bournemouth,46,Leicester,2,1,FT,M. Salisbury,Vitality Stadium,"Bournemouth, Dorset",0,1,H,3,1,10,5,1,10,35.0,15.0,39.0,LLLLW,46.0,18.0,34.0,WDLLD,1,0,4,3,1,2,2,5
868039,2022-10-08 14:00:00+00:00,1665237600,39,2022,Regular Season - 10,49,Chelsea,39,Wolves,3,0,FT,S. Hooper,Stamford Bridge,London,1,0,H,3,3,10,5,1,10,49.0,12.0,44.0,DLLDW,39.0,13.0,41.0,LDLWL,1,2,2,5,1,1,3,4
868038,2022-10-08 16:30:00+00:00,1665246600,39,2022,Regular Season - 10,51,Brighton,47,Tottenham,0,1,FT,T. Harrington,The American Express Community Stadium,"Falmer, East Sussex",0,1,A,1,-1,10,5,1,10,51.0,6.0,62.0,LDWLW,47.0,8.0,60.0,WLLWL,2,1,2,7,2,0,3,6
868045,2022-10-09 13:00:00+00:00,1665320400,39,2022,Regular Season - 10,48,West Ham,36,Fulham,3,1,FT,C. Kavanagh,London Stadium,London,1,1,H,4,2,10,6,1,10,48.0,14.0,40.0,LWLWL,36.0,10.0,52.0,LDWWL,2,0,3,6,2,1,2,7
868040,2022-10-09 13:00:00+00:00,1665320400,39,2022,Regular Season - 10,52,Crystal Palace,63,Leeds,2,1,FT,P. Tierney,Selhurst Park,London,1,1,H,3,1,10,6,1,10,52.0,11.0,45.0,DDWLW,63.0,19.0,31.0,LLDLL,2,2,1,8,0,1,4,1
868037,2022-10-09 15:30:00+00:00,1665329400,39,2022,Regular Season - 10,42,Arsenal,40,Liverpool,3,2,FT,M. Oliver,Emirates Stadium,London,2,1,H,5,1,10,6,1,10,42.0,2.0,84.0,WLLWW,40.0,5.0,67.0,DDWWW,3,0,2,9,3,2,0,11
868041,2022-10-09 18:00:00+00:00,1665338400,39,2022,Regular Season - 10,45,Everton,33,Manchester United,1,2,FT,D. Coote,Goodison Park,Liverpool,1,2,A,3,-1,10,6,1,10,45.0,17.0,36.0,WDLWD,33.0,3.0,75.0,WWWWL,2,2,1,8,4,0,1,12
868044,2022-10-10 19:00:00+00:00,1665428400,39,2022,Regular Season - 10,65,Nottingham Forest,66,Aston Villa,1,1,FT,A. Taylor,The City Ground,"Nottingham, Nottinghamshire",1,1,D,2,0,10,0,0,10,65.0,16.0,38.0,DWDWL,66.0,7.0,61.0,WDWLL,2,2,1,8,2,1,2,7
868047,2022-10-14 19:00:00+00:00,1665774000,39,2022,Regular Season - 11,55,Brentford,51,Brighton,2,0,FT,M. Salisbury,Gtech Community Stadium,"Brentford, Middlesex",1,0,H,2,2,10,4,0,11,55.0,9.0,59.0,WWWLW,51.0,6.0,62.0,LDWLW,4,0,1,12,2,1,2,7
868050,2022-10-15 11:30:00+00:00,1665833400,39,2022,Regular Season - 11,46,Leicester,52,Crystal Palace,0,0,FT,A. Madley,King Power Stadium,"Leicester, Leicestershire",0,0,D,0,0,10,5,1,11,46.0,18.0,34.0,WDLLD,52.0,11.0,45.0,DDWLW,1,2,2,5,2,2,1,8
868048,2022-10-15 14:00:00+00:00,1665842400,39,2022,Regular Season - 11,36,Fulham,35,Bournemouth,2,2,FT,G. Scott,Craven Cottage,London,1,2,D,4,0,10,5,1,11,36.0,10.0,52.0,LDWWL,35.0,15.0,39.0,LLLLW,2,1,2,7,1,0,4,3
868055,2022-10-15 14:00:00+00:00,1665842400,39,2022,Regular Season - 11,39,Wolves,65,Nottingham Forest,1,0,FT,T. Bramall,Molineux Stadium,"Wolverhampton, West Midlands",0,0,H,1,1,10,5,1,11,39.0,13.0,41.0,LDLWL,65.0,16.0,38.0,DWDWL,1,1,3,4,2,2,1,8
868054,2022-10-15 16:30:00+00:00,1665851400,39,2022,Regular Season - 11,47,Tottenham,45,Everton,2,0,FT,P. Tierney,Tottenham Hotspur Stadium,London,0,0,H,2,2,10,5,1,11,47.0,8.0,60.0,WLLWL,45.0,17.0,36.0,WDLWD,2,0,3,6,2,2,1,8
868046,2022-10-16 13:00:00+00:00,1665925200,39,2022,Regular Season - 11,66,Aston Villa,49,Chelsea,0,2,FT,R. Jones,Villa Park,Birmingham,0,1,A,2,-2,10,6,1,11,66.0,7.0,61.0,WDWLL,49.0,12.0,44.0,DLLDW,2,1,2,7,1,2,2,5
868049,2022-10-16 13:00:00+00:00,1665925200,39,2022,Regular Season - 11,63,Leeds,42,Arsenal,0,1,FT,C. Kavanagh,Elland Road,"Leeds, West Yorkshire",0,1,A,1,-1,10,6,1,11,63.0,19.0,31.0,LLDLL,42.0,2.0,84.0,WLLWW,0,1,4,1,3,0,2,9
868053,2022-10-16 13:00:00+00:00,1665925200,39,2022,Regular Season - 11,41,Southampton,48,West Ham,1,1,FT,P. Bankes,St. Mary's Stadium,"Southampton, Hampshire",1,0,D,2,0,10,6,1,11,41.0,20.0,25.0,DLLLL,48.0,14.0,40.0,LWLWL,0,1,4,1,2,0,3,6
868052,2022-10-16 13:00:00+00:00,1665925200,39,2022,Regular Season - 11,33,Manchester United,34,Newcastle,0,0,FT,C. Pawson,Old Trafford,Manchester,0,0,D,0,0,10,6,1,11,33.0,3.0,75.0,WWWWL,34.0,4.0,71.0,DDWDL,4,0,1,12,1,3,1,6
868051,2022-10-16 15:30:00+00:00,1665934200,39,2022,Regular Season - 11,40,Liverpool,50,Manchester City,1,0,FT,A. Taylor,Anfield,Liverpool,0,0,H,1,1,10,6,1,11,40.0,5.0,67.0,DDWWW,50.0,1.0,89.0,LDWWW,3,2,0,11,3,1,1,10
868059,2022-10-18 18:30:00+00:00,1666117800,39,2022,Regular Season - 12,51,Brighton,65,Nottingham Forest,0,0,FT,D. England,The American Express Community Stadium,"Falmer, East Sussex",0,0,D,0,0,10,1,0,12,51.0,6.0,62.0,LDWLW,65.0,16.0,38.0,DWDWL,2,1,2,7,2,2,1,8
868062,2022-10-18 19:15:00+00:00,1666120500,39,2022,Regular Season - 12,52,Crystal Palace,39,Wolves,2,1,FT,D. Coote,Selhurst Park,London,0,1,H,3,1,10,1,0,12,52.0,11.0,45.0,DDWLW,39.0,13.0,41.0,LDLWL,2,2,1,8,1,1,3,4
868063,2022-10-19 18:30:00+00:00,1666204200,39,2022,Regular Season - 12,34,Newcastle,45,Everton,1,0,FT,T. Harrington,St. James' Park,Newcastle upon Tyne,1,0,H,1,1,10,2,0,12,34.0,4.0,71.0,DDWDL,45.0,17.0,36.0,WDLWD,1,3,1,6,2,2,1,8
868056,2022-10-19 18:30:00+00:00,1666204200,39,2022,Regular Season - 12,35,Bournemouth,41,Southampton,0,1,FT,J. Brooks,Vitality Stadium,"Bournemouth, Dorset",0,1,A,1,-1,10,2,0,12,35.0,15.0,39.0,LLLLW,41.0,20.0,25.0,DLLLL,1,0,4,3,0,1,4,1
868064,2022-10-19 18:30:00+00:00,1666204200,39,2022,Regular Season - 12,40,Liverpool,48,West Ham,1,0,FT,S. Attwell,Anfield,Liverpool,1,0,H,1,1,10,2,0,12,40.0,5.0,67.0,DDWWW,48.0,14.0,40.0,LWLWL,3,2,0,11,2,0,3,6
868058,2022-10-19 18:30:00+00:00,1666204200,39,2022,Regular Season - 12,55,Brentford,49,Chelsea,0,0,FT,J. Gillett,Gtech Community Stadium,"Brentford, Middlesex",0,0,D,0,0,10,2,0,12,55.0,9.0,59.0,WWWLW,49.0,12.0,44.0,DLLDW,4,0,1,12,1,2,2,5
868065,2022-10-19 19:15:00+00:00,1666206900,39,2022,Regular Season - 12,33,Manchester United,47,Tottenham,2,0,FT,S. Hooper,Old Trafford,Manchester,0,0,H,2,2,10,2,0,12,33.0,3.0,75.0,WWWWL,47.0,8.0,60.0,WLLWL,4,0,1,12,2,0,3,6
868060,2022-10-20 18:30:00+00:00,1666290600,39,2022,Regular Season - 12,36,Fulham,66,Aston Villa,3,0,FT,M. Oliver,Craven Cottage,London,1,0,H,3,3,10,3,0,12,36.0,10.0,52.0,LDWWL,66.0,7.0,61.0,WDWLL,2,1,2,7,2,1,2,7
868061,2022-10-20 19:15:00+00:00,1666293300,39,2022,Regular Season - 12,46,Leicester,63,Leeds,2,0,FT,P. Bankes,King Power Stadium,"Leicester, Leicestershire",2,0,H,2,2,10,3,0,12,46.0,18.0,34.0,WDLLD,63.0,19.0,31.0,LLDLL,1,2,2,5,0,1,4,1
868071,2022-10-22 11:30:00+00:00,1666438200,39,2022,Regular Season - 13,65,Nottingham Forest,40,Liverpool,1,0,FT,P. Tierney,The City Ground,"Nottingham, Nottinghamshire",0,0,H,1,1,10,5,1,13,65.0,16.0,38.0,DWDWL,40.0,5.0,67.0,DDWWW,2,2,1,8,3,2,0,11
868068,2022-10-22 14:00:00+00:00,1666447200,39,2022,Regular Season - 13,45,Everton,52,Crystal Palace,3,0,FT,S. Hooper,Goodison Park,Liverpool,1,0,H,3,3,10,5,1,13,45.0,17.0,36.0,WDLWD,52.0,11.0,45.0,DDWLW,2,2,1,8,2,2,1,8
868070,2022-10-22 14:00:00+00:00,1666447200,39,2022,Regular Season - 13,50,Manchester City,51,Brighton,3,1,FT,C. Pawson,Etihad Stadium,Manchester,2,0,H,4,2,10,5,1,13,50.0,1.0,89.0,LDWWW,51.0,6.0,62.0,LDWLW,3,1,1,10,2,1,2,7
868067,2022-10-22 16:30:00+00:00,1666456200,39,2022,Regular Season - 13,49,Chelsea,33,Manchester United,1,1,FT,S. Attwell,Stamford Bridge,London,0,0,D,2,0,10,5,1,13,49.0,12.0,44.0,DLLDW,33.0,3.0,75.0,WWWWL,1,2,2,5,4,0,1,12
868075,2022-10-23 13:00:00+00:00,1666530000,39,2022,Regular Season - 13,39,Wolves,46,Leicester,0,4,FT,M. Oliver,Molineux Stadium,"Wolverhampton, West Midlands",0,2,A,4,-4,10,6,1,13,39.0,13.0,41.0,LDLWL,46.0,18.0,34.0,WDLLD,1,1,3,4,1,2,2,5
868072,2022-10-23 13:00:00+00:00,1666530000,39,2022,Regular Season - 13,41,Southampton,42,Arsenal,1,1,FT,R. Jones,St. Mary's Stadium,"Southampton, Hampshire",0,1,D,2,0,10,6,1,13,41.0,20.0,25.0,DLLLL,42.0,2.0,84.0,WLLWW,0,1,4,1,3,0,2,9
868069,2022-10-23 13:00:00+00:00,1666530000,39,2022,Regular Season - 13,63,Leeds,36,Fulham,2,3,FT,A. Taylor,Elland Road,"Leeds, West Yorkshire",1,1,A,5,-1,10,6,1,13,63.0,19.0,31.0,LLDLL,36.0,10.0,52.0,LDWWL,0,1,4,1,2,1,2,7
868066,2022-10-23 13:00:00+00:00,1666530000,39,2022,Regular Season - 13,66,Aston Villa,55,Brentford,4,0,FT,D. England,Villa Park,Birmingham,3,0,H,4,4,10,6,1,13,66.0,7.0,61.0,WDWLL,55.0,9.0,59.0,WWWLW,2,1,2,7,4,0,1,12
868073,2022-10-23 15:30:00+00:00,1666539000,39,2022,Regular Season - 13,47,Tottenham,34,Newcastle,1,2,FT,J. Gillett,Tottenham Hotspur Stadium,London,0,2,A,3,-1,10,6,1,13,47.0,8.0,60.0,WLLWL,34.0,4.0,71.0,DDWDL,2,0,3,6,1,3,1,6
868074,2022-10-24 19:00:00+00:00,1666638000,39,2022,Regular Season - 13,48,West Ham,35,Bournemouth,2,0,FT,D. Coote,London Stadium,London,1,0,H,2,2,10,0,0,13,48.0,14.0,40.0,LWLWL,35.0,15.0,39.0,LLLLW,2,0,3,6,1,0,4,3
868082,2022-10-29 11:30:00+00:00,1667043000,39,2022,Regular Season - 14,46,Leicester,50,Manchester City,0,1,FT,R. Jones,King Power Stadium,"Leicester, Leicestershire",0,0,A,1,-1,10,5,1,14,46.0,18.0,34.0,WDLLD,50.0,1.0,89.0,LDWWW,1,2,2,5,3,1,1,10
868085,2022-10-29 14:00:00+00:00,1667052000,39,2022,Regular Season - 14,34,Newcastle,66,Aston Villa,4,0,FT,P. Tierney,St. James' Park,Newcastle upon Tyne,1,0,H,4,4,10,5,1,14,34.0,4.0,71.0,DDWDL,66.0,7.0,61.0,WDWLL,1,3,1,6,2,1,2,7
868076,2022-10-29 14:00:00+00:00,1667052000,39,2022,Regular Season - 14,35,Bournemouth,47,Tottenham,2,3,FT,A. Taylor,Vitality Stadium,"Bournemouth, Dorset",1,0,A,5,-1,10,5,1,14,35.0,15.0,39.0,LLLLW,47.0,8.0,60.0,WLLWL,1,0,4,3,2,0,3,6
868079,2022-10-29 14:00:00+00:00,1667052000,39,2022,Regular Season - 14,51,Brighton,49,Chelsea,4,1,FT,A. Madley,The American Express Community Stadium,"Falmer, East Sussex",3,0,H,5,3,10,5,1,14,51.0,6.0,62.0,LDWLW,49.0,12.0,44.0,DLLDW,2,1,2,7,1,2,2,5
868080,2022-10-29 14:00:00+00:00,1667052000,39,2022,Regular Season - 14,52,Crystal Palace,41,Southampton,1,0,FT,M. Salisbury,Selhurst Park,London,1,0,H,1,1,10,5,1,14,52.0,11.0,45.0,DDWLW,41.0,20.0,25.0,DLLLL,2,2,1,8,0,1,4,1
868078,2022-10-29 14:00:00+00:00,1667052000,39,2022,Regular Season - 14,55,Brentford,39,Wolves,1,1,FT,R. Madley,Gtech Community Stadium,"Brentford, Middlesex",0,0,D,2,0,10,5,1,14,55.0,9.0,59.0,WWWLW,39.0,13.0,41.0,LDLWL,4,0,1,12,1,1,3,4
868081,2022-10-29 16:30:00+00:00,1667061000,39,2022,Regular Season - 14,36,Fulham,45,Everton,0,0,FT,J. Brooks,Craven Cottage,London,0,0,D,0,0,10,5,1,14,36.0,10.0,52.0,LDWWL,45.0,17.0,36.0,WDLWD,2,1,2,7,2,2,1,8
868083,2022-10-29 18:45:00+00:00,1667069100,39,2022,Regular Season - 14,40,Liverpool,63,Leeds,1,2,FT,M. Oliver,Anfield,Liverpool,1,1,A,3,-1,10,5,1,14,40.0,5.0,67.0,DDWWW,63.0,19.0,31.0,LLDLL,3,2,0,11,0,1,4,1
868077,2022-10-30 14:00:00+00:00,1667138400,39,2022,Regular Season - 14,42,Arsenal,65,Nottingham Forest,5,0,FT,S. Hooper,Emirates Stadium,London,1,0,H,5,5,10,6,1,14,42.0,2.0,84.0,WLLWW,65.0,16.0,38.0,DWDWL,3,0,2,9,2,2,1,8
868084,2022-10-30 16:15:00+00:00,1667146500,39,2022,Regular Season - 14,33,Manchester United,48,West Ham,1,0,FT,C. Kavanagh,Old Trafford,Manchester,1,0,H,1,1,10,6,1,14,33.0,3.0,75.0,WWWWL,48.0,14.0,40.0,LWLWL,4,0,1,12,2,0,3,6
868091,2022-11-05 15:00:00+00:00,1667660400,39,2022,Regular Season - 15,65,Nottingham Forest,55,Brentford,2,2,FT,A. Marriner,The City Ground,"Nottingham, Nottinghamshire",1,1,D,4,0,11,5,1,15,65.0,16.0,38.0,DWDWL,55.0,9.0,59.0,WWWLW,2,2,1,8,4,0,1,12
868089,2022-11-05 15:00:00+00:00,1667660400,39,2022,Regular Season - 15,63,Leeds,35,Bournemouth,4,3,FT,T. Harrington,Elland Road,"Leeds, West Yorkshire",1,2,H,7,1,11,5,1,15,63.0,19.0,31.0,LLDLL,35.0,15.0,39.0,LLLLW,0,1,4,1,1,0,4,3
868095,2022-11-05 15:00:00+00:00,1667660400,39,2022,Regular Season - 15,39,Wolves,51,Brighton,2,3,FT,G. Scott,Molineux Stadium,"Wolverhampton, West Midlands",2,2,A,5,-1,11,5,1,15,39.0,13.0,41.0,LDLWL,51.0,6.0,62.0,LDWLW,1,1,3,4,2,1,2,7
868090,2022-11-05 15:00:00+00:00,1667660400,39,2022,Regular Season - 15,50,Manchester City,36,Fulham,2,1,FT,D. England,Etihad Stadium,Manchester,1,1,H,3,1,11,5,1,15,50.0,1.0,89.0,LDWWW,36.0,10.0,52.0,LDWWL,3,1,1,10,2,1,2,7
868088,2022-11-05 17:30:00+00:00,1667669400,39,2022,Regular Season - 15,45,Everton,46,Leicester,0,2,FT,D. Coote,Goodison Park,Liverpool,0,1,A,2,-2,11,5,1,15,45.0,17.0,36.0,WDLWD,46.0,18.0,34.0,WDLLD,2,2,1,8,1,2,2,5
868087,2022-11-06 12:00:00+00:00,1667736000,39,2022,Regular Season - 15,49,Chelsea,42,Arsenal,0,1,FT,M. Oliver,Stamford Bridge,London,0,0,A,1,-1,11,6,1,15,49.0,12.0,44.0,DLLDW,42.0,2.0,84.0,WLLWW,1,2,2,5,3,0,2,9
868092,2022-11-06 14:00:00+00:00,1667743200,39,2022,Regular Season - 15,41,Southampton,34,Newcastle,1,4,FT,S. Attwell,St. Mary's Stadium,"Southampton, Hampshire",0,1,A,5,-3,11,6,1,15,41.0,20.0,25.0,DLLLL,34.0,4.0,71.0,DDWDL,0,1,4,1,1,3,1,6
868094,2022-11-06 14:00:00+00:00,1667743200,39,2022,Regular Season - 15,48,West Ham,52,Crystal Palace,1,2,FT,P. Tierney,London Stadium,London,1,1,A,3,-1,11,6,1,15,48.0,14.0,40.0,LWLWL,52.0,11.0,45.0,DDWLW,2,0,3,6,2,2,1,8
868086,2022-11-06 14:00:00+00:00,1667743200,39,2022,Regular Season - 15,66,Aston Villa,33,Manchester United,3,1,FT,A. Taylor,Villa Park,Birmingham,2,1,H,4,2,11,6,1,15,66.0,7.0,61.0,WDWLL,33.0,3.0,75.0,WWWWL,2,1,2,7,4,0,1,12
868093,2022-11-06 16:30:00+00:00,1667752200,39,2022,Regular Season - 15,47,Tottenham,40,Liverpool,1,2,FT,A. Madley,Tottenham Hotspur Stadium,London,0,2,A,3,-1,11,6,1,15,47.0,8.0,60.0,WLLWL,40.0,5.0,67.0,DDWWW,2,0,3,6,3,2,0,11
868100,2022-11-12 12:30:00+00:00,1668256200,39,2022,Regular Season - 16,50,Manchester City,55,Brentford,1,2,FT,P. Bankes,Etihad Stadium,Manchester,1,1,A,3,-1,11,5,1,16,50.0,1.0,89.0,LDWWW,55.0,9.0,59.0,WWWLW,3,1,1,10,4,0,1,12
868102,2022-11-12 15:00:00+00:00,1668265200,39,2022,Regular Season - 16,65,Nottingham Forest,52,Crystal Palace,1,0,FT,J. Brooks,The City Ground,"Nottingham, Nottinghamshire",0,0,H,1,1,11,5,1,16,65.0,16.0,38.0,DWDWL,52.0,11.0,45.0,DDWLW,2,2,1,8,2,2,1,8
868103,2022-11-12 15:00:00+00:00,1668265200,39,2022,Regular Season - 16,47,Tottenham,63,Leeds,4,3,FT,M. Salisbury,Tottenham Hotspur Stadium,London,1,2,H,7,1,11,5,1,16,47.0,8.0,60.0,WLLWL,63.0,19.0,31.0,LLDLL,2,0,3,6,0,1,4,1
868104,2022-11-12 15:00:00+00:00,1668265200,39,2022,Regular Season - 16,48,West Ham,46,Leicester,0,2,FT,J. Gillett,London Stadium,London,0,1,A,2,-2,11,5,1,16,48.0,14.0,40.0,LWLWL,46.0,18.0,34.0,WDLLD,2,0,3,6,1,2,2,5
868096,2022-11-12 15:00:00+00:00,1668265200,39,2022,Regular Season - 16,35,Bournemouth,45,Everton,3,0,FT,C. Pawson,Vitality Stadium,"Bournemouth, Dorset",2,0,H,3,3,11,5,1,16,35.0,15.0,39.0,LLLLW,45.0,17.0,36.0,WDLWD,1,0,4,3,2,2,1,8
868099,2022-11-12 15:00:00+00:00,1668265200,39,2022,Regular Season - 16,40,Liverpool,41,Southampton,3,1,FT,S. Hooper,Anfield,Liverpool,3,1,H,4,2,11,5,1,16,40.0,5.0,67.0,DDWWW,41.0,20.0,25.0,DLLLL,3,2,0,11,0,1,4,1
868101,2022-11-12 17:30:00+00:00,1668274200,39,2022,Regular Season - 16,34,Newcastle,49,Chelsea,1,0,FT,R. Jones,St. James' Park,Newcastle upon Tyne,0,0,H,1,1,11,5,1,16,34.0,4.0,71.0,DDWDL,49.0,12.0,44.0,DLLDW,1,3,1,6,1,2,2,5
868105,2022-11-12 19:45:00+00:00,1668282300,39,2022,Regular Season - 16,39,Wolves,42,Arsenal,0,2,FT,S. Attwell,Molineux Stadium,"Wolverhampton, West Midlands",0,0,A,2,-2,11,5,1,16,39.0,13.0,41.0,LDLWL,42.0,2.0,84.0,WLLWW,1,1,3,4,3,0,2,9
868097,2022-11-13 14:00:00+00:00,1668348000,39,2022,Regular Season - 16,51,Brighton,66,Aston Villa,1,2,FT,C. Kavanagh,The American Express Community Stadium,"Falmer, East Sussex",1,1,A,3,-1,11,6,1,16,51.0,6.0,62.0,LDWLW,66.0,7.0,61.0,WDWLL,2,1,2,7,2,1,2,7
868098,2022-11-13 16:30:00+00:00,1668357000,39,2022,Regular Season - 16,36,Fulham,33,Manchester United,1,2,FT,P. Tierney,Craven Cottage,London,0,1,A,3,-1,11,6,1,16,36.0,10.0,52.0,LDWWL,33.0,3.0,75.0,WWWWL,2,1,2,7,4,0,1,12
868108,2022-12-26 12:30:00+00:00,1672057800,39,2022,Regular Season - 17,55,Brentford,47,Tottenham,2,2,FT,D. Coote,Gtech Community Stadium,"Brentford, Middlesex",1,0,D,4,0,12,0,0,17,55.0,9.0,59.0,WWWLW,47.0,8.0,60.0,WLLWL,4,0,1,12,2,0,3,6
868113,2022-12-26 15:00:00+00:00,1672066800,39,2022,Regular Season - 17,46,Leicester,34,Newcastle,0,3,FT,J. Gillett,King Power Stadium,"Leicester, Leicestershire",0,3,A,3,-3,12,0,0,17,46.0,18.0,34.0,WDLLD,34.0,4.0,71.0,DDWDL,1,2,2,5,1,3,1,6
868115,2022-12-26 15:00:00+00:00,1672066800,39,2022,Regular Season - 17,41,Southampton,51,Brighton,1,3,FT,R. Jones,St. Mary's Stadium,"Southampton, Hampshire",0,2,A,4,-2,12,0,0,17,41.0,20.0,25.0,DLLLL,51.0,6.0,62.0,LDWLW,0,1,4,1,2,1,2,7
868111,2022-12-26 15:00:00+00:00,1672066800,39,2022,Regular Season - 17,45,Everton,39,Wolves,1,2,FT,C. Pawson,Goodison Park,Liverpool,1,1,A,3,-1,12,0,0,17,45.0,17.0,36.0,WDLWD,39.0,13.0,41.0,LDLWL,2,2,1,8,1,1,3,4
868110,2022-12-26 15:00:00+00:00,1672066800,39,2022,Regular Season - 17,52,Crystal Palace,36,Fulham,0,3,FT,A. Madley,Selhurst Park,London,0,1,A,3,-3,12,0,0,17,52.0,11.0,45.0,DDWLW,36.0,10.0,52.0,LDWWL,2,2,1,8,2,1,2,7
868107,2022-12-26 17:30:00+00:00,1672075800,39,2022,Regular Season - 17,66,Aston Villa,40,Liverpool,1,3,FT,P. Tierney,Villa Park,Birmingham,0,2,A,4,-2,12,0,0,17,66.0,7.0,61.0,WDWLL,40.0,5.0,67.0,DDWWW,2,1,2,7,3,2,0,11
868106,2022-12-26 20:00:00+00:00,1672084800,39,2022,Regular Season - 17,42,Arsenal,48,West Ham,3,1,FT,M. Oliver,Emirates Stadium,London,0,1,H,4,2,12,0,0,17,42.0,2.0,84.0,WLLWW,48.0,14.0,40.0,LWLWL,3,0,2,9,2,0,3,6
868109,2022-12-27 17:30:00+00:00,1672162200,39,2022,Regular Season - 17,49,Chelsea,35,Bournemouth,2,0,FT,S. Hooper,Stamford Bridge,London,2,0,H,2,2,12,1,0,17,49.0,12.0,44.0,DLLDW,35.0,15.0,39.0,LLLLW,1,2,2,5,1,0,4,3
868114,2022-12-27 20:00:00+00:00,1672171200,39,2022,Regular Season - 17,33,Manchester United,65,Nottingham Forest,3,0,FT,A. Taylor,Old Trafford,Manchester,2,0,H,3,3,12,1,0,17,33.0,3.0,75.0,WWWWL,65.0,16.0,38.0,DWDWL,4,0,1,12,2,2,1,8
868112,2022-12-28 20:00:00+00:00,1672257600,39,2022,Regular Season - 17,63,Leeds,50,Manchester City,1,3,FT,S. Attwell,Elland Road,"Leeds, West Yorkshire",0,1,A,4,-2,12,2,0,17,63.0,19.0,31.0,LLDLL,50.0,1.0,89.0,LDWWW,0,1,4,1,3,1,1,10
868124,2022-12-30 19:45:00+00:00,1672429500,39,2022,Regular Season - 18,48,West Ham,55,Brentford,0,2,FT,D. England,London Stadium,London,0,2,A,2,-2,12,4,0,18,48.0,14.0,40.0,LWLWL,55.0,9.0,59.0,WWWLW,2,0,3,6,4,0,1,12
868119,2022-12-30 20:00:00+00:00,1672430400,39,2022,Regular Season - 18,40,Liverpool,46,Leicester,2,1,FT,C. Pawson,Anfield,Liverpool,2,1,H,3,1,12,4,0,18,40.0,5.0,67.0,DDWWW,46.0,18.0,34.0,WDLLD,3,2,0,11,1,2,2,5
868125,2022-12-31 12:30:00+00:00,1672489800,39,2022,Regular Season - 18,39,Wolves,33,Manchester United,0,1,FT,R. Jones,Molineux Stadium,"Wolverhampton, West Midlands",0,0,A,1,-1,12,5,1,18,39.0,13.0,41.0,LDLWL,33.0,3.0,75.0,WWWWL,1,1,3,4,4,0,1,12
868116,2022-12-31 15:00:00+00:00,1672498800,39,2022,Regular Season - 18,35,Bournemouth,52,Crystal Palace,0,2,FT,A. Marriner,Vitality Stadium,"Bournemouth, Dorset",0,2,A,2,-2,12,5,1,18,35.0,15.0,39.0,LLLLW,52.0,11.0,45.0,DDWLW,1,0,4,3,2,2,1,8
868118,2022-12-31 15:00:00+00:00,1672498800,39,2022,Regular Season - 18,36,Fulham,41,Southampton,2,1,FT,G. Scott,Craven Cottage,London,1,0,H,3,1,12,5,1,18,36.0,10.0,52.0,LDWWL,41.0,20.0,25.0,DLLLL,2,1,2,7,0,1,4,1
868121,2022-12-31 15:00:00+00:00,1672498800,39,2022,Regular Season - 18,34,Newcastle,63,Leeds,0,0,FT,S. Hooper,St. James' Park,Newcastle upon Tyne,0,0,D,0,0,12,5,1,18,34.0,4.0,71.0,DDWDL,63.0,19.0,31.0,LLDLL,1,3,1,6,0,1,4,1
868120,2022-12-31 15:00:00+00:00,1672498800,39,2022,Regular Season - 18,50,Manchester City,45,Everton,1,1,FT,A. Madley,Etihad Stadium,Manchester,1,0,D,2,0,12,5,1,18,50.0,1.0,89.0,LDWWW,45.0,17.0,36.0,WDLWD,3,1,1,10,2,2,1,8
868117,2022-12-31 17:30:00+00:00,1672507800,39,2022,Regular Season - 18,51,Brighton,42,Arsenal,2,4,FT,A. Taylor,The American Express Community Stadium,"Falmer, East Sussex",0,2,A,6,-2,12,5,1,18,51.0,6.0,62.0,LDWLW,42.0,2.0,84.0,WLLWW,2,1,2,7,3,0,2,9
868123,2023-01-01 14:00:00+00:00,1672581600,39,2022,Regular Season - 18,47,Tottenham,66,Aston Villa,0,2,FT,J. Brooks,Tottenham Hotspur Stadium,London,0,0,A,2,-2,1,6,1,18,47.0,8.0,60.0,WLLWL,66.0,7.0,61.0,WDWLL,2,0,3,6,2,1,2,7
868122,2023-01-01 16:30:00+00:00,1672590600,39,2022,Regular Season - 18,65,Nottingham Forest,49,Chelsea,1,1,FT,P. Bankes,The City Ground,"Nottingham, Nottinghamshire",0,1,D,2,0,1,6,1,18,65.0,16.0,38.0,DWDWL,49.0,12.0,44.0,DLLDW,2,2,1,8,1,2,2,5
868128,2023-01-02 17:30:00+00:00,1672680600,39,2022,Regular Season - 19,55,Brentford,40,Liverpool,3,1,FT,S. Attwell,Gtech Community Stadium,"Brentford, Middlesex",2,0,H,4,2,1,0,0,19,55.0,9.0,59.0,WWWLW,40.0,5.0,67.0,DDWWW,4,0,1,12,3,2,0,11
868126,2023-01-03 19:45:00+00:00,1672775100,39,2022,Regular Season - 19,42,Arsenal,34,Newcastle,0,0,FT,A. Madley,Emirates Stadium,London,0,0,D,0,0,1,1,0,19,42.0,2.0,84.0,WLLWW,34.0,4.0,71.0,DDWDL,3,0,2,9,1,3,1,6
868131,2023-01-03 19:45:00+00:00,1672775100,39,2022,Regular Season - 19,45,Everton,51,Brighton,1,4,FT,A. Marriner,Goodison Park,Liverpool,0,1,A,5,-3,1,1,0,19,45.0,17.0,36.0,WDLWD,51.0,6.0,62.0,LDWLW,2,2,1,8,2,1,2,7
868133,2023-01-03 19:45:00+00:00,1672775100,39,2022,Regular Season - 19,46,Leicester,36,Fulham,0,1,FT,D. Bond,King Power Stadium,"Leicester, Leicestershire",0,1,A,1,-1,1,1,0,19,46.0,18.0,34.0,WDLLD,36.0,10.0,52.0,LDWWL,1,2,2,5,2,1,2,7
868134,2023-01-03 20:00:00+00:00,1672776000,39,2022,Regular Season - 19,33,Manchester United,35,Bournemouth,3,0,FT,M. Salisbury,Old Trafford,Manchester,1,0,H,3,3,1,1,0,19,33.0,3.0,75.0,WWWWL,35.0,15.0,39.0,LLLLW,4,0,1,12,1,0,4,3
868135,2023-01-04 19:30:00+00:00,1672860600,39,2022,Regular Season - 19,41,Southampton,65,Nottingham Forest,0,1,FT,T. Bramall,St. Mary's Stadium,"Southampton, Hampshire",0,1,A,1,-1,1,2,0,19,41.0,20.0,25.0,DLLLL,65.0,16.0,38.0,DWDWL,0,1,4,1,2,2,1,8
868132,2023-01-04 19:45:00+00:00,1672861500,39,2022,Regular Season - 19,63,Leeds,48,West Ham,2,2,FT,D. Coote,Elland Road,"Leeds, West Yorkshire",1,1,D,4,0,1,2,0,19,63.0,19.0,31.0,LLDLL,48.0,14.0,40.0,LWLWL,0,1,4,1,2,0,3,6
868127,2023-01-04 20:00:00+00:00,1672862400,39,2022,Regular Season - 19,66,Aston Villa,39,Wolves,1,1,FT,J. Gillett,Villa Park,Birmingham,0,1,D,2,0,1,2,0,19,66.0,7.0,61.0,WDWLL,39.0,13.0,41.0,LDLWL,2,1,2,7,1,1,3,4
868130,2023-01-04 20:00:00+00:00,1672862400,39,2022,Regular Season - 19,52,Crystal Palace,47,Tottenham,0,4,FT,M. Oliver,Selhurst Park,London,0,0,A,4,-4,1,2,0,19,52.0,11.0,45.0,DDWLW,47.0,8.0,60.0,WLLWL,2,2,1,8,2,0,3,6
868129,2023-01-05 20:00:00+00:00,1672948800,39,2022,Regular Season - 19,49,Chelsea,50,Manchester City,0,1,FT,P. Tierney,Stamford Bridge,London,0,0,A,1,-1,1,3,0,19,49.0,12.0,44.0,DLLDW,50.0,1.0,89.0,LDWWW,1,2,2,5,3,1,1,10
868009,2023-01-12 20:00:00+00:00,1673553600,39,2022,Regular Season - 7,36,Fulham,49,Chelsea,2,1,FT,D. Coote,Craven Cottage,London,1,0,H,3,1,1,3,0,7,36.0,10.0,52.0,LDWWL,49.0,12.0,44.0,DLLDW,2,1,2,7,1,2,2,5
868136,2023-01-13 20:00:00+00:00,1673640000,39,2022,Regular Season - 20,66,Aston Villa,63,Leeds,2,1,FT,M. Oliver,Villa Park,Birmingham,1,0,H,3,1,1,4,0,20,66.0,7.0,61.0,WDWLL,63.0,19.0,31.0,LLDLL,2,1,2,7,0,1,4,1
868141,2023-01-14 12:30:00+00:00,1673699400,39,2022,Regular Season - 20,33,Manchester United,50,Manchester City,2,1,FT,S. Attwell,Old Trafford,Manchester,0,0,H,3,1,1,5,1,20,33.0,3.0,75.0,WWWWL,50.0,1.0,89.0,LDWWW,4,0,1,12,3,1,1,10
868145,2023-01-14 15:00:00+00:00,1673708400,39,2022,Regular Season - 20,39,Wolves,48,West Ham,1,0,FT,S. Hooper,Molineux Stadium,"Wolverhampton, West Midlands",0,0,H,1,1,1,5,1,20,39.0,13.0,41.0,LDLWL,48.0,14.0,40.0,LWLWL,1,1,3,4,2,0,3,6
868140,2023-01-14 15:00:00+00:00,1673708400,39,2022,Regular Season - 20,45,Everton,41,Southampton,1,2,FT,J. Brooks,Goodison Park,Liverpool,1,0,A,3,-1,1,5,1,20,45.0,17.0,36.0,WDLWD,41.0,20.0,25.0,DLLLL,2,2,1,8,0,1,4,1
868138,2023-01-14 15:00:00+00:00,1673708400,39,2022,Regular Season - 20,51,Brighton,40,Liverpool,3,0,FT,D. England,The American Express Community Stadium,"Falmer, East Sussex",0,0,H,3,3,1,5,1,20,51.0,6.0,62.0,LDWLW,40.0,5.0,67.0,DDWWW,2,1,2,7,3,2,0,11
868143,2023-01-14 15:00:00+00:00,1673708400,39,2022,Regular Season - 20,65,Nottingham Forest,46,Leicester,2,0,FT,P. Tierney,The City Ground,"Nottingham, Nottinghamshire",0,0,H,2,2,1,5,1,20,65.0,16.0,38.0,DWDWL,46.0,18.0,34.0,WDLLD,2,2,1,8,1,2,2,5
868137,2023-01-14 17:30:00+00:00,1673717400,39,2022,Regular Season - 20,55,Brentford,35,Bournemouth,2,0,FT,J. Gillett,Gtech Community Stadium,"Brentford, Middlesex",1,0,H,2,2,1,5,1,20,55.0,9.0,59.0,WWWLW,35.0,15.0,39.0,LLLLW,4,0,1,12,1,0,4,3
868139,2023-01-15 14:00:00+00:00,1673791200,39,2022,Regular Season - 20,49,Chelsea,52,Crystal Palace,1,0,FT,P. Bankes,Stamford Bridge,London,0,0,H,1,1,1,6,1,20,49.0,12.0,44.0,DLLDW,52.0,11.0,45.0,DDWLW,1,2,2,5,2,2,1,8
868142,2023-01-15 14:00:00+00:00,1673791200,39,2022,Regular Season - 20,34,Newcastle,36,Fulham,1,0,FT,R. Jones,St. James' Park,Newcastle upon Tyne,0,0,H,1,1,1,6,1,20,34.0,4.0,71.0,DDWDL,36.0,10.0,52.0,LDWWL,1,3,1,6,2,1,2,7
868144,2023-01-15 16:30:00+00:00,1673800200,39,2022,Regular Season - 20,47,Tottenham,42,Arsenal,0,2,FT,C. Pawson,Tottenham Hotspur Stadium,London,0,2,A,2,-2,1,6,1,20,47.0,8.0,60.0,WLLWL,42.0,2.0,84.0,WLLWW,2,0,3,6,3,0,2,9
868008,2023-01-18 20:00:00+00:00,1674072000,39,2022,Regular Season - 7,52,Crystal Palace,33,Manchester United,1,1,FT,R. Jones,Selhurst Park,London,0,1,D,2,0,1,2,0,7,52.0,11.0,45.0,DDWLW,33.0,3.0,75.0,WWWWL,2,2,1,8,4,0,1,12
868013,2023-01-19 20:00:00+00:00,1674158400,39,2022,Regular Season - 7,50,Manchester City,47,Tottenham,4,2,FT,S. Hooper,Etihad Stadium,Manchester,0,2,H,6,2,1,3,0,7,50.0,1.0,89.0,LDWWW,47.0,8.0,60.0,WLLWL,3,1,1,10,2,0,3,6
868152,2023-01-21 12:30:00+00:00,1674304200,39,2022,Regular Season - 21,40,Liverpool,49,Chelsea,0,0,FT,M. Oliver,Anfield,Liverpool,0,0,D,0,0,1,5,1,21,40.0,5.0,67.0,DDWWW,49.0,12.0,44.0,DLLDW,3,2,0,11,1,2,2,5
868146,2023-01-21 15:00:00+00:00,1674313200,39,2022,Regular Season - 21,35,Bournemouth,65,Nottingham Forest,1,1,FT,A. Madley,Vitality Stadium,"Bournemouth, Dorset",1,0,D,2,0,1,5,1,21,35.0,15.0,39.0,LLLLW,65.0,16.0,38.0,DWDWL,1,0,4,3,2,2,1,8
868154,2023-01-21 15:00:00+00:00,1674313200,39,2022,Regular Season - 21,41,Southampton,66,Aston Villa,0,1,FT,M. Salisbury,St. Mary's Stadium,"Southampton, Hampshire",0,0,A,1,-1,1,5,1,21,41.0,20.0,25.0,DLLLL,66.0,7.0,61.0,WDWLL,0,1,4,1,2,1,2,7
868151,2023-01-21 15:00:00+00:00,1674313200,39,2022,Regular Season - 21,46,Leicester,51,Brighton,2,2,FT,T. Bramall,King Power Stadium,"Leicester, Leicestershire",1,1,D,4,0,1,5,1,21,46.0,18.0,34.0,WDLLD,51.0,6.0,62.0,LDWLW,1,2,2,5,2,1,2,7
868155,2023-01-21 15:00:00+00:00,1674313200,39,2022,Regular Season - 21,48,West Ham,45,Everton,2,0,FT,S. Attwell,London Stadium,London,2,0,H,2,2,1,5,1,21,48.0,14.0,40.0,LWLWL,45.0,17.0,36.0,WDLWD,2,0,3,6,2,2,1,8
868148,2023-01-21 17:30:00+00:00,1674322200,39,2022,Regular Season - 21,52,Crystal Palace,34,Newcastle,0,0,FT,C. Pawson,Selhurst Park,London,0,0,D,0,0,1,5,1,21,52.0,11.0,45.0,DDWLW,34.0,4.0,71.0,DDWDL,2,2,1,8,1,3,1,6
868153,2023-01-22 14:00:00+00:00,1674396000,39,2022,Regular Season - 21,50,Manchester City,39,Wolves,3,0,FT,D. Coote,Etihad Stadium,Manchester,1,0,H,3,3,1,6,1,21,50.0,1.0,89.0,LDWWW,39.0,13.0,41.0,LDLWL,3,1,1,10,1,1,3,4
868150,2023-01-22 14:00:00+00:00,1674396000,39,2022,Regular Season - 21,63,Leeds,55,Brentford,0,0,FT,P. Bankes,Elland Road,"Leeds, West Yorkshire",0,0,D,0,0,1,6,1,21,63.0,19.0,31.0,LLDLL,55.0,9.0,59.0,WWWLW,0,1,4,1,4,0,1,12
868147,2023-01-22 16:30:00+00:00,1674405000,39,2022,Regular Season - 21,42,Arsenal,33,Manchester United,3,2,FT,A. Taylor,Emirates Stadium,London,1,1,H,5,1,1,6,1,21,42.0,2.0,84.0,WLLWW,33.0,3.0,75.0,WWWWL,3,0,2,9,4,0,1,12
868149,2023-01-23 20:00:00+00:00,1674504000,39,2022,Regular Season - 21,36,Fulham,47,Tottenham,0,1,FT,P. Tierney,Craven Cottage,London,0,1,A,1,-1,1,0,0,21,36.0,10.0,52.0,LDWWL,47.0,8.0,60.0,WLLWL,2,1,2,7,2,0,3,6
868159,2023-02-03 20:00:00+00:00,1675454400,39,2022,Regular Season - 22,49,Chelsea,36,Fulham,0,0,FT,S. Attwell,Stamford Bridge,London,0,0,D,0,0,2,4,0,22,49.0,12.0,44.0,DLLDW,36.0,10.0,52.0,LDWWL,1,2,2,5,2,1,2,7
868160,2023-02-04 12:30:00+00:00,1675513800,39,2022,Regular Season - 22,45,Everton,42,Arsenal,1,0,FT,D. Coote,Goodison Park,Liverpool,0,0,H,1,1,2,5,1,22,45.0,17.0,36.0,WDLWD,42.0,2.0,84.0,WLLWW,2,2,1,8,3,0,2,9
868156,2023-02-04 15:00:00+00:00,1675522800,39,2022,Regular Season - 22,66,Aston Villa,46,Leicester,2,4,FT,D. England,Villa Park,Birmingham,2,3,A,6,-2,2,5,1,22,66.0,7.0,61.0,WDWLL,46.0,18.0,34.0,WDLLD,2,1,2,7,1,2,2,5
868157,2023-02-04 15:00:00+00:00,1675522800,39,2022,Regular Season - 22,55,Brentford,41,Southampton,3,0,FT,D. Bond,Gtech Community Stadium,"Brentford, Middlesex",2,0,H,3,3,2,5,1,22,55.0,9.0,59.0,WWWLW,41.0,20.0,25.0,DLLLL,4,0,1,12,0,1,4,1
868161,2023-02-04 15:00:00+00:00,1675522800,39,2022,Regular Season - 22,33,Manchester United,52,Crystal Palace,2,1,FT,A. Marriner,Old Trafford,Manchester,1,0,H,3,1,2,5,1,22,33.0,3.0,75.0,WWWWL,52.0,11.0,45.0,DDWLW,4,0,1,12,2,2,1,8
868165,2023-02-04 15:00:00+00:00,1675522800,39,2022,Regular Season - 22,39,Wolves,40,Liverpool,3,0,FT,P. Tierney,Molineux Stadium,"Wolverhampton, West Midlands",2,0,H,3,3,2,5,1,22,39.0,13.0,41.0,LDLWL,40.0,5.0,67.0,DDWWW,1,1,3,4,3,2,0,11
868158,2023-02-04 15:00:00+00:00,1675522800,39,2022,Regular Season - 22,51,Brighton,35,Bournemouth,1,0,FT,C. Pawson,The American Express Community Stadium,"Falmer, East Sussex",0,0,H,1,1,2,5,1,22,51.0,6.0,62.0,LDWLW,35.0,15.0,39.0,LLLLW,2,1,2,7,1,0,4,3
868162,2023-02-04 17:30:00+00:00,1675531800,39,2022,Regular Season - 22,34,Newcastle,48,West Ham,1,1,FT,P. Bankes,St. James' Park,Newcastle upon Tyne,1,1,D,2,0,2,5,1,22,34.0,4.0,71.0,DDWDL,48.0,14.0,40.0,LWLWL,1,3,1,6,2,0,3,6
868163,2023-02-05 14:00:00+00:00,1675605600,39,2022,Regular Season - 22,65,Nottingham Forest,63,Leeds,1,0,FT,R. Jones,The City Ground,"Nottingham, Nottinghamshire",1,0,H,1,1,2,6,1,22,65.0,16.0,38.0,DWDWL,63.0,19.0,31.0,LLDLL,2,2,1,8,0,1,4,1
868164,2023-02-05 16:30:00+00:00,1675614600,39,2022,Regular Season - 22,47,Tottenham,50,Manchester City,1,0,FT,A. Madley,Tottenham Hotspur Stadium,London,1,0,H,1,1,2,6,1,22,47.0,8.0,60.0,WLLWL,50.0,1.0,89.0,LDWWW,2,0,3,6,3,1,1,10
868021,2023-02-08 20:00:00+00:00,1675886400,39,2022,Regular Season - 8,33,Manchester United,63,Leeds,2,2,FT,S. Hooper,Old Trafford,Manchester,0,1,D,4,0,2,2,0,8,33.0,3.0,75.0,WWWWL,63.0,19.0,31.0,LLDLL,4,0,1,12,0,1,4,1
868175,2023-02-11 12:30:00+00:00,1676118600,39,2022,Regular Season - 23,48,West Ham,49,Chelsea,1,1,FT,C. Pawson,London Stadium,London,1,1,D,2,0,2,5,1,23,48.0,14.0,40.0,LWLWL,49.0,12.0,44.0,DLLDW,2,0,3,6,1,2,2,5
868168,2023-02-11 15:00:00+00:00,1676127600,39,2022,Regular Season - 23,52,Crystal Palace,51,Brighton,1,1,FT,M. Oliver,Selhurst Park,London,0,0,D,2,0,2,5,1,23,52.0,11.0,45.0,DDWLW,51.0,6.0,62.0,LDWLW,2,2,1,8,2,1,2,7
868171,2023-02-11 15:00:00+00:00,1676127600,39,2022,Regular Season - 23,46,Leicester,47,Tottenham,4,1,FT,M. Salisbury,King Power Stadium,"Leicester, Leicestershire",3,1,H,5,3,2,5,1,23,46.0,18.0,34.0,WDLLD,47.0,8.0,60.0,WLLWL,1,2,2,5,2,0,3,6
868167,2023-02-11 15:00:00+00:00,1676127600,39,2022,Regular Season - 23,42,Arsenal,55,Brentford,1,1,FT,P. Bankes,Emirates Stadium,London,0,0,D,2,0,2,5,1,23,42.0,2.0,84.0,WLLWW,55.0,9.0,59.0,WWWLW,3,0,2,9,4,0,1,12
868174,2023-02-11 15:00:00+00:00,1676127600,39,2022,Regular Season - 23,41,Southampton,39,Wolves,1,2,FT,J. Gillett,St. Mary's Stadium,"Southampton, Hampshire",1,0,A,3,-1,2,5,1,23,41.0,20.0,25.0,DLLLL,39.0,13.0,41.0,LDLWL,0,1,4,1,1,1,3,4
868169,2023-02-11 15:00:00+00:00,1676127600,39,2022,Regular Season - 23,36,Fulham,65,Nottingham Forest,2,0,FT,A. Madley,Craven Cottage,London,1,0,H,2,2,2,5,1,23,36.0,10.0,52.0,LDWWL,65.0,16.0,38.0,DWDWL,2,1,2,7,2,2,1,8
868166,2023-02-11 17:30:00+00:00,1676136600,39,2022,Regular Season - 23,35,Bournemouth,34,Newcastle,1,1,FT,S. Attwell,Vitality Stadium,"Bournemouth, Dorset",1,1,D,2,0,2,5,1,23,35.0,15.0,39.0,LLLLW,34.0,4.0,71.0,DDWDL,1,0,4,3,1,3,1,6
868170,2023-02-12 14:00:00+00:00,1676210400,39,2022,Regular Season - 23,63,Leeds,33,Manchester United,0,2,FT,P. Tierney,Elland Road,"Leeds, West Yorkshire",0,0,A,2,-2,2,6,1,23,63.0,19.0,31.0,LLDLL,33.0,3.0,75.0,WWWWL,0,1,4,1,4,0,1,12
868173,2023-02-12 16:30:00+00:00,1676219400,39,2022,Regular Season - 23,50,Manchester City,66,Aston Villa,3,1,FT,R. Jones,Etihad Stadium,Manchester,3,0,H,4,2,2,6,1,23,50.0,1.0,89.0,LDWWW,66.0,7.0,61.0,WDWLL,3,1,1,10,2,1,2,7
868172,2023-02-13 20:00:00+00:00,1676318400,39,2022,Regular Season - 23,40,Liverpool,45,Everton,2,0,FT,S. Hooper,Anfield,Liverpool,1,0,H,2,2,2,0,0,23,40.0,5.0,67.0,DDWWW,45.0,17.0,36.0,WDLWD,3,2,0,11,2,2,1,8
868057,2023-02-15 19:30:00+00:00,1676489400,39,2022,Regular Season - 12,42,Arsenal,50,Manchester City,1,3,FT,A. Taylor,Emirates Stadium,London,1,1,A,4,-2,2,2,0,12,42.0,2.0,84.0,WLLWW,50.0,1.0,89.0,LDWWW,3,0,2,9,3,1,1,10
868176,2023-02-18 12:30:00+00:00,1676723400,39,2022,Regular Season - 24,66,Aston Villa,42,Arsenal,2,4,FT,S. Hooper,Villa Park,Birmingham,2,1,A,6,-2,2,5,1,24,66.0,7.0,61.0,WDWLL,42.0,2.0,84.0,WLLWW,2,1,2,7,3,0,2,9
868183,2023-02-18 15:00:00+00:00,1676732400,39,2022,Regular Season - 24,65,Nottingham Forest,50,Manchester City,1,1,FT,G. Scott,The City Ground,"Nottingham, Nottinghamshire",0,1,D,2,0,2,5,1,24,65.0,16.0,38.0,DWDWL,50.0,1.0,89.0,LDWWW,2,2,1,8,3,1,1,10
868177,2023-02-18 15:00:00+00:00,1676732400,39,2022,Regular Season - 24,55,Brentford,52,Crystal Palace,1,1,FT,P. Tierney,Gtech Community Stadium,"Brentford, Middlesex",0,0,D,2,0,2,5,1,24,55.0,9.0,59.0,WWWLW,52.0,11.0,45.0,DDWLW,4,0,1,12,2,2,1,8
868178,2023-02-18 15:00:00+00:00,1676732400,39,2022,Regular Season - 24,51,Brighton,36,Fulham,0,1,FT,D. England,The American Express Community Stadium,"Falmer, East Sussex",0,0,A,1,-1,2,5,1,24,51.0,6.0,62.0,LDWLW,36.0,10.0,52.0,LDWWL,2,1,2,7,2,1,2,7
868180,2023-02-18 15:00:00+00:00,1676732400,39,2022,Regular Season - 24,45,Everton,63,Leeds,1,0,FT,A. Madley,Goodison Park,Liverpool,0,0,H,1,1,2,5,1,24,45.0,17.0,36.0,WDLWD,63.0,19.0,31.0,LLDLL,2,2,1,8,0,1,4,1
868185,2023-02-18 15:00:00+00:00,1676732400,39,2022,Regular Season - 24,39,Wolves,35,Bournemouth,0,1,FT,M. Salisbury,Molineux Stadium,"Wolverhampton, West Midlands",0,0,A,1,-1,2,5,1,24,39.0,13.0,41.0,LDLWL,35.0,15.0,39.0,LLLLW,1,1,3,4,1,0,4,3
868179,2023-02-18 15:00:00+00:00,1676732400,39,2022,Regular Season - 24,49,Chelsea,41,Southampton,0,1,FT,D. Coote,Stamford Bridge,London,0,1,A,1,-1,2,5,1,24,49.0,12.0,44.0,DLLDW,41.0,20.0,25.0,DLLLL,1,2,2,5,0,1,4,1
868182,2023-02-18 17:30:00+00:00,1676741400,39,2022,Regular Season - 24,34,Newcastle,40,Liverpool,0,2,FT,A. Taylor,St. James' Park,Newcastle upon Tyne,0,2,A,2,-2,2,5,1,24,34.0,4.0,71.0,DDWDL,40.0,5.0,67.0,DDWWW,1,3,1,6,3,2,0,11
868181,2023-02-19 14:00:00+00:00,1676815200,39,2022,Regular Season - 24,33,Manchester United,46,Leicester,3,0,FT,S. Attwell,Old Trafford,Manchester,1,0,H,3,3,2,6,1,24,33.0,3.0,75.0,WWWWL,46.0,18.0,34.0,WDLLD,4,0,1,12,1,2,2,5
868184,2023-02-19 16:30:00+00:00,1676824200,39,2022,Regular Season - 24,47,Tottenham,48,West Ham,2,0,FT,M. Oliver,Tottenham Hotspur Stadium,London,0,0,H,2,2,2,6,1,24,47.0,8.0,60.0,WLLWL,48.0,14.0,40.0,LWLWL,2,0,3,6,2,0,3,6
868189,2023-02-24 20:00:00+00:00,1677268800,39,2022,Regular Season - 25,36,Fulham,39,Wolves,1,1,FT,M. Oliver,Craven Cottage,London,0,1,D,2,0,2,4,0,25,36.0,10.0,52.0,LDWWL,39.0,13.0,41.0,LDLWL,2,1,2,7,1,1,3,4
868190,2023-02-25 15:00:00+00:00,1677337200,39,2022,Regular Season - 25,63,Leeds,41,Southampton,1,0,FT,P. Bankes,Elland Road,"Leeds, West Yorkshire",0,0,H,1,1,2,5,1,25,63.0,19.0,31.0,LLDLL,41.0,20.0,25.0,DLLLL,0,1,4,1,0,1,4,1
868188,2023-02-25 15:00:00+00:00,1677337200,39,2022,Regular Season - 25,45,Everton,66,Aston Villa,0,2,FT,A. Taylor,Goodison Park,Liverpool,0,0,A,2,-2,2,5,1,25,45.0,17.0,36.0,WDLWD,66.0,7.0,61.0,WDWLL,2,2,1,8,2,1,2,7
868191,2023-02-25 15:00:00+00:00,1677337200,39,2022,Regular Season - 25,46,Leicester,42,Arsenal,0,1,FT,C. Pawson,King Power Stadium,"Leicester, Leicestershire",0,0,A,1,-1,2,5,1,25,46.0,18.0,34.0,WDLLD,42.0,2.0,84.0,WLLWW,1,2,2,5,3,0,2,9
868195,2023-02-25 15:00:00+00:00,1677337200,39,2022,Regular Season - 25,48,West Ham,65,Nottingham Forest,4,0,FT,J. Gillett,London Stadium,London,0,0,H,4,4,2,5,1,25,48.0,14.0,40.0,LWLWL,65.0,16.0,38.0,DWDWL,2,0,3,6,2,2,1,8
868186,2023-02-25 17:30:00+00:00,1677346200,39,2022,Regular Season - 25,35,Bournemouth,50,Manchester City,1,4,FT,P. Tierney,Vitality Stadium,"Bournemouth, Dorset",0,3,A,5,-3,2,5,1,25,35.0,15.0,39.0,LLLLW,50.0,1.0,89.0,LDWWW,1,0,4,3,3,1,1,10
868187,2023-02-25 19:45:00+00:00,1677354300,39,2022,Regular Season - 25,52,Crystal Palace,40,Liverpool,0,0,FT,D. England,Selhurst Park,London,0,0,D,0,0,2,5,1,25,52.0,11.0,45.0,DDWLW,40.0,5.0,67.0,DDWWW,2,2,1,8,3,2,0,11
868194,2023-02-26 13:30:00+00:00,1677418200,39,2022,Regular Season - 25,47,Tottenham,49,Chelsea,2,0,FT,S. Attwell,Tottenham Hotspur Stadium,London,0,0,H,2,2,2,6,1,25,47.0,8.0,60.0,WLLWL,49.0,12.0,44.0,DLLDW,2,0,3,6,1,2,2,5
868007,2023-03-01 19:45:00+00:00,1677699900,39,2022,Regular Season - 7,42,Arsenal,45,Everton,4,0,FT,M. Oliver,Emirates Stadium,London,2,0,H,4,4,3,2,0,7,42.0,2.0,84.0,WLLWW,45.0,17.0,36.0,WDLWD,3,0,2,9,2,2,1,8
868012,2023-03-01 20:00:00+00:00,1677700800,39,2022,Regular Season - 7,40,Liverpool,39,Wolves,2,0,FT,P. Tierney,Anfield,Liverpool,0,0,H,2,2,3,2,0,7,40.0,5.0,67.0,DDWWW,39.0,13.0,41.0,LDLWL,3,2,0,11,1,1,3,4
868202,2023-03-04 12:30:00+00:00,1677933000,39,2022,Regular Season - 26,50,Manchester City,34,Newcastle,2,0,FT,S. Hooper,Etihad Stadium,Manchester,1,0,H,2,2,3,5,1,26,50.0,1.0,89.0,LDWWW,34.0,4.0,71.0,DDWDL,3,1,1,10,1,3,1,6
868205,2023-03-04 15:00:00+00:00,1677942000,39,2022,Regular Season - 26,39,Wolves,47,Tottenham,1,0,FT,T. Robinson,Molineux Stadium,"Wolverhampton, West Midlands",0,0,H,1,1,3,5,1,26,39.0,13.0,41.0,LDLWL,47.0,8.0,60.0,WLLWL,1,1,3,4,2,0,3,6
868196,2023-03-04 15:00:00+00:00,1677942000,39,2022,Regular Season - 26,42,Arsenal,35,Bournemouth,3,2,FT,C. Kavanagh,Emirates Stadium,London,0,1,H,5,1,3,5,1,26,42.0,2.0,84.0,WLLWW,35.0,15.0,39.0,LLLLW,3,0,2,9,1,0,4,3
868200,2023-03-04 15:00:00+00:00,1677942000,39,2022,Regular Season - 26,49,Chelsea,63,Leeds,1,0,FT,M. Oliver,Stamford Bridge,London,0,0,H,1,1,3,5,1,26,49.0,12.0,44.0,DLLDW,63.0,19.0,31.0,LLDLL,1,2,2,5,0,1,4,1
868199,2023-03-04 15:00:00+00:00,1677942000,39,2022,Regular Season - 26,51,Brighton,48,West Ham,4,0,FT,S. Attwell,The American Express Community Stadium,"Falmer, East Sussex",1,0,H,4,4,3,5,1,26,51.0,6.0,62.0,LDWLW,48.0,14.0,40.0,LWLWL,2,1,2,7,2,0,3,6
868197,2023-03-04 15:00:00+00:00,1677942000,39,2022,Regular Season - 26,66,Aston Villa,52,Crystal Palace,1,0,FT,C. Pawson,Villa Park,Birmingham,1,0,H,1,1,3,5,1,26,66.0,7.0,61.0,WDWLL,52.0,11.0,45.0,DDWLW,2,1,2,7,2,2,1,8
868204,2023-03-04 17:30:00+00:00,1677951000,39,2022,Regular Season - 26,41,Southampton,46,Leicester,1,0,FT,R. Jones,St. Mary's Stadium,"Southampton, Hampshire",1,0,H,1,1,3,5,1,26,41.0,20.0,25.0,DLLLL,46.0,18.0,34.0,WDLLD,0,1,4,1,1,2,2,5
868203,2023-03-05 14:00:00+00:00,1678024800,39,2022,Regular Season - 26,65,Nottingham Forest,45,Everton,2,2,FT,J. Brooks,The City Ground,"Nottingham, Nottinghamshire",1,2,D,4,0,3,6,1,26,65.0,16.0,38.0,DWDWL,45.0,17.0,36.0,WDLWD,2,2,1,8,2,2,1,8
868201,2023-03-05 16:30:00+00:00,1678033800,39,2022,Regular Season - 26,40,Liverpool,33,Manchester United,7,0,FT,A. Madley,Anfield,Liverpool,1,0,H,7,7,3,6,1,26,40.0,5.0,67.0,DDWWW,33.0,3.0,75.0,WWWWL,3,2,0,11,4,0,1,12
868198,2023-03-06 20:00:00+00:00,1678132800,39,2022,Regular Season - 26,55,Brentford,36,Fulham,3,2,FT,A. Taylor,Gtech Community Stadium,"Brentford, Middlesex",1,1,H,5,1,3,0,0,26,55.0,9.0,59.0,WWWLW,36.0,10.0,52.0,LDWWL,4,0,1,12,2,1,2,7
868206,2023-03-11 12:30:00+00:00,1678537800,39,2022,Regular Season - 27,35,Bournemouth,40,Liverpool,1,0,FT,J. Brooks,Vitality Stadium,"Bournemouth, Dorset",1,0,H,1,1,3,5,1,27,35.0,15.0,39.0,LLLLW,40.0,5.0,67.0,DDWWW,1,0,4,3,3,2,0,11
868208,2023-03-11 15:00:00+00:00,1678546800,39,2022,Regular Season - 27,45,Everton,55,Brentford,1,0,FT,S. Hooper,Goodison Park,Liverpool,1,0,H,1,1,3,5,1,27,45.0,17.0,36.0,WDLWD,55.0,9.0,59.0,WWWLW,2,2,1,8,4,0,1,12
868211,2023-03-11 15:00:00+00:00,1678546800,39,2022,Regular Season - 27,46,Leicester,49,Chelsea,1,3,FT,A. Marriner,King Power Stadium,"Leicester, Leicestershire",1,2,A,4,-2,3,5,1,27,46.0,18.0,34.0,WDLLD,49.0,12.0,44.0,DLLDW,1,2,2,5,1,2,2,5
868214,2023-03-11 15:00:00+00:00,1678546800,39,2022,Regular Season - 27,47,Tottenham,65,Nottingham Forest,3,1,FT,C. Pawson,Tottenham Hotspur Stadium,London,2,0,H,4,2,3,5,1,27,47.0,8.0,60.0,WLLWL,65.0,16.0,38.0,DWDWL,2,0,3,6,2,2,1,8
868210,2023-03-11 15:00:00+00:00,1678546800,39,2022,Regular Season - 27,63,Leeds,51,Brighton,2,2,FT,P. Tierney,Elland Road,"Leeds, West Yorkshire",1,1,D,4,0,3,5,1,27,63.0,19.0,31.0,LLDLL,51.0,6.0,62.0,LDWLW,0,1,4,1,2,1,2,7
868207,2023-03-11 17:30:00+00:00,1678555800,39,2022,Regular Season - 27,52,Crystal Palace,50,Manchester City,0,1,FT,R. Jones,Selhurst Park,London,0,0,A,1,-1,3,5,1,27,52.0,11.0,45.0,DDWLW,50.0,1.0,89.0,LDWWW,2,2,1,8,3,1,1,10
868212,2023-03-12 14:00:00+00:00,1678629600,39,2022,Regular Season - 27,33,Manchester United,41,Southampton,0,0,FT,A. Taylor,Old Trafford,Manchester,0,0,D,0,0,3,6,1,27,33.0,3.0,75.0,WWWWL,41.0,20.0,25.0,DLLLL,4,0,1,12,0,1,4,1
868209,2023-03-12 14:00:00+00:00,1678629600,39,2022,Regular Season - 27,36,Fulham,42,Arsenal,0,3,FT,D. Coote,Craven Cottage,London,0,3,A,3,-3,3,6,1,27,36.0,10.0,52.0,LDWWL,42.0,2.0,84.0,WLLWW,2,1,2,7,3,0,2,9
868215,2023-03-12 14:00:00+00:00,1678629600,39,2022,Regular Season - 27,48,West Ham,66,Aston Villa,1,1,FT,C. Kavanagh,London Stadium,London,1,1,D,2,0,3,6,1,27,48.0,14.0,40.0,LWLWL,66.0,7.0,61.0,WDWLL,2,0,3,6,2,1,2,7
868213,2023-03-12 16:30:00+00:00,1678638600,39,2022,Regular Season - 27,34,Newcastle,39,Wolves,2,1,FT,A. Madley,St. James' Park,Newcastle upon Tyne,1,0,H,3,1,3,6,1,27,34.0,4.0,71.0,DDWDL,39.0,13.0,41.0,LDLWL,1,3,1,6,1,1,3,4
868018,2023-03-15 19:30:00+00:00,1678908600,39,2022,Regular Season - 8,51,Brighton,52,Crystal Palace,1,0,FT,P. Bankes,The American Express Community Stadium,"Falmer, East Sussex",1,0,H,1,1,3,2,0,8,51.0,6.0,62.0,LDWLW,52.0,11.0,45.0,DDWLW,2,1,2,7,2,2,1,8
868014,2023-03-15 19:30:00+00:00,1678908600,39,2022,Regular Season - 7,41,Southampton,55,Brentford,0,2,FT,M. Salisbury,St. Mary's Stadium,"Southampton, Hampshire",0,1,A,2,-2,3,2,0,7,41.0,20.0,25.0,DLLLL,55.0,9.0,59.0,WWWLW,0,1,4,1,4,0,1,12
868223,2023-03-17 20:00:00+00:00,1679083200,39,2022,Regular Season - 28,65,Nottingham Forest,34,Newcastle,1,2,FT,P. Tierney,The City Ground,"Nottingham, Nottinghamshire",1,1,A,3,-1,3,4,0,28,65.0,16.0,38.0,DWDWL,34.0,4.0,71.0,DDWDL,2,2,1,8,1,3,1,6
868225,2023-03-18 15:00:00+00:00,1679151600,39,2022,Regular Season - 28,39,Wolves,63,Leeds,2,4,FT,M. Salisbury,Molineux Stadium,"Wolverhampton, West Midlands",0,1,A,6,-2,3,5,1,28,39.0,13.0,41.0,LDLWL,63.0,19.0,31.0,LLDLL,1,1,3,4,0,1,4,1
868224,2023-03-18 15:00:00+00:00,1679151600,39,2022,Regular Season - 28,41,Southampton,47,Tottenham,3,3,FT,S. Hooper,St. Mary's Stadium,"Southampton, Hampshire",0,1,D,6,0,3,5,1,28,41.0,20.0,25.0,DLLLL,47.0,8.0,60.0,WLLWL,0,1,4,1,2,0,3,6
868218,2023-03-18 15:00:00+00:00,1679151600,39,2022,Regular Season - 28,55,Brentford,46,Leicester,1,1,FT,D. Bond,Gtech Community Stadium,"Brentford, Middlesex",1,0,D,2,0,3,5,1,28,55.0,9.0,59.0,WWWLW,46.0,18.0,34.0,WDLLD,4,0,1,12,1,2,2,5
868217,2023-03-18 15:00:00+00:00,1679151600,39,2022,Regular Season - 28,66,Aston Villa,35,Bournemouth,3,0,FT,R. Jones,Villa Park,Birmingham,1,0,H,3,3,3,5,1,28,66.0,7.0,61.0,WDWLL,35.0,15.0,39.0,LLLLW,2,1,2,7,1,0,4,3
868220,2023-03-18 17:30:00+00:00,1679160600,39,2022,Regular Season - 28,49,Chelsea,45,Everton,2,2,FT,D. England,Stamford Bridge,London,0,0,D,4,0,3,5,1,28,49.0,12.0,44.0,DLLDW,45.0,17.0,36.0,WDLWD,1,2,2,5,2,2,1,8
868216,2023-03-19 14:00:00+00:00,1679234400,39,2022,Regular Season - 28,42,Arsenal,52,Crystal Palace,4,1,FT,S. Attwell,Emirates Stadium,London,2,0,H,5,3,3,6,1,28,42.0,2.0,84.0,WLLWW,52.0,11.0,45.0,DDWLW,3,0,2,9,2,2,1,8
868232,2023-04-01 11:30:00+00:00,1680348600,39,2022,Regular Season - 29,50,Manchester City,40,Liverpool,4,1,FT,S. Hooper,Etihad Stadium,Manchester,1,1,H,5,3,4,5,1,29,50.0,1.0,89.0,LDWWW,40.0,5.0,67.0,DDWWW,3,1,1,10,3,2,0,11
868234,2023-04-01 14:00:00+00:00,1680357600,39,2022,Regular Season - 29,65,Nottingham Forest,39,Wolves,1,1,FT,C. Kavanagh,The City Ground,"Nottingham, Nottinghamshire",1,0,D,2,0,4,5,1,29,65.0,16.0,38.0,DWDWL,39.0,13.0,41.0,LDLWL,2,2,1,8,1,1,3,4
868230,2023-04-01 14:00:00+00:00,1680357600,39,2022,Regular Season - 29,52,Crystal Palace,46,Leicester,2,1,FT,T. Robinson,Selhurst Park,London,0,0,H,3,1,4,5,1,29,52.0,11.0,45.0,DDWLW,46.0,18.0,34.0,WDLLD,2,2,1,8,1,2,2,5
868228,2023-04-01 14:00:00+00:00,1680357600,39,2022,Regular Season - 29,51,Brighton,55,Brentford,3,3,FT,M. Oliver,The American Express Community Stadium,"Falmer, East Sussex",2,2,D,6,0,4,5,1,29,51.0,6.0,62.0,LDWLW,55.0,9.0,59.0,WWWLW,2,1,2,7,4,0,1,12
868227,2023-04-01 14:00:00+00:00,1680357600,39,2022,Regular Season - 29,42,Arsenal,63,Leeds,4,1,FT,D. England,Emirates Stadium,London,1,0,H,5,3,4,5,1,29,42.0,2.0,84.0,WLLWW,63.0,19.0,31.0,LLDLL,3,0,2,9,0,1,4,1
868226,2023-04-01 14:00:00+00:00,1680357600,39,2022,Regular Season - 29,35,Bournemouth,36,Fulham,2,1,FT,P. Bankes,Vitality Stadium,"Bournemouth, Dorset",0,1,H,3,1,4,5,1,29,35.0,15.0,39.0,LLLLW,36.0,10.0,52.0,LDWWL,1,0,4,3,2,1,2,7
868229,2023-04-01 16:30:00+00:00,1680366600,39,2022,Regular Season - 29,49,Chelsea,66,Aston Villa,0,2,FT,A. Madley,Stamford Bridge,London,0,1,A,2,-2,4,5,1,29,49.0,12.0,44.0,DLLDW,66.0,7.0,61.0,WDWLL,1,2,2,5,2,1,2,7
868235,2023-04-02 13:00:00+00:00,1680440400,39,2022,Regular Season - 29,48,West Ham,41,Southampton,1,0,FT,P. Tierney,London Stadium,London,1,0,H,1,1,4,6,1,29,48.0,14.0,40.0,LWLWL,41.0,20.0,25.0,DLLLL,2,0,3,6,0,1,4,1
868233,2023-04-02 15:30:00+00:00,1680449400,39,2022,Regular Season - 29,34,Newcastle,33,Manchester United,2,0,FT,S. Attwell,St. James' Park,Newcastle upon Tyne,0,0,H,2,2,4,6,1,29,34.0,4.0,71.0,DDWDL,33.0,3.0,75.0,WWWWL,1,3,1,6,4,0,1,12
868231,2023-04-03 19:00:00+00:00,1680548400,39,2022,Regular Season - 29,45,Everton,47,Tottenham,1,1,FT,D. Coote,Goodison Park,Liverpool,0,0,D,2,0,4,0,0,29,45.0,17.0,36.0,WDLWD,47.0,8.0,60.0,WLLWL,2,2,1,8,2,0,3,6
868006,2023-04-04 18:45:00+00:00,1680633900,39,2022,Regular Season - 7,35,Bournemouth,51,Brighton,0,2,FT,D. Bond,Vitality Stadium,"Bournemouth, Dorset",0,1,A,2,-2,4,1,0,7,35.0,15.0,39.0,LLLLW,51.0,6.0,62.0,LDWLW,1,0,4,3,2,1,2,7
868011,2023-04-04 18:45:00+00:00,1680633900,39,2022,Regular Season - 7,46,Leicester,66,Aston Villa,1,2,FT,G. Scott,King Power Stadium,"Leicester, Leicestershire",1,1,A,3,-1,4,1,0,7,46.0,18.0,34.0,WDLLD,66.0,7.0,61.0,WDWLL,1,2,2,5,2,1,2,7
868010,2023-04-04 18:45:00+00:00,1680633900,39,2022,Regular Season - 7,63,Leeds,65,Nottingham Forest,2,1,FT,R. Jones,Elland Road,"Leeds, West Yorkshire",2,1,H,3,1,4,1,0,7,63.0,19.0,31.0,LLDLL,65.0,16.0,38.0,DWDWL,0,1,4,1,2,2,1,8
868019,2023-04-04 19:00:00+00:00,1680634800,39,2022,Regular Season - 8,49,Chelsea,40,Liverpool,0,0,FT,A. Taylor,Stamford Bridge,London,0,0,D,0,0,4,1,0,8,49.0,12.0,44.0,DLLDW,40.0,5.0,67.0,DDWWW,1,2,2,5,3,2,0,11
868015,2023-04-05 19:00:00+00:00,1680721200,39,2022,Regular Season - 7,48,West Ham,34,Newcastle,1,5,FT,C. Pawson,London Stadium,London,1,2,A,6,-4,4,2,0,7,48.0,14.0,40.0,LWLWL,34.0,4.0,71.0,DDWDL,2,0,3,6,1,3,1,6
868192,2023-04-05 19:00:00+00:00,1680721200,39,2022,Regular Season - 25,33,Manchester United,55,Brentford,1,0,FT,J. Brooks,Old Trafford,Manchester,1,0,H,1,1,4,2,0,25,33.0,3.0,75.0,WWWWL,55.0,9.0,59.0,WWWLW,4,0,1,12,4,0,1,12
868242,2023-04-08 11:30:00+00:00,1680953400,39,2022,Regular Season - 30,33,Manchester United,45,Everton,2,0,FT,M. Oliver,Old Trafford,Manchester,1,0,H,2,2,4,5,1,30,33.0,3.0,75.0,WWWWL,45.0,17.0,36.0,WDLWD,4,0,1,12,2,2,1,8
868238,2023-04-08 14:00:00+00:00,1680962400,39,2022,Regular Season - 30,36,Fulham,48,West Ham,0,1,FT,J. Gillett,Craven Cottage,London,0,1,A,1,-1,4,5,1,30,36.0,10.0,52.0,LDWWL,48.0,14.0,40.0,LWLWL,2,1,2,7,2,0,3,6
868245,2023-04-08 14:00:00+00:00,1680962400,39,2022,Regular Season - 30,39,Wolves,49,Chelsea,1,0,FT,P. Bankes,Molineux Stadium,"Wolverhampton, West Midlands",1,0,H,1,1,4,5,1,30,39.0,13.0,41.0,LDLWL,49.0,12.0,44.0,DLLDW,1,1,3,4,1,2,2,5
868240,2023-04-08 14:00:00+00:00,1680962400,39,2022,Regular Season - 30,46,Leicester,35,Bournemouth,0,1,FT,D. Coote,King Power Stadium,"Leicester, Leicestershire",0,1,A,1,-1,4,5,1,30,46.0,18.0,34.0,WDLLD,35.0,15.0,39.0,LLLLW,1,2,2,5,1,0,4,3
868244,2023-04-08 14:00:00+00:00,1680962400,39,2022,Regular Season - 30,47,Tottenham,51,Brighton,2,1,FT,S. Attwell,Tottenham Hotspur Stadium,London,1,1,H,3,1,4,5,1,30,47.0,8.0,60.0,WLLWL,51.0,6.0,62.0,LDWLW,2,0,3,6,2,1,2,7
868237,2023-04-08 14:00:00+00:00,1680962400,39,2022,Regular Season - 30,55,Brentford,34,Newcastle,1,2,FT,C. Kavanagh,Gtech Community Stadium,"Brentford, Middlesex",1,0,A,3,-1,4,5,1,30,55.0,9.0,59.0,WWWLW,34.0,4.0,71.0,DDWDL,4,0,1,12,1,3,1,6
868236,2023-04-08 14:00:00+00:00,1680962400,39,2022,Regular Season - 30,66,Aston Villa,65,Nottingham Forest,2,0,FT,A. Taylor,Villa Park,Birmingham,0,0,H,2,2,4,5,1,30,66.0,7.0,61.0,WDWLL,65.0,16.0,38.0,DWDWL,2,1,2,7,2,2,1,8
868243,2023-04-08 16:30:00+00:00,1680971400,39,2022,Regular Season - 30,41,Southampton,50,Manchester City,1,4,FT,R. Jones,St. Mary's Stadium,"Southampton, Hampshire",0,1,A,5,-3,4,5,1,30,41.0,20.0,25.0,DLLLL,50.0,1.0,89.0,LDWWW,0,1,4,1,3,1,1,10
868239,2023-04-09 13:00:00+00:00,1681045200,39,2022,Regular Season - 30,63,Leeds,52,Crystal Palace,1,5,FT,S. Hooper,Elland Road,"Leeds, West Yorkshire",1,1,A,6,-4,4,6,1,30,63.0,19.0,31.0,LLDLL,52.0,11.0,45.0,DDWLW,0,1,4,1,2,2,1,8
868241,2023-04-09 15:30:00+00:00,1681054200,39,2022,Regular Season - 30,40,Liverpool,42,Arsenal,2,2,FT,P. Tierney,Anfield,Liverpool,1,2,D,4,0,4,6,1,30,40.0,5.0,67.0,DDWWW,42.0,2.0,84.0,WLLWW,3,2,0,11,3,0,2,9
868246,2023-04-15 11:30:00+00:00,1681558200,39,2022,Regular Season - 31,66,Aston Villa,34,Newcastle,3,0,FT,J. Brooks,Villa Park,Birmingham,1,0,H,3,3,4,5,1,31,66.0,7.0,61.0,WDWLL,34.0,4.0,71.0,DDWDL,2,1,2,7,1,3,1,6
868247,2023-04-15 14:00:00+00:00,1681567200,39,2022,Regular Season - 31,49,Chelsea,51,Brighton,1,2,FT,R. Jones,Stamford Bridge,London,1,1,A,3,-1,4,5,1,31,49.0,12.0,44.0,DLLDW,51.0,6.0,62.0,LDWLW,1,2,2,5,2,1,2,7
868248,2023-04-15 14:00:00+00:00,1681567200,39,2022,Regular Season - 31,45,Everton,36,Fulham,1,3,FT,A. Taylor,Goodison Park,Liverpool,1,1,A,4,-2,4,5,1,31,45.0,17.0,36.0,WDLWD,36.0,10.0,52.0,LDWWL,2,2,1,8,2,1,2,7
868255,2023-04-15 14:00:00+00:00,1681567200,39,2022,Regular Season - 31,39,Wolves,55,Brentford,2,0,FT,P. Tierney,Molineux Stadium,"Wolverhampton, West Midlands",1,0,H,2,2,4,5,1,31,39.0,13.0,41.0,LDLWL,55.0,9.0,59.0,WWWLW,1,1,3,4,4,0,1,12
868252,2023-04-15 14:00:00+00:00,1681567200,39,2022,Regular Season - 31,41,Southampton,52,Crystal Palace,0,2,FT,M. Oliver,St. Mary's Stadium,"Southampton, Hampshire",0,0,A,2,-2,4,5,1,31,41.0,20.0,25.0,DLLLL,52.0,11.0,45.0,DDWLW,0,1,4,1,2,2,1,8
868253,2023-04-15 14:15:00+00:00,1681568100,39,2022,Regular Season - 31,47,Tottenham,35,Bournemouth,2,3,FT,A. Madley,Tottenham Hotspur Stadium,London,1,1,A,5,-1,4,5,1,31,47.0,8.0,60.0,WLLWL,35.0,15.0,39.0,LLLLW,2,0,3,6,1,0,4,3
868250,2023-04-15 16:30:00+00:00,1681576200,39,2022,Regular Season - 31,50,Manchester City,46,Leicester,3,1,FT,D. England,Etihad Stadium,Manchester,3,0,H,4,2,4,5,1,31,50.0,1.0,89.0,LDWWW,46.0,18.0,34.0,WDLLD,3,1,1,10,1,2,2,5
868254,2023-04-16 13:00:00+00:00,1681650000,39,2022,Regular Season - 31,48,West Ham,42,Arsenal,2,2,FT,D. Coote,London Stadium,London,1,2,D,4,0,4,6,1,31,48.0,14.0,40.0,LWLWL,42.0,2.0,84.0,WLLWW,2,0,3,6,3,0,2,9
868251,2023-04-16 15:30:00+00:00,1681659000,39,2022,Regular Season - 31,65,Nottingham Forest,33,Manchester United,0,2,FT,S. Hooper,The City Ground,"Nottingham, Nottinghamshire",0,1,A,2,-2,4,6,1,31,65.0,16.0,38.0,DWDWL,33.0,3.0,75.0,WWWWL,2,2,1,8,4,0,1,12
868249,2023-04-17 19:00:00+00:00,1681758000,39,2022,Regular Season - 31,63,Leeds,40,Liverpool,1,6,FT,C. Pawson,Elland Road,"Leeds, West Yorkshire",0,2,A,7,-5,4,0,0,31,63.0,19.0,31.0,LLDLL,40.0,5.0,67.0,DDWWW,0,1,4,1,3,2,0,11
868257,2023-04-21 19:00:00+00:00,1682103600,39,2022,Regular Season - 32,42,Arsenal,41,Southampton,3,3,FT,S. Hooper,Emirates Stadium,London,1,2,D,6,0,4,4,0,32,42.0,2.0,84.0,WLLWW,41.0,20.0,25.0,DLLLL,3,0,2,9,0,1,4,1
868261,2023-04-22 11:30:00+00:00,1682163000,39,2022,Regular Season - 32,36,Fulham,63,Leeds,2,1,FT,P. Bankes,Craven Cottage,London,0,0,H,3,1,4,5,1,32,36.0,10.0,52.0,LDWWL,63.0,19.0,31.0,LLDLL,2,1,2,7,0,1,4,1
868258,2023-04-22 14:00:00+00:00,1682172000,39,2022,Regular Season - 32,55,Brentford,66,Aston Villa,1,1,FT,M. Salisbury,Gtech Community Stadium,"Brentford, Middlesex",0,0,D,2,0,4,5,1,32,55.0,9.0,59.0,WWWLW,66.0,7.0,61.0,WDWLL,4,0,1,12,2,1,2,7
868260,2023-04-22 14:00:00+00:00,1682172000,39,2022,Regular Season - 32,52,Crystal Palace,45,Everton,0,0,FT,J. Brooks,Selhurst Park,London,0,0,D,0,0,4,5,1,32,52.0,11.0,45.0,DDWLW,45.0,17.0,36.0,WDLWD,2,2,1,8,2,2,1,8
868263,2023-04-22 14:00:00+00:00,1682172000,39,2022,Regular Season - 32,40,Liverpool,65,Nottingham Forest,3,2,FT,M. Oliver,Anfield,Liverpool,0,0,H,5,1,4,5,1,32,40.0,5.0,67.0,DDWWW,65.0,16.0,38.0,DWDWL,3,2,0,11,2,2,1,8
868262,2023-04-22 14:00:00+00:00,1682172000,39,2022,Regular Season - 32,46,Leicester,39,Wolves,2,1,FT,A. Madley,King Power Stadium,"Leicester, Leicestershire",1,1,H,3,1,4,5,1,32,46.0,18.0,34.0,WDLLD,39.0,13.0,41.0,LDLWL,1,2,2,5,1,1,3,4
868265,2023-04-23 13:00:00+00:00,1682254800,39,2022,Regular Season - 32,34,Newcastle,47,Tottenham,6,1,FT,D. Coote,St. James' Park,Newcastle upon Tyne,5,0,H,7,5,4,6,1,32,34.0,4.0,71.0,DDWDL,47.0,8.0,60.0,WLLWL,1,3,1,6,2,0,3,6
868256,2023-04-23 13:00:00+00:00,1682254800,39,2022,Regular Season - 32,35,Bournemouth,48,West Ham,0,4,FT,A. Taylor,Vitality Stadium,"Bournemouth, Dorset",0,3,A,4,-4,4,6,1,32,35.0,15.0,39.0,LLLLW,48.0,14.0,40.0,LWLWL,1,0,4,3,2,0,3,6
868271,2023-04-25 18:30:00+00:00,1682447400,39,2022,Regular Season - 33,39,Wolves,52,Crystal Palace,2,0,FT,R. Jones,Molineux Stadium,"Wolverhampton, West Midlands",1,0,H,2,2,4,1,0,33,39.0,13.0,41.0,LDLWL,52.0,11.0,45.0,DDWLW,1,1,3,4,2,2,1,8
868272,2023-04-25 18:45:00+00:00,1682448300,39,2022,Regular Season - 33,66,Aston Villa,36,Fulham,1,0,FT,T. Bramall,Villa Park,Birmingham,1,0,H,1,1,4,1,0,33,66.0,7.0,61.0,WDWLL,36.0,10.0,52.0,LDWWL,2,1,2,7,2,1,2,7
868267,2023-04-25 19:00:00+00:00,1682449200,39,2022,Regular Season - 33,63,Leeds,46,Leicester,1,1,FT,P. Tierney,Elland Road,"Leeds, West Yorkshire",1,0,D,2,0,4,1,0,33,63.0,19.0,31.0,LLDLL,46.0,18.0,34.0,WDLLD,0,1,4,1,1,2,2,5
868268,2023-04-26 18:30:00+00:00,1682533800,39,2022,Regular Season - 33,65,Nottingham Forest,51,Brighton,3,1,FT,J. Gillett,The City Ground,"Nottingham, Nottinghamshire",1,1,H,4,2,4,2,0,33,65.0,16.0,38.0,DWDWL,51.0,6.0,62.0,LDWLW,2,2,1,8,2,1,2,7
868273,2023-04-26 18:45:00+00:00,1682534700,39,2022,Regular Season - 33,49,Chelsea,55,Brentford,0,2,FT,A. Madley,Stamford Bridge,London,0,1,A,2,-2,4,2,0,33,49.0,12.0,44.0,DLLDW,55.0,9.0,59.0,WWWLW,1,2,2,5,4,0,1,12
868270,2023-04-26 18:45:00+00:00,1682534700,39,2022,Regular Season - 33,48,West Ham,40,Liverpool,1,2,FT,C. Kavanagh,London Stadium,London,1,1,A,3,-1,4,2,0,33,48.0,14.0,40.0,LWLWL,40.0,5.0,67.0,DDWWW,2,0,3,6,3,2,0,11
868275,2023-04-26 19:00:00+00:00,1682535600,39,2022,Regular Season - 33,50,Manchester City,42,Arsenal,4,1,FT,M. Oliver,Etihad Stadium,Manchester,2,0,H,5,3,4,2,0,33,50.0,1.0,89.0,LDWWW,42.0,2.0,84.0,WLLWW,3,1,1,10,3,0,2,9
868266,2023-04-27 18:45:00+00:00,1682621100,39,2022,Regular Season - 33,45,Everton,34,Newcastle,1,4,FT,A. Marriner,Goodison Park,Liverpool,0,1,A,5,-3,4,3,0,33,45.0,17.0,36.0,WDLWD,34.0,4.0,71.0,DDWDL,2,2,1,8,1,3,1,6
868274,2023-04-27 18:45:00+00:00,1682621100,39,2022,Regular Season - 33,41,Southampton,35,Bournemouth,0,1,FT,D. England,St. Mary's Stadium,"Southampton, Hampshire",0,0,A,1,-1,4,3,0,33,41.0,20.0,25.0,DLLLL,35.0,15.0,39.0,LLLLW,0,1,4,1,1,0,4,3
868269,2023-04-27 19:15:00+00:00,1682622900,39,2022,Regular Season - 33,47,Tottenham,33,Manchester United,2,2,FT,A. Taylor,Tottenham Hotspur Stadium,London,0,2,D,4,0,4,3,0,33,47.0,8.0,60.0,WLLWL,33.0,3.0,75.0,WWWWL,2,0,3,6,4,0,1,12
868280,2023-04-29 11:30:00+00:00,1682767800,39,2022,Regular Season - 34,52,Crystal Palace,48,West Ham,4,3,FT,C. Pawson,Selhurst Park,London,3,2,H,7,1,4,5,1,34,52.0,11.0,45.0,DDWLW,48.0,14.0,40.0,LWLWL,2,2,1,8,2,0,3,6
868279,2023-04-29 14:00:00+00:00,1682776800,39,2022,Regular Season - 34,51,Brighton,39,Wolves,6,0,FT,D. Coote,The American Express Community Stadium,"Falmer, East Sussex",4,0,H,6,6,4,5,1,34,51.0,6.0,62.0,LDWLW,39.0,13.0,41.0,LDLWL,2,1,2,7,1,1,3,4
868278,2023-04-29 14:00:00+00:00,1682776800,39,2022,Regular Season - 34,55,Brentford,65,Nottingham Forest,2,1,FT,P. Bankes,Gtech Community Stadium,"Brentford, Middlesex",0,1,H,3,1,4,5,1,34,55.0,9.0,59.0,WWWLW,65.0,16.0,38.0,DWDWL,4,0,1,12,2,2,1,8
868276,2023-04-30 13:00:00+00:00,1682859600,39,2022,Regular Season - 34,35,Bournemouth,63,Leeds,4,1,FT,C. Kavanagh,Vitality Stadium,"Bournemouth, Dorset",2,1,H,5,3,4,6,1,34,35.0,15.0,39.0,LLLLW,63.0,19.0,31.0,LLDLL,1,0,4,3,0,1,4,1
868281,2023-04-30 13:00:00+00:00,1682859600,39,2022,Regular Season - 34,36,Fulham,50,Manchester City,1,2,FT,S. Hooper,Craven Cottage,London,1,2,A,3,-1,4,6,1,34,36.0,10.0,52.0,LDWWL,50.0,1.0,89.0,LDWWW,2,1,2,7,3,1,1,10
868284,2023-04-30 13:00:00+00:00,1682859600,39,2022,Regular Season - 34,33,Manchester United,66,Aston Villa,1,0,FT,J. Gillett,Old Trafford,Manchester,1,0,H,1,1,4,6,1,34,33.0,3.0,75.0,WWWWL,66.0,7.0,61.0,WDWLL,4,0,1,12,2,1,2,7
868285,2023-04-30 13:00:00+00:00,1682859600,39,2022,Regular Season - 34,34,Newcastle,41,Southampton,3,1,FT,A. Taylor,St. James' Park,Newcastle upon Tyne,0,1,H,4,2,4,6,1,34,34.0,4.0,71.0,DDWDL,41.0,20.0,25.0,DLLLL,1,3,1,6,0,1,4,1
868283,2023-04-30 15:30:00+00:00,1682868600,39,2022,Regular Season - 34,40,Liverpool,47,Tottenham,4,3,FT,P. Tierney,Anfield,Liverpool,3,1,H,7,1,4,6,1,34,40.0,5.0,67.0,DDWWW,47.0,8.0,60.0,WLLWL,3,2,0,11,2,0,3,6
868282,2023-05-01 19:00:00+00:00,1682967600,39,2022,Regular Season - 34,46,Leicester,45,Everton,2,2,FT,M. Oliver,King Power Stadium,"Leicester, Leicestershire",2,1,D,4,0,5,0,0,34,46.0,18.0,34.0,WDLLD,45.0,17.0,36.0,WDLWD,1,2,2,5,2,2,1,8
868277,2023-05-02 19:00:00+00:00,1683054000,39,2022,Regular Season - 34,42,Arsenal,49,Chelsea,3,1,FT,R. Jones,Emirates Stadium,London,3,0,H,4,2,5,1,0,34,42.0,2.0,84.0,WLLWW,49.0,12.0,44.0,DLLDW,3,0,2,9,1,2,2,5
868221,2023-05-03 19:00:00+00:00,1683140400,39,2022,Regular Season - 28,40,Liverpool,36,Fulham,1,0,FT,S. Attwell,Anfield,Liverpool,1,0,H,1,1,5,2,0,28,40.0,5.0,67.0,DDWWW,36.0,10.0,52.0,LDWWL,3,2,0,11,2,1,2,7
868222,2023-05-03 19:00:00+00:00,1683140400,39,2022,Regular Season - 28,50,Manchester City,48,West Ham,3,0,FT,J. Brooks,Etihad Stadium,Manchester,0,0,H,3,3,5,2,0,28,50.0,1.0,89.0,LDWWW,48.0,14.0,40.0,LWLWL,3,1,1,10,2,0,3,6
868219,2023-05-04 19:00:00+00:00,1683226800,39,2022,Regular Season - 28,51,Brighton,33,Manchester United,1,0,FT,A. Marriner,The American Express Community Stadium,"Falmer, East Sussex",0,0,H,1,1,5,3,0,28,51.0,6.0,62.0,LDWLW,33.0,3.0,75.0,WWWWL,2,1,2,7,4,0,1,12
868286,2023-05-06 14:00:00+00:00,1683381600,39,2022,Regular Season - 35,35,Bournemouth,49,Chelsea,1,3,FT,J. Brooks,Vitality Stadium,"Bournemouth, Dorset",1,1,A,4,-2,5,5,1,35,35.0,15.0,39.0,LLLLW,49.0,12.0,44.0,DLLDW,1,0,4,3,1,2,2,5
868295,2023-05-06 14:00:00+00:00,1683381600,39,2022,Regular Season - 35,39,Wolves,66,Aston Villa,1,0,FT,S. Attwell,Molineux Stadium,"Wolverhampton, West Midlands",1,0,H,1,1,5,5,1,35,39.0,13.0,41.0,LDLWL,66.0,7.0,61.0,WDWLL,1,1,3,4,2,1,2,7
868293,2023-05-06 14:00:00+00:00,1683381600,39,2022,Regular Season - 35,47,Tottenham,52,Crystal Palace,1,0,FT,D. England,Tottenham Hotspur Stadium,London,1,0,H,1,1,5,5,1,35,47.0,8.0,60.0,WLLWL,52.0,11.0,45.0,DDWLW,2,0,3,6,2,2,1,8
868290,2023-05-06 14:00:00+00:00,1683381600,39,2022,Regular Season - 35,50,Manchester City,63,Leeds,2,1,FT,A. Madley,Etihad Stadium,Manchester,2,0,H,3,1,5,5,1,35,50.0,1.0,89.0,LDWWW,63.0,19.0,31.0,LLDLL,3,1,1,10,0,1,4,1
868289,2023-05-06 16:30:00+00:00,1683390600,39,2022,Regular Season - 35,40,Liverpool,55,Brentford,1,0,FT,A. Taylor,Anfield,Liverpool,1,0,H,1,1,5,5,1,35,40.0,5.0,67.0,DDWWW,55.0,9.0,59.0,WWWLW,3,2,0,11,4,0,1,12
868291,2023-05-07 15:30:00+00:00,1683473400,39,2022,Regular Season - 35,34,Newcastle,42,Arsenal,0,2,FT,C. Kavanagh,St. James' Park,Newcastle upon Tyne,0,1,A,2,-2,5,6,1,35,34.0,4.0,71.0,DDWDL,42.0,2.0,84.0,WLLWW,1,3,1,6,3,0,2,9
868294,2023-05-07 18:00:00+00:00,1683482400,39,2022,Regular Season - 35,48,West Ham,33,Manchester United,1,0,FT,P. Bankes,London Stadium,London,1,0,H,1,1,5,6,1,35,48.0,14.0,40.0,LWLWL,33.0,3.0,75.0,WWWWL,2,0,3,6,4,0,1,12
868288,2023-05-08 14:00:00+00:00,1683554400,39,2022,Regular Season - 35,36,Fulham,46,Leicester,5,3,FT,R. Jones,Craven Cottage,London,3,0,H,8,2,5,0,0,35,36.0,10.0,52.0,LDWWL,46.0,18.0,34.0,WDLLD,2,1,2,7,1,2,2,5
868287,2023-05-08 16:30:00+00:00,1683563400,39,2022,Regular Season - 35,51,Brighton,45,Everton,1,5,FT,S. Hooper,The American Express Community Stadium,"Falmer, East Sussex",0,3,A,6,-4,5,0,0,35,51.0,6.0,62.0,LDWLW,45.0,17.0,36.0,WDLWD,2,1,2,7,2,2,1,8
868292,2023-05-08 19:00:00+00:00,1683572400,39,2022,Regular Season - 35,65,Nottingham Forest,41,Southampton,4,3,FT,M. Oliver,The City Ground,"Nottingham, Nottinghamshire",3,1,H,7,1,5,0,0,35,65.0,16.0,38.0,DWDWL,41.0,20.0,25.0,DLLLL,2,2,1,8,0,1,4,1
868302,2023-05-13 11:30:00+00:00,1683977400,39,2022,Regular Season - 36,63,Leeds,34,Newcastle,2,2,FT,S. Hooper,Elland Road,"Leeds, West Yorkshire",1,1,D,4,0,5,5,1,36,63.0,19.0,31.0,LLDLL,34.0,4.0,71.0,DDWDL,0,1,4,1,1,3,1,6
868304,2023-05-13 14:00:00+00:00,1683986400,39,2022,Regular Season - 36,33,Manchester United,39,Wolves,2,0,FT,J. Brooks,Old Trafford,Manchester,1,0,H,2,2,5,5,1,36,33.0,3.0,75.0,WWWWL,39.0,13.0,41.0,LDLWL,4,0,1,12,1,1,3,4
868305,2023-05-13 14:00:00+00:00,1683986400,39,2022,Regular Season - 36,41,Southampton,36,Fulham,0,2,FT,T. Bramall,St. Mary's Stadium,"Southampton, Hampshire",0,0,A,2,-2,5,5,1,36,41.0,20.0,25.0,DLLLL,36.0,10.0,52.0,LDWWL,0,1,4,1,2,1,2,7
868299,2023-05-13 14:00:00+00:00,1683986400,39,2022,Regular Season - 36,49,Chelsea,65,Nottingham Forest,2,2,FT,P. Tierney,Stamford Bridge,London,0,1,D,4,0,5,5,1,36,49.0,12.0,44.0,DLLDW,65.0,16.0,38.0,DWDWL,1,2,2,5,2,2,1,8
868300,2023-05-13 14:00:00+00:00,1683986400,39,2022,Regular Season - 36,52,Crystal Palace,35,Bournemouth,2,0,FT,M. Salisbury,Selhurst Park,London,1,0,H,2,2,5,5,1,36,52.0,11.0,45.0,DDWLW,35.0,15.0,39.0,LLLLW,2,2,1,8,1,0,4,3
868297,2023-05-13 14:00:00+00:00,1683986400,39,2022,Regular Season - 36,66,Aston Villa,47,Tottenham,2,1,FT,P. Bankes,Villa Park,Birmingham,1,0,H,3,1,5,5,1,36,66.0,7.0,61.0,WDWLL,47.0,8.0,60.0,WLLWL,2,1,2,7,2,0,3,6
868301,2023-05-14 13:00:00+00:00,1684069200,39,2022,Regular Season - 36,45,Everton,50,Manchester City,0,3,FT,A. Taylor,Goodison Park,Liverpool,0,2,A,3,-3,5,6,1,36,45.0,17.0,36.0,WDLWD,50.0,1.0,89.0,LDWWW,2,2,1,8,3,1,1,10
868298,2023-05-14 13:00:00+00:00,1684069200,39,2022,Regular Season - 36,55,Brentford,48,West Ham,2,0,FT,M. Oliver,Gtech Community Stadium,"Brentford, Middlesex",2,0,H,2,2,5,6,1,36,55.0,9.0,59.0,WWWLW,48.0,14.0,40.0,LWLWL,4,0,1,12,2,0,3,6
868296,2023-05-14 15:30:00+00:00,1684078200,39,2022,Regular Season - 36,42,Arsenal,51,Brighton,0,3,FT,A. Madley,Emirates Stadium,London,0,0,A,3,-3,5,6,1,36,42.0,2.0,84.0,WLLWW,51.0,6.0,62.0,LDWLW,3,0,2,9,2,1,2,7
868303,2023-05-15 19:00:00+00:00,1684177200,39,2022,Regular Season - 36,46,Leicester,40,Liverpool,0,3,FT,C. Pawson,King Power Stadium,"Leicester, Leicestershire",0,2,A,3,-3,5,0,0,36,46.0,18.0,34.0,WDLLD,40.0,5.0,67.0,DDWWW,1,2,2,5,3,2,0,11
868193,2023-05-18 18:30:00+00:00,1684434600,39,2022,Regular Season - 25,34,Newcastle,51,Brighton,4,1,FT,R. Jones,St. James' Park,Newcastle upon Tyne,2,0,H,5,3,5,3,0,25,34.0,4.0,71.0,DDWDL,51.0,6.0,62.0,LDWLW,1,3,1,6,2,1,2,7
868313,2023-05-20 11:30:00+00:00,1684582200,39,2022,Regular Season - 37,47,Tottenham,55,Brentford,1,3,FT,J. Gillett,Tottenham Hotspur Stadium,London,1,0,A,4,-2,5,5,1,37,47.0,8.0,60.0,WLLWL,55.0,9.0,59.0,WWWLW,2,0,3,6,4,0,1,12
868306,2023-05-20 14:00:00+00:00,1684591200,39,2022,Regular Season - 37,35,Bournemouth,33,Manchester United,0,1,FT,C. Kavanagh,Vitality Stadium,"Bournemouth, Dorset",0,1,A,1,-1,5,5,1,37,35.0,15.0,39.0,LLLLW,33.0,3.0,75.0,WWWWL,1,0,4,3,4,0,1,12
868308,2023-05-20 14:00:00+00:00,1684591200,39,2022,Regular Season - 37,36,Fulham,52,Crystal Palace,2,2,FT,J. Smith,Craven Cottage,London,1,1,D,4,0,5,5,1,37,36.0,10.0,52.0,LDWWL,52.0,11.0,45.0,DDWLW,2,1,2,7,2,2,1,8
868315,2023-05-20 14:00:00+00:00,1684591200,39,2022,Regular Season - 37,39,Wolves,45,Everton,1,1,FT,D. Coote,Molineux Stadium,"Wolverhampton, West Midlands",1,0,D,2,0,5,5,1,37,39.0,13.0,41.0,LDLWL,45.0,17.0,36.0,WDLWD,1,1,3,4,2,2,1,8
868309,2023-05-20 14:00:00+00:00,1684591200,39,2022,Regular Season - 37,40,Liverpool,66,Aston Villa,1,1,FT,J. Brooks,Anfield,Liverpool,0,1,D,2,0,5,5,1,37,40.0,5.0,67.0,DDWWW,66.0,7.0,61.0,WDWLL,3,2,0,11,2,1,2,7
868312,2023-05-20 16:30:00+00:00,1684600200,39,2022,Regular Season - 37,65,Nottingham Forest,42,Arsenal,1,0,FT,A. Taylor,The City Ground,"Nottingham, Nottinghamshire",1,0,H,1,1,5,5,1,37,65.0,16.0,38.0,DWDWL,42.0,2.0,84.0,WLLWW,2,2,1,8,3,0,2,9
868314,2023-05-21 12:30:00+00:00,1684672200,39,2022,Regular Season - 37,48,West Ham,63,Leeds,3,1,FT,P. Bankes,London Stadium,London,1,1,H,4,2,5,6,1,37,48.0,14.0,40.0,LWLWL,63.0,19.0,31.0,LLDLL,2,0,3,6,0,1,4,1
868307,2023-05-21 13:00:00+00:00,1684674000,39,2022,Regular Season - 37,51,Brighton,41,Southampton,3,1,FT,P. Tierney,The American Express Community Stadium,"Falmer, East Sussex",2,0,H,4,2,5,6,1,37,51.0,6.0,62.0,LDWLW,41.0,20.0,25.0,DLLLL,2,1,2,7,0,1,4,1
868310,2023-05-21 15:00:00+00:00,1684681200,39,2022,Regular Season - 37,50,Manchester City,49,Chelsea,1,0,FT,M. Oliver,Etihad Stadium,Manchester,1,0,H,1,1,5,6,1,37,50.0,1.0,89.0,LDWWW,49.0,12.0,44.0,DLLDW,3,1,1,10,1,2,2,5
868311,2023-05-22 19:00:00+00:00,1684782000,39,2022,Regular Season - 37,34,Newcastle,46,Leicester,0,0,FT,A. Marriner,St. James' Park,Newcastle upon Tyne,0,0,D,0,0,5,0,0,37,34.0,4.0,71.0,DDWDL,46.0,18.0,34.0,WDLLD,1,3,1,6,1,2,2,5
868259,2023-05-24 19:00:00+00:00,1684954800,39,2022,Regular Season - 32,51,Brighton,50,Manchester City,1,1,FT,S. Hooper,The American Express Community Stadium,"Falmer, East Sussex",1,1,D,2,0,5,2,0,32,51.0,6.0,62.0,LDWLW,50.0,1.0,89.0,LDWWW,2,1,2,7,3,1,1,10
868264,2023-05-25 19:00:00+00:00,1685041200,39,2022,Regular Season - 32,33,Manchester United,49,Chelsea,4,1,FT,S. Attwell,Old Trafford,Manchester,2,0,H,5,3,5,3,0,32,33.0,3.0,75.0,WWWWL,49.0,12.0,44.0,DLLDW,4,0,1,12,1,2,2,5
868324,2023-05-28 15:30:00+00:00,1685287800,39,2022,Regular Season - 38,33,Manchester United,36,Fulham,2,1,FT,R. Jones,Old Trafford,Manchester,1,1,H,3,1,5,6,1,38,33.0,3.0,75.0,WWWWL,36.0,10.0,52.0,LDWWL,4,0,1,12,2,1,2,7
868325,2023-05-28 15:30:00+00:00,1685287800,39,2022,Regular Season - 38,41,Southampton,40,Liverpool,4,4,FT,D. England,St. Mary's Stadium,"Southampton, Hampshire",2,2,D,8,0,5,6,1,38,41.0,20.0,25.0,DLLLL,40.0,5.0,67.0,DDWWW,0,1,4,1,3,2,0,11
868316,2023-05-28 15:30:00+00:00,1685287800,39,2022,Regular Season - 38,42,Arsenal,39,Wolves,5,0,FT,A. Marriner,Emirates Stadium,London,3,0,H,5,5,5,6,1,38,42.0,2.0,84.0,WLLWW,39.0,13.0,41.0,LDLWL,3,0,2,9,1,1,3,4
868321,2023-05-28 15:30:00+00:00,1685287800,39,2022,Regular Season - 38,45,Everton,35,Bournemouth,1,0,FT,S. Attwell,Goodison Park,Liverpool,0,0,H,1,1,5,6,1,38,45.0,17.0,36.0,WDLWD,35.0,15.0,39.0,LLLLW,2,2,1,8,1,0,4,3
868323,2023-05-28 15:30:00+00:00,1685287800,39,2022,Regular Season - 38,46,Leicester,48,West Ham,2,1,FT,S. Hooper,King Power Stadium,"Leicester, Leicestershire",1,0,H,3,1,5,6,1,38,46.0,18.0,34.0,WDLLD,48.0,14.0,40.0,LWLWL,1,2,2,5,2,0,3,6
868319,2023-05-28 15:30:00+00:00,1685287800,39,2022,Regular Season - 38,49,Chelsea,34,Newcastle,1,1,FT,J. Gillett,Stamford Bridge,London,1,1,D,2,0,5,6,1,38,49.0,12.0,44.0,DLLDW,34.0,4.0,71.0,DDWDL,1,2,2,5,1,3,1,6
868320,2023-05-28 15:30:00+00:00,1685287800,39,2022,Regular Season - 38,52,Crystal Palace,65,Nottingham Forest,1,1,FT,T. Bramall,Selhurst Park,London,0,1,D,2,0,5,6,1,38,52.0,11.0,45.0,DDWLW,65.0,16.0,38.0,DWDWL,2,2,1,8,2,2,1,8
868318,2023-05-28 15:30:00+00:00,1685287800,39,2022,Regular Season - 38,55,Brentford,50,Manchester City,1,0,FT,J. Brooks,Gtech Community Stadium,"Brentford, Middlesex",0,0,H,1,1,5,6,1,38,55.0,9.0,59.0,WWWLW,50.0,1.0,89.0,LDWWW,4,0,1,12,3,1,1,10
868322,2023-05-28 15:30:00+00:00,1685287800,39,2022,Regular Season - 38,63,Leeds,47,Tottenham,1,4,FT,A. Taylor,Elland Road,"Leeds, West Yorkshire",0,1,A,5,-3,5,6,1,38,63.0,19.0,31.0,LLDLL,47.0,8.0,60.0,WLLWL,0,1,4,1,2,0,3,6
868317,2023-05-28 15:30:00+00:00,1685287800,39,2022,Regular Season - 38,66,Aston Villa,51,Brighton,2,1,FT,D. Coote,Villa Park,Birmingham,2,1,H,3,1,5,6,1,38,66.0,7.0,61.0,WDWLL,51.0,6.0,62.0,LDWLW,2,1,2,7,2,1,2,7
877947,2022-08-12 19:00:00+00:00,1660330800,140,2022,Regular Season - 1,727,Osasuna,536,Sevilla,2,1,FT,Carlos del Cerro,Estadio El Sadar,Iruñea,1,1,H,3,1,8,4,0,1,727.0,7.0,53.0,WLWLW,536.0,12.0,49.0,LLDDW,3,0,2,9,1,2,2,5
877945,2022-08-13 15:00:00+00:00,1660402800,140,2022,Regular Season - 1,538,Celta Vigo,540,Espanyol,2,2,FT,Miguel Ortiz,Abanca-Balaídos,Vigo,1,0,D,4,0,8,5,1,1,538.0,13.0,43.0,WLDLL,540.0,19.0,37.0,DDDWL,1,1,3,4,1,3,1,6
877950,2022-08-13 17:00:00+00:00,1660410000,140,2022,Regular Season - 1,720,Valladolid,533,Villarreal,0,3,FT,Mario Melero,Estadio Municipal José Zorrilla,Valladolid,0,0,A,3,-3,8,5,1,1,720.0,18.0,40.0,DDWLL,533.0,5.0,64.0,DLWWW,1,2,2,5,3,1,1,10
877943,2022-08-13 19:00:00+00:00,1660417200,140,2022,Regular Season - 1,529,Barcelona,728,Rayo Vallecano,0,0,FT,Alejandro Hernández,Spotify Camp Nou,Barcelona,0,0,D,0,0,8,5,1,1,529.0,1.0,88.0,LWLLW,728.0,11.0,49.0,LWLLL,2,0,3,6,1,0,4,3
877946,2022-08-14 15:30:00+00:00,1660491000,140,2022,Regular Season - 1,724,Cadiz,548,Real Sociedad,0,1,FT,Isidro Díaz de Mera,Estadio Nuevo Mirandilla,Cádiz,0,1,A,1,-1,8,6,1,1,724.0,14.0,42.0,DWLWL,548.0,4.0,71.0,WLWWD,2,1,2,7,3,1,1,10
877951,2022-08-14 17:30:00+00:00,1660498200,140,2022,Regular Season - 1,532,Valencia,547,Girona,1,0,FT,Jorge Figueroa,Estadio de Mestalla,Valencia,1,0,H,1,1,8,6,1,1,532.0,16.0,42.0,DDLWW,547.0,10.0,49.0,LLDLD,2,2,1,8,0,2,3,2
877948,2022-08-14 20:00:00+00:00,1660507200,140,2022,Regular Season - 1,723,Almeria,541,Real Madrid,1,2,FT,Juan Martínez,Power Horse Stadium – Estadio de los Juegos Mediterráneos,Almería,1,0,A,3,-1,8,6,1,1,723.0,17.0,41.0,DDLWL,541.0,2.0,78.0,DWWLW,1,2,2,5,3,1,1,10
877942,2022-08-15 15:30:00+00:00,1660577400,140,2022,Regular Season - 1,531,Athletic Club,798,Mallorca,0,0,FT,Javier Iglesias,San Mamés Barria,Bilbao,0,0,D,0,0,8,0,0,1,531.0,8.0,51.0,DLLWL,798.0,9.0,50.0,WLWLW,1,1,3,4,3,0,2,9
877949,2022-08-15 17:30:00+00:00,1660584600,140,2022,Regular Season - 1,546,Getafe,530,Atletico Madrid,0,3,FT,José Sánchez,Coliseum Alfonso Pérez,Getafe,0,1,A,3,-3,8,0,0,1,546.0,15.0,42.0,DWWDL,530.0,3.0,77.0,DWDWL,2,2,1,8,2,2,1,8
877944,2022-08-15 19:30:00+00:00,1660591800,140,2022,Regular Season - 1,543,Real Betis,797,Elche,3,0,FT,Guillermo Cuadra,Estadio Benito Villamarín,Sevilla,2,0,H,3,3,8,0,0,1,543.0,6.0,60.0,DWLDW,797.0,20.0,25.0,DWDDW,2,2,1,8,2,3,0,9
877955,2022-08-19 18:00:00+00:00,1660932000,140,2022,Regular Season - 2,540,Espanyol,728,Rayo Vallecano,0,2,FT,Jorge Figueroa,RCDE Stadium,Cornella de Llobregat,0,1,A,2,-2,8,4,0,2,540.0,19.0,37.0,DDDWL,728.0,11.0,49.0,LWLLL,1,3,1,6,1,0,4,3
877956,2022-08-19 20:00:00+00:00,1660939200,140,2022,Regular Season - 2,536,Sevilla,720,Valladolid,1,1,FT,Juan Pulido,Estadio Ramón Sánchez Pizjuán,Sevilla,0,0,D,2,0,8,4,0,2,536.0,12.0,49.0,LLDDW,720.0,18.0,40.0,DDWLL,1,2,2,5,1,2,2,5
877960,2022-08-20 15:30:00+00:00,1661009400,140,2022,Regular Season - 2,727,Osasuna,724,Cadiz,2,0,FT,Antonio Mateu,Estadio El Sadar,Iruñea,1,0,H,2,2,8,5,1,2,727.0,7.0,53.0,WLWLW,724.0,14.0,42.0,DWLWL,3,0,2,9,2,1,2,7
877958,2022-08-20 17:30:00+00:00,1661016600,140,2022,Regular Season - 2,798,Mallorca,543,Real Betis,1,2,FT,Pablo González,Visit Mallorca Estadi,Palma de Mallorca,0,1,A,3,-1,8,5,1,2,798.0,9.0,50.0,WLWLW,543.0,6.0,60.0,DWLDW,3,0,2,9,2,2,1,8
877954,2022-08-20 20:00:00+00:00,1661025600,140,2022,Regular Season - 2,538,Celta Vigo,541,Real Madrid,1,4,FT,Jesús Gil,Abanca-Balaídos,Vigo,1,2,A,5,-3,8,5,1,2,538.0,13.0,43.0,WLDLL,541.0,2.0,78.0,DWWLW,1,1,3,4,3,1,1,10
877952,2022-08-21 15:30:00+00:00,1661095800,140,2022,Regular Season - 2,531,Athletic Club,532,Valencia,1,0,FT,César Soto,San Mamés Barria,Bilbao,1,0,H,1,1,8,6,1,2,531.0,8.0,51.0,DLLWL,532.0,16.0,42.0,DDLWW,1,1,3,4,2,2,1,8
877953,2022-08-21 17:30:00+00:00,1661103000,140,2022,Regular Season - 2,530,Atletico Madrid,533,Villarreal,0,2,FT,Ricardo De Burgos,Estádio Cívitas Metropolitano,Madrid,0,0,A,2,-2,8,6,1,2,530.0,3.0,77.0,DWDWL,533.0,5.0,64.0,DLWWW,2,2,1,8,3,1,1,10
877957,2022-08-21 20:00:00+00:00,1661112000,140,2022,Regular Season - 2,548,Real Sociedad,529,Barcelona,1,4,FT,José Munuera,Reale Arena,Donostia-San Sebastián,1,1,A,5,-3,8,6,1,2,548.0,4.0,71.0,WLWWD,529.0,1.0,88.0,LWLLW,3,1,1,10,2,0,3,6
877961,2022-08-22 18:00:00+00:00,1661191200,140,2022,Regular Season - 2,797,Elche,723,Almeria,1,1,FT,Isidro Díaz de Mera,Estadio Manuel Martínez Valero,Elche,1,1,D,2,0,8,0,0,2,797.0,20.0,25.0,DWDDW,723.0,17.0,41.0,DDLWL,2,3,0,9,1,2,2,5
877959,2022-08-22 20:00:00+00:00,1661198400,140,2022,Regular Season - 2,547,Girona,546,Getafe,3,1,FT,Alejandro Muñiz,Estadi Municipal de Montilivi,Girona,1,0,H,4,2,8,0,0,2,547.0,10.0,49.0,LLDLD,546.0,15.0,42.0,DWWDL,0,2,3,2,2,2,1,8
877970,2022-08-26 18:00:00+00:00,1661536800,140,2022,Regular Season - 3,547,Girona,538,Celta Vigo,0,1,FT,Carlos del Cerro,Estadi Municipal de Montilivi,Girona,0,0,A,1,-1,8,4,0,3,547.0,10.0,49.0,LLDLD,538.0,13.0,43.0,WLDLL,0,2,3,2,1,1,3,4
877963,2022-08-26 20:00:00+00:00,1661544000,140,2022,Regular Season - 3,543,Real Betis,727,Osasuna,1,0,FT,Juan Martínez,Estadio Benito Villamarín,Sevilla,1,0,H,1,1,8,4,0,3,543.0,6.0,60.0,DWLDW,727.0,7.0,53.0,WLWLW,2,2,1,8,3,0,2,9
877964,2022-08-27 15:30:00+00:00,1661614200,140,2022,Regular Season - 3,797,Elche,548,Real Sociedad,0,1,FT,Javier Iglesias,Estadio Manuel Martínez Valero,Elche,0,1,A,1,-1,8,5,1,3,797.0,20.0,25.0,DWDDW,548.0,4.0,71.0,WLWWD,2,3,0,9,3,1,1,10
877971,2022-08-27 17:30:00+00:00,1661621400,140,2022,Regular Season - 3,728,Rayo Vallecano,798,Mallorca,0,2,FT,José Sánchez,Estadio de Vallecas,Madrid,0,1,A,2,-2,8,5,1,3,728.0,11.0,49.0,LWLLL,798.0,9.0,50.0,WLWLW,1,0,4,3,3,0,2,9
877967,2022-08-27 20:00:00+00:00,1661630400,140,2022,Regular Season - 3,723,Almeria,536,Sevilla,2,1,FT,Jesús Gil,Power Horse Stadium – Estadio de los Juegos Mediterráneos,Almería,1,1,H,3,1,8,5,1,3,723.0,17.0,41.0,DDLWL,536.0,12.0,49.0,LLDDW,1,2,2,5,1,2,2,5
877965,2022-08-28 15:30:00+00:00,1661700600,140,2022,Regular Season - 3,546,Getafe,533,Villarreal,0,0,FT,Jorge Figueroa,Coliseum Alfonso Pérez,Getafe,0,0,D,0,0,8,6,1,3,546.0,15.0,42.0,DWWDL,533.0,5.0,64.0,DLWWW,2,2,1,8,3,1,1,10
877962,2022-08-28 17:30:00+00:00,1661707800,140,2022,Regular Season - 3,529,Barcelona,720,Valladolid,4,0,FT,Ricardo De Burgos,Spotify Camp Nou,Barcelona,2,0,H,4,4,8,6,1,3,529.0,1.0,88.0,LWLLW,720.0,18.0,40.0,DDWLL,2,0,3,6,1,2,2,5
877966,2022-08-28 20:00:00+00:00,1661716800,140,2022,Regular Season - 3,540,Espanyol,541,Real Madrid,1,3,FT,Mario Melero,RCDE Stadium,Cornella de Llobregat,1,1,A,4,-2,8,6,1,3,540.0,19.0,37.0,DDDWL,541.0,2.0,78.0,DWWLW,1,3,1,6,3,1,1,10
877968,2022-08-29 18:00:00+00:00,1661796000,140,2022,Regular Season - 3,724,Cadiz,531,Athletic Club,0,4,FT,Miguel Ortiz,Estadio Nuevo Mirandilla,Cádiz,0,1,A,4,-4,8,0,0,3,724.0,14.0,42.0,DWLWL,531.0,8.0,51.0,DLLWL,2,1,2,7,1,1,3,4
877969,2022-08-29 20:00:00+00:00,1661803200,140,2022,Regular Season - 3,532,Valencia,530,Atletico Madrid,0,1,FT,Guillermo Cuadra,Estadio de Mestalla,Valencia,0,0,A,1,-1,8,0,0,3,532.0,16.0,42.0,DDLWW,530.0,3.0,77.0,DWDWL,2,2,1,8,2,2,1,8
877979,2022-09-02 19:00:00+00:00,1662145200,140,2022,Regular Season - 4,538,Celta Vigo,724,Cadiz,3,0,FT,Juan Pulido,Abanca-Balaídos,Vigo,0,0,H,3,3,9,4,0,4,538.0,13.0,43.0,WLDLL,724.0,14.0,42.0,DWLWL,1,1,3,4,2,1,2,7
877981,2022-09-03 12:00:00+00:00,1662206400,140,2022,Regular Season - 4,798,Mallorca,547,Girona,1,1,FT,Isidro Díaz de Mera,Visit Mallorca Estadi,Palma de Mallorca,0,0,D,2,0,9,5,1,4,798.0,9.0,50.0,WLWLW,547.0,10.0,49.0,LLDLD,3,0,2,9,0,2,3,2
877976,2022-09-03 14:15:00+00:00,1662214500,140,2022,Regular Season - 4,541,Real Madrid,543,Real Betis,2,1,FT,José Sánchez,Estadio Santiago Bernabéu,Madrid,1,1,H,3,1,9,5,1,4,541.0,2.0,78.0,DWWLW,543.0,6.0,60.0,DWLDW,3,1,1,10,2,2,1,8
877974,2022-09-03 16:30:00+00:00,1662222600,140,2022,Regular Season - 4,548,Real Sociedad,530,Atletico Madrid,1,1,FT,César Soto,Reale Arena,Donostia-San Sebastián,0,1,D,2,0,9,5,1,4,548.0,4.0,71.0,WLWWD,530.0,3.0,77.0,DWDWL,3,1,1,10,2,2,1,8
877975,2022-09-03 19:00:00+00:00,1662231600,140,2022,Regular Season - 4,536,Sevilla,529,Barcelona,0,3,FT,Antonio Mateu,Estadio Ramón Sánchez Pizjuán,Sevilla,0,2,A,3,-3,9,5,1,4,536.0,12.0,49.0,LLDDW,529.0,1.0,88.0,LWLLW,1,2,2,5,2,0,3,6
877973,2022-09-04 12:00:00+00:00,1662292800,140,2022,Regular Season - 4,727,Osasuna,728,Rayo Vallecano,2,1,FT,Alejandro Muñiz,Estadio El Sadar,Iruñea,0,0,H,3,1,9,6,1,4,727.0,7.0,53.0,WLWLW,728.0,11.0,49.0,LWLLL,3,0,2,9,1,0,4,3
877972,2022-09-04 14:15:00+00:00,1662300900,140,2022,Regular Season - 4,531,Athletic Club,540,Espanyol,0,1,FT,Juan Martínez,San Mamés Barria,Bilbao,0,0,A,1,-1,9,6,1,4,531.0,8.0,51.0,DLLWL,540.0,19.0,37.0,DDDWL,1,1,3,4,1,3,1,6
877977,2022-09-04 16:30:00+00:00,1662309000,140,2022,Regular Season - 4,533,Villarreal,797,Elche,4,0,FT,Miguel Ortiz,Estadio Ciudad de Valencia,Valencia,2,0,H,4,4,9,6,1,4,533.0,5.0,64.0,DLWWW,797.0,20.0,25.0,DWDDW,3,1,1,10,2,3,0,9
877978,2022-09-04 19:00:00+00:00,1662318000,140,2022,Regular Season - 4,532,Valencia,546,Getafe,5,1,FT,José Munuera,Estadio de Mestalla,Valencia,3,0,H,6,4,9,6,1,4,532.0,16.0,42.0,DDLWW,546.0,15.0,42.0,DWWDL,2,2,1,8,2,2,1,8
877980,2022-09-05 19:00:00+00:00,1662404400,140,2022,Regular Season - 4,720,Valladolid,723,Almeria,1,0,FT,Pablo González,Estadio Municipal José Zorrilla,Valladolid,0,0,H,1,1,9,0,0,4,720.0,18.0,40.0,DDWLL,723.0,17.0,41.0,DDLWL,1,2,2,5,1,2,2,5
877988,2022-09-09 19:00:00+00:00,1662750000,140,2022,Regular Season - 5,547,Girona,720,Valladolid,2,1,FT,César Soto,Estadi Municipal de Montilivi,Girona,1,1,H,3,1,9,4,0,5,547.0,10.0,49.0,LLDLD,720.0,18.0,40.0,DDWLL,0,2,3,2,1,2,2,5
877986,2022-09-10 12:00:00+00:00,1662811200,140,2022,Regular Season - 5,728,Rayo Vallecano,532,Valencia,2,1,FT,Jesús Gil,Estadio de Vallecas,Madrid,1,0,H,3,1,9,5,1,5,728.0,11.0,49.0,LWLLL,532.0,16.0,42.0,DDLWW,1,0,4,3,2,2,1,8
877985,2022-09-10 14:15:00+00:00,1662819300,140,2022,Regular Season - 5,540,Espanyol,536,Sevilla,2,3,FT,Guillermo Cuadra,RCDE Stadium,Cornella de Llobregat,1,3,A,5,-1,9,5,1,5,540.0,19.0,37.0,DDDWL,536.0,12.0,49.0,LLDDW,1,3,1,6,1,2,2,5
877990,2022-09-10 16:30:00+00:00,1662827400,140,2022,Regular Season - 5,724,Cadiz,529,Barcelona,0,4,FT,Carlos del Cerro,Estadio Nuevo Mirandilla,Cádiz,0,0,A,4,-4,9,5,1,5,724.0,14.0,42.0,DWLWL,529.0,1.0,88.0,LWLLW,2,1,2,7,2,0,3,6
877982,2022-09-10 19:00:00+00:00,1662836400,140,2022,Regular Season - 5,530,Atletico Madrid,538,Celta Vigo,4,1,FT,Alejandro Hernández,Estádio Cívitas Metropolitano,Madrid,1,0,H,5,3,9,5,1,5,530.0,3.0,77.0,DWDWL,538.0,13.0,43.0,WLDLL,2,2,1,8,1,1,3,4
877991,2022-09-11 12:00:00+00:00,1662897600,140,2022,Regular Season - 5,541,Real Madrid,798,Mallorca,4,1,FT,Jorge Figueroa,Estadio Santiago Bernabéu,Madrid,1,1,H,5,3,9,6,1,5,541.0,2.0,78.0,DWWLW,798.0,9.0,50.0,WLWLW,3,1,1,10,3,0,2,9
877989,2022-09-11 14:15:00+00:00,1662905700,140,2022,Regular Season - 5,797,Elche,531,Athletic Club,1,4,FT,Mario Melero,Estadio Manuel Martínez Valero,Elche,0,4,A,5,-3,9,6,1,5,797.0,20.0,25.0,DWDDW,531.0,8.0,51.0,DLLWL,2,3,0,9,1,1,3,4
877984,2022-09-11 16:30:00+00:00,1662913800,140,2022,Regular Season - 5,546,Getafe,548,Real Sociedad,2,1,FT,Juan Pulido,Coliseum Alfonso Pérez,Getafe,1,0,H,3,1,9,6,1,5,546.0,15.0,42.0,DWWDL,548.0,4.0,71.0,WLWWD,2,2,1,8,3,1,1,10
877983,2022-09-11 19:00:00+00:00,1662922800,140,2022,Regular Season - 5,543,Real Betis,533,Villarreal,1,0,FT,Ricardo De Burgos,Estadio Benito Villamarín,Sevilla,0,0,H,1,1,9,6,1,5,543.0,6.0,60.0,DWLDW,533.0,5.0,64.0,DLWWW,2,2,1,8,3,1,1,10
877987,2022-09-12 19:00:00+00:00,1663009200,140,2022,Regular Season - 5,723,Almeria,727,Osasuna,0,1,FT,Javier Iglesias,Power Horse Stadium – Estadio de los Juegos Mediterráneos,Almería,0,1,A,1,-1,9,0,0,5,723.0,17.0,41.0,DDLWL,727.0,7.0,53.0,WLWLW,1,2,2,5,3,0,2,9
877998,2022-09-16 19:00:00+00:00,1663354800,140,2022,Regular Season - 6,720,Valladolid,724,Cadiz,0,1,FT,José Sánchez,Estadio Municipal José Zorrilla,Valladolid,0,0,A,1,-1,9,4,0,6,720.0,18.0,40.0,DDWLL,724.0,14.0,42.0,DWLWL,1,2,2,5,2,1,2,7
878001,2022-09-17 12:00:00+00:00,1663416000,140,2022,Regular Season - 6,798,Mallorca,723,Almeria,1,0,FT,Juan Martínez,Visit Mallorca Estadi,Palma de Mallorca,1,0,H,1,1,9,5,1,6,798.0,9.0,50.0,WLWLW,723.0,17.0,41.0,DDLWL,3,0,2,9,1,2,2,5
877994,2022-09-17 14:15:00+00:00,1663424100,140,2022,Regular Season - 6,529,Barcelona,797,Elche,3,0,FT,Alejandro Muñiz,Spotify Camp Nou,Barcelona,2,0,H,3,3,9,5,1,6,529.0,1.0,88.0,LWLLW,797.0,20.0,25.0,DWDDW,2,0,3,6,2,3,0,9
877996,2022-09-17 16:30:00+00:00,1663432200,140,2022,Regular Season - 6,532,Valencia,538,Celta Vigo,3,0,FT,Pablo González,Estadio de Mestalla,Valencia,1,0,H,3,3,9,5,1,6,532.0,16.0,42.0,DDLWW,538.0,13.0,43.0,WLDLL,2,2,1,8,1,1,3,4
877992,2022-09-17 19:00:00+00:00,1663441200,140,2022,Regular Season - 6,531,Athletic Club,728,Rayo Vallecano,3,2,FT,Antonio Mateu,San Mamés Barria,Bilbao,3,1,H,5,1,9,5,1,6,531.0,8.0,51.0,DLLWL,728.0,11.0,49.0,LWLLL,1,1,3,4,1,0,4,3
877997,2022-09-18 12:00:00+00:00,1663502400,140,2022,Regular Season - 6,727,Osasuna,546,Getafe,0,2,FT,Isidro Díaz de Mera,Estadio El Sadar,Iruñea,0,1,A,2,-2,9,6,1,6,727.0,7.0,53.0,WLWLW,546.0,15.0,42.0,DWWDL,3,0,2,9,2,2,1,8
878000,2022-09-18 14:15:00+00:00,1663510500,140,2022,Regular Season - 6,533,Villarreal,536,Sevilla,1,1,FT,Alejandro Hernández,Estadio Ciudad de Valencia,Valencia,0,1,D,2,0,9,6,1,6,533.0,5.0,64.0,DLWWW,536.0,12.0,49.0,LLDDW,3,1,1,10,1,2,2,5
877999,2022-09-18 16:30:00+00:00,1663518600,140,2022,Regular Season - 6,548,Real Sociedad,540,Espanyol,2,1,FT,Carlos del Cerro,Reale Arena,Donostia-San Sebastián,2,1,H,3,1,9,6,1,6,548.0,4.0,71.0,WLWWD,540.0,19.0,37.0,DDDWL,3,1,1,10,1,3,1,6
877995,2022-09-18 16:30:00+00:00,1663518600,140,2022,Regular Season - 6,543,Real Betis,547,Girona,2,1,FT,Miguel Ortiz,Estadio Benito Villamarín,Sevilla,1,1,H,3,1,9,6,1,6,543.0,6.0,60.0,DWLDW,547.0,10.0,49.0,LLDLD,2,2,1,8,0,2,3,2
877993,2022-09-18 19:00:00+00:00,1663527600,140,2022,Regular Season - 6,530,Atletico Madrid,541,Real Madrid,1,2,FT,José Munuera,Estádio Cívitas Metropolitano,Madrid,0,2,A,3,-1,9,6,1,6,530.0,3.0,77.0,DWDWL,541.0,2.0,78.0,DWWLW,2,2,1,8,3,1,1,10
878011,2022-09-30 19:00:00+00:00,1664564400,140,2022,Regular Season - 7,531,Athletic Club,723,Almeria,4,0,FT,Juan Pulido,San Mamés Barria,Bilbao,2,0,H,4,4,9,4,0,7,531.0,8.0,51.0,DLLWL,723.0,17.0,41.0,DDLWL,1,1,3,4,1,2,2,5
878003,2022-10-01 12:00:00+00:00,1664625600,140,2022,Regular Season - 7,724,Cadiz,533,Villarreal,0,0,FT,Javier Iglesias,Estadio Nuevo Mirandilla,Cádiz,0,0,D,0,0,10,5,1,7,724.0,14.0,42.0,DWLWL,533.0,5.0,64.0,DLWWW,2,1,2,7,3,1,1,10
878002,2022-10-01 14:15:00+00:00,1664633700,140,2022,Regular Season - 7,546,Getafe,720,Valladolid,2,3,FT,Alejandro Muñiz,Coliseum Alfonso Pérez,Getafe,2,2,A,5,-1,10,5,1,7,546.0,15.0,42.0,DWWDL,720.0,18.0,40.0,DDWLL,2,2,1,8,1,2,2,5
878006,2022-10-01 16:30:00+00:00,1664641800,140,2022,Regular Season - 7,536,Sevilla,530,Atletico Madrid,0,2,FT,Ricardo De Burgos,Estadio Ramón Sánchez Pizjuán,Sevilla,0,1,A,2,-2,10,5,1,7,536.0,12.0,49.0,LLDDW,530.0,3.0,77.0,DWDWL,1,2,2,5,2,2,1,8
878007,2022-10-01 19:00:00+00:00,1664650800,140,2022,Regular Season - 7,798,Mallorca,529,Barcelona,0,1,FT,Jesús Gil,Visit Mallorca Estadi,Palma de Mallorca,0,1,A,1,-1,10,5,1,7,798.0,9.0,50.0,WLWLW,529.0,1.0,88.0,LWLLW,3,0,2,9,2,0,3,6
878004,2022-10-02 12:00:00+00:00,1664712000,140,2022,Regular Season - 7,540,Espanyol,532,Valencia,2,2,FT,Valentín Pizarro,RCDE Stadium,Cornella de Llobregat,0,0,D,4,0,10,6,1,7,540.0,19.0,37.0,DDDWL,532.0,16.0,42.0,DDLWW,1,3,1,6,2,2,1,8
878008,2022-10-02 14:15:00+00:00,1664720100,140,2022,Regular Season - 7,538,Celta Vigo,543,Real Betis,1,0,FT,César Soto,Abanca-Balaídos,Vigo,1,0,H,1,1,10,6,1,7,538.0,13.0,43.0,WLDLL,543.0,6.0,60.0,DWLDW,1,1,3,4,2,2,1,8
878005,2022-10-02 16:30:00+00:00,1664728200,140,2022,Regular Season - 7,547,Girona,548,Real Sociedad,3,5,FT,Mario Melero,Estadi Municipal de Montilivi,Girona,2,2,A,8,-2,10,6,1,7,547.0,10.0,49.0,LLDLD,548.0,4.0,71.0,WLWWD,0,2,3,2,3,1,1,10
878010,2022-10-02 19:00:00+00:00,1664737200,140,2022,Regular Season - 7,541,Real Madrid,727,Osasuna,1,1,FT,Guillermo Cuadra,Estadio Santiago Bernabéu,Madrid,1,0,D,2,0,10,6,1,7,541.0,2.0,78.0,DWWLW,727.0,7.0,53.0,WLWLW,3,1,1,10,3,0,2,9
878009,2022-10-03 19:00:00+00:00,1664823600,140,2022,Regular Season - 7,728,Rayo Vallecano,797,Elche,2,1,FT,Jorge Figueroa,Estadio de Vallecas,Madrid,1,1,H,3,1,10,0,0,7,728.0,11.0,49.0,LWLLL,797.0,20.0,25.0,DWDDW,1,0,4,3,2,3,0,9
878017,2022-10-07 19:00:00+00:00,1665169200,140,2022,Regular Season - 8,727,Osasuna,532,Valencia,1,2,FT,Miguel Ortiz,Estadio El Sadar,Iruñea,0,1,A,3,-1,10,4,0,8,727.0,7.0,53.0,WLWLW,532.0,16.0,42.0,DDLWW,3,0,2,9,2,2,1,8
878019,2022-10-08 12:00:00+00:00,1665230400,140,2022,Regular Season - 8,723,Almeria,728,Rayo Vallecano,3,1,FT,Pablo González,Power Horse Stadium – Estadio de los Juegos Mediterráneos,Almería,3,0,H,4,2,10,5,1,8,723.0,17.0,41.0,DDLWL,728.0,11.0,49.0,LWLLL,1,2,2,5,1,0,4,3
878012,2022-10-08 14:15:00+00:00,1665238500,140,2022,Regular Season - 8,530,Atletico Madrid,547,Girona,2,1,FT,Juan Martínez,Estádio Cívitas Metropolitano,Madrid,1,0,H,3,1,10,5,1,8,530.0,3.0,77.0,DWDWL,547.0,10.0,49.0,LLDLD,2,2,1,8,0,2,3,2
878020,2022-10-08 16:30:00+00:00,1665246600,140,2022,Regular Season - 8,536,Sevilla,531,Athletic Club,1,1,FT,Jesús Gil,Estadio Ramón Sánchez Pizjuán,Sevilla,1,0,D,2,0,10,5,1,8,536.0,12.0,49.0,LLDDW,531.0,8.0,51.0,DLLWL,1,2,2,5,1,1,3,4
878015,2022-10-08 19:00:00+00:00,1665255600,140,2022,Regular Season - 8,546,Getafe,541,Real Madrid,0,1,FT,Antonio Mateu,Coliseum Alfonso Pérez,Getafe,0,1,A,1,-1,10,5,1,8,546.0,15.0,42.0,DWWDL,541.0,2.0,78.0,DWWLW,2,2,1,8,3,1,1,10
878021,2022-10-09 12:00:00+00:00,1665316800,140,2022,Regular Season - 8,720,Valladolid,543,Real Betis,0,0,FT,Carlos del Cerro,Estadio Municipal José Zorrilla,Valladolid,0,0,D,0,0,10,6,1,8,720.0,18.0,40.0,DDWLL,543.0,6.0,60.0,DWLDW,1,2,2,5,2,2,1,8
878016,2022-10-09 14:15:00+00:00,1665324900,140,2022,Regular Season - 8,724,Cadiz,540,Espanyol,2,2,FT,Alejandro Hernández,Estadio Nuevo Mirandilla,Cádiz,1,0,D,4,0,10,6,1,8,724.0,14.0,42.0,DWLWL,540.0,19.0,37.0,DDDWL,2,1,2,7,1,3,1,6
878018,2022-10-09 16:30:00+00:00,1665333000,140,2022,Regular Season - 8,548,Real Sociedad,533,Villarreal,1,0,FT,César Soto,Reale Arena,Donostia-San Sebastián,1,0,H,1,1,10,6,1,8,548.0,4.0,71.0,WLWWD,533.0,5.0,64.0,DLWWW,3,1,1,10,3,1,1,10
878013,2022-10-09 19:00:00+00:00,1665342000,140,2022,Regular Season - 8,529,Barcelona,538,Celta Vigo,1,0,FT,José Munuera,Spotify Camp Nou,Barcelona,1,0,H,1,1,10,6,1,8,529.0,1.0,88.0,LWLLW,538.0,13.0,43.0,WLDLL,2,0,3,6,1,1,3,4
878014,2022-10-10 19:00:00+00:00,1665428400,140,2022,Regular Season - 8,797,Elche,798,Mallorca,1,1,FT,Valentín Pizarro,Estadio Manuel Martínez Valero,Elche,1,0,D,2,0,10,0,0,8,797.0,20.0,25.0,DWDDW,798.0,9.0,50.0,WLWLW,2,3,0,9,3,0,2,9
878028,2022-10-14 19:00:00+00:00,1665774000,140,2022,Regular Season - 9,728,Rayo Vallecano,546,Getafe,0,0,FT,Mario Melero,Estadio de Vallecas,Madrid,0,0,D,0,0,10,4,0,9,728.0,11.0,49.0,LWLLL,546.0,15.0,42.0,DWWDL,1,0,4,3,2,2,1,8
878029,2022-10-15 12:00:00+00:00,1665835200,140,2022,Regular Season - 9,547,Girona,724,Cadiz,1,1,FT,Ricardo De Burgos,Estadi Municipal de Montilivi,Girona,0,0,D,2,0,10,5,1,9,547.0,10.0,49.0,LLDLD,724.0,14.0,42.0,DWLWL,0,2,3,2,2,1,2,7
878027,2022-10-15 14:15:00+00:00,1665843300,140,2022,Regular Season - 9,532,Valencia,797,Elche,2,2,FT,Juan Pulido,Estadio de Mestalla,Valencia,2,1,D,4,0,10,5,1,9,532.0,16.0,42.0,DDLWW,797.0,20.0,25.0,DWDDW,2,2,1,8,2,3,0,9
878024,2022-10-15 16:30:00+00:00,1665851400,140,2022,Regular Season - 9,798,Mallorca,536,Sevilla,0,1,FT,Javier Iglesias,Visit Mallorca Estadi,Palma de Mallorca,0,0,A,1,-1,10,5,1,9,798.0,9.0,50.0,WLWLW,536.0,12.0,49.0,LLDDW,3,0,2,9,1,2,2,5
878022,2022-10-15 19:00:00+00:00,1665860400,140,2022,Regular Season - 9,531,Athletic Club,530,Atletico Madrid,0,1,FT,Jorge Figueroa,San Mamés Barria,Bilbao,0,0,A,1,-1,10,5,1,9,531.0,8.0,51.0,DLLWL,530.0,3.0,77.0,DWDWL,1,1,3,4,2,2,1,8
878023,2022-10-16 12:00:00+00:00,1665921600,140,2022,Regular Season - 9,538,Celta Vigo,548,Real Sociedad,1,2,FT,Guillermo Cuadra,Abanca-Balaídos,Vigo,1,1,A,3,-1,10,6,1,9,538.0,13.0,43.0,WLDLL,548.0,4.0,71.0,WLWWD,1,1,3,4,3,1,1,10
878026,2022-10-16 14:15:00+00:00,1665929700,140,2022,Regular Season - 9,541,Real Madrid,529,Barcelona,3,1,FT,José Sánchez,Estadio Santiago Bernabéu,Madrid,2,0,H,4,2,10,6,1,9,541.0,2.0,78.0,DWWLW,529.0,1.0,88.0,LWLLW,3,1,1,10,2,0,3,6
878025,2022-10-16 16:30:00+00:00,1665937800,140,2022,Regular Season - 9,540,Espanyol,720,Valladolid,1,0,FT,Antonio Mateu,RCDE Stadium,Cornella de Llobregat,0,0,H,1,1,10,6,1,9,540.0,19.0,37.0,DDDWL,720.0,18.0,40.0,DDWLL,1,3,1,6,1,2,2,5
878031,2022-10-16 19:00:00+00:00,1665946800,140,2022,Regular Season - 9,543,Real Betis,723,Almeria,3,1,FT,Alejandro Muñiz,Estadio Benito Villamarín,Sevilla,1,0,H,4,2,10,6,1,9,543.0,6.0,60.0,DWLDW,723.0,17.0,41.0,DDLWL,2,2,1,8,1,2,2,5
878030,2022-10-17 19:00:00+00:00,1666033200,140,2022,Regular Season - 9,533,Villarreal,727,Osasuna,2,0,FT,Pablo González,Estadio Ciudad de Valencia,Valencia,1,0,H,2,2,10,0,0,9,533.0,5.0,64.0,DLWWW,727.0,7.0,53.0,WLWLW,3,1,1,10,3,0,2,9
878035,2022-10-18 17:00:00+00:00,1666112400,140,2022,Regular Season - 10,536,Sevilla,532,Valencia,1,1,FT,César Soto,Estadio Ramón Sánchez Pizjuán,Sevilla,0,1,D,2,0,10,1,0,10,536.0,12.0,49.0,LLDDW,532.0,16.0,42.0,DDLWW,1,2,2,5,2,2,1,8
878037,2022-10-18 18:00:00+00:00,1666116000,140,2022,Regular Season - 10,546,Getafe,531,Athletic Club,2,2,FT,José Munuera,Coliseum Alfonso Pérez,Getafe,1,1,D,4,0,10,1,0,10,546.0,15.0,42.0,DWWDL,531.0,8.0,51.0,DLLWL,2,2,1,8,1,1,3,4
878032,2022-10-18 19:00:00+00:00,1666119600,140,2022,Regular Season - 10,530,Atletico Madrid,728,Rayo Vallecano,1,1,FT,Javier Iglesias,Estádio Cívitas Metropolitano,Madrid,1,0,D,2,0,10,1,0,10,530.0,3.0,77.0,DWDWL,728.0,11.0,49.0,LWLLL,2,2,1,8,1,0,4,3
878038,2022-10-19 17:00:00+00:00,1666198800,140,2022,Regular Season - 10,724,Cadiz,543,Real Betis,0,0,FT,Antonio Mateu,Estadio Nuevo Mirandilla,Cádiz,0,0,D,0,0,10,2,0,10,724.0,14.0,42.0,DWLWL,543.0,6.0,60.0,DWLDW,2,1,2,7,2,2,1,8
878039,2022-10-19 17:00:00+00:00,1666198800,140,2022,Regular Season - 10,720,Valladolid,538,Celta Vigo,4,1,FT,Valentín Pizarro,Estadio Municipal José Zorrilla,Valladolid,1,1,H,5,3,10,2,0,10,720.0,18.0,40.0,DDWLL,538.0,13.0,43.0,WLDLL,1,2,2,5,1,1,3,4
878040,2022-10-19 18:00:00+00:00,1666202400,140,2022,Regular Season - 10,548,Real Sociedad,798,Mallorca,1,0,FT,Miguel Ortiz,Reale Arena,Donostia-San Sebastián,1,0,H,1,1,10,2,0,10,548.0,4.0,71.0,WLWWD,798.0,9.0,50.0,WLWLW,3,1,1,10,3,0,2,9
878034,2022-10-19 19:00:00+00:00,1666206000,140,2022,Regular Season - 10,797,Elche,541,Real Madrid,0,3,FT,Jesús Gil,Estadio Manuel Martínez Valero,Elche,0,1,A,3,-3,10,2,0,10,797.0,20.0,25.0,DWDDW,541.0,2.0,78.0,DWWLW,2,3,0,9,3,1,1,10
878036,2022-10-20 17:00:00+00:00,1666285200,140,2022,Regular Season - 10,723,Almeria,547,Girona,3,2,FT,Guillermo Cuadra,Power Horse Stadium – Estadio de los Juegos Mediterráneos,Almería,3,0,H,5,1,10,3,0,10,723.0,17.0,41.0,DDLWL,547.0,10.0,49.0,LLDLD,1,2,2,5,0,2,3,2
878041,2022-10-20 18:00:00+00:00,1666288800,140,2022,Regular Season - 10,727,Osasuna,540,Espanyol,1,0,FT,Mario Melero,Estadio El Sadar,Iruñea,0,0,H,1,1,10,3,0,10,727.0,7.0,53.0,WLWLW,540.0,19.0,37.0,DDDWL,3,0,2,9,1,3,1,6
878033,2022-10-20 19:00:00+00:00,1666292400,140,2022,Regular Season - 10,529,Barcelona,533,Villarreal,3,0,FT,Carlos del Cerro,Spotify Camp Nou,Barcelona,3,0,H,3,3,10,3,0,10,529.0,1.0,88.0,LWLLW,533.0,5.0,64.0,DLWWW,2,0,3,6,3,1,1,10
878049,2022-10-22 12:00:00+00:00,1666440000,140,2022,Regular Season - 11,728,Rayo Vallecano,724,Cadiz,5,1,FT,Alejandro Muñiz,Estadio de Vallecas,Madrid,2,0,H,6,4,10,5,1,11,728.0,11.0,49.0,LWLLL,724.0,14.0,42.0,DWLWL,1,0,4,3,2,1,2,7
878050,2022-10-22 14:15:00+00:00,1666448100,140,2022,Regular Season - 11,720,Valladolid,548,Real Sociedad,1,0,FT,Jorge Figueroa,Estadio Municipal José Zorrilla,Valladolid,1,0,H,1,1,10,5,1,11,720.0,18.0,40.0,DDWLL,548.0,4.0,71.0,WLWWD,1,2,2,5,3,1,1,10
878048,2022-10-22 16:30:00+00:00,1666456200,140,2022,Regular Season - 11,532,Valencia,798,Mallorca,1,2,FT,José Sánchez,Estadio de Mestalla,Valencia,0,0,A,3,-1,10,5,1,11,532.0,16.0,42.0,DDLWW,798.0,9.0,50.0,WLWLW,2,2,1,8,3,0,2,9
878043,2022-10-22 19:00:00+00:00,1666465200,140,2022,Regular Season - 11,541,Real Madrid,536,Sevilla,3,1,FT,Alejandro Hernández,Estadio Santiago Bernabéu,Madrid,1,0,H,4,2,10,5,1,11,541.0,2.0,78.0,DWWLW,536.0,12.0,49.0,LLDDW,3,1,1,10,1,2,2,5
878047,2022-10-23 12:00:00+00:00,1666526400,140,2022,Regular Season - 11,540,Espanyol,797,Elche,2,2,FT,José Munuera,RCDE Stadium,Cornella de Llobregat,1,1,D,4,0,10,6,1,11,540.0,19.0,37.0,DDDWL,797.0,20.0,25.0,DWDDW,1,3,1,6,2,3,0,9
878046,2022-10-23 14:15:00+00:00,1666534500,140,2022,Regular Season - 11,543,Real Betis,530,Atletico Madrid,1,2,FT,Jesús Gil,Estadio Benito Villamarín,Sevilla,0,0,A,3,-1,10,6,1,11,543.0,6.0,60.0,DWLDW,530.0,3.0,77.0,DWDWL,2,2,1,8,2,2,1,8
878051,2022-10-23 16:30:00+00:00,1666542600,140,2022,Regular Season - 11,533,Villarreal,723,Almeria,2,1,FT,Ricardo De Burgos,Estadio Ciudad de Valencia,Valencia,0,1,H,3,1,10,6,1,11,533.0,5.0,64.0,DLWWW,723.0,17.0,41.0,DDLWL,3,1,1,10,1,2,2,5
878044,2022-10-23 16:30:00+00:00,1666542600,140,2022,Regular Season - 11,547,Girona,727,Osasuna,1,1,FT,Juan Pulido,Estadi Municipal de Montilivi,Girona,1,1,D,2,0,10,6,1,11,547.0,10.0,49.0,LLDLD,727.0,7.0,53.0,WLWLW,0,2,3,2,3,0,2,9
878045,2022-10-23 19:00:00+00:00,1666551600,140,2022,Regular Season - 11,529,Barcelona,531,Athletic Club,4,0,FT,Juan Martínez,Spotify Camp Nou,Barcelona,3,0,H,4,4,10,6,1,11,529.0,1.0,88.0,LWLLW,531.0,8.0,51.0,DLLWL,2,0,3,6,1,1,3,4
878042,2022-10-24 19:00:00+00:00,1666638000,140,2022,Regular Season - 11,538,Celta Vigo,546,Getafe,1,1,FT,Pablo González,Abanca-Balaídos,Vigo,0,1,D,2,0,10,0,0,11,538.0,13.0,43.0,WLDLL,546.0,15.0,42.0,DWWDL,1,1,3,4,2,2,1,8
878059,2022-10-28 19:00:00+00:00,1666983600,140,2022,Regular Season - 12,798,Mallorca,540,Espanyol,1,1,FT,Isidro Díaz de Mera,Visit Mallorca Estadi,Palma de Mallorca,0,0,D,2,0,10,4,0,12,798.0,9.0,50.0,WLWLW,540.0,19.0,37.0,DDDWL,3,0,2,9,1,3,1,6
878055,2022-10-29 12:00:00+00:00,1667044800,140,2022,Regular Season - 12,723,Almeria,538,Celta Vigo,3,1,FT,Carlos del Cerro,Power Horse Stadium – Estadio de los Juegos Mediterráneos,Almería,0,1,H,4,2,10,5,1,12,723.0,17.0,41.0,DDLWL,538.0,13.0,43.0,WLDLL,1,2,2,5,1,1,3,4
878056,2022-10-29 14:15:00+00:00,1667052900,140,2022,Regular Season - 12,724,Cadiz,530,Atletico Madrid,3,2,FT,José Sánchez,Estadio Nuevo Mirandilla,Cádiz,1,0,H,5,1,10,5,1,12,724.0,14.0,42.0,DWLWL,530.0,3.0,77.0,DWDWL,2,1,2,7,2,2,1,8
878060,2022-10-29 16:30:00+00:00,1667061000,140,2022,Regular Season - 12,536,Sevilla,728,Rayo Vallecano,0,1,FT,Antonio Mateu,Estadio Ramón Sánchez Pizjuán,Sevilla,0,0,A,1,-1,10,5,1,12,536.0,12.0,49.0,LLDDW,728.0,11.0,49.0,LWLLL,1,2,2,5,1,0,4,3
878057,2022-10-29 19:00:00+00:00,1667070000,140,2022,Regular Season - 12,532,Valencia,529,Barcelona,0,1,FT,Ricardo De Burgos,Estadio de Mestalla,Valencia,0,0,A,1,-1,10,5,1,12,532.0,16.0,42.0,DDLWW,529.0,1.0,88.0,LWLLW,2,2,1,8,2,0,3,6
878054,2022-10-30 13:00:00+00:00,1667134800,140,2022,Regular Season - 12,727,Osasuna,720,Valladolid,2,0,FT,Guillermo Cuadra,Estadio El Sadar,Iruñea,2,0,H,2,2,10,6,1,12,727.0,7.0,53.0,WLWLW,720.0,18.0,40.0,DDWLL,3,0,2,9,1,2,2,5
878061,2022-10-30 15:15:00+00:00,1667142900,140,2022,Regular Season - 12,541,Real Madrid,547,Girona,1,1,FT,Mario Melero,Estadio Santiago Bernabéu,Madrid,0,0,D,2,0,10,6,1,12,541.0,2.0,78.0,DWWLW,547.0,10.0,49.0,LLDLD,3,1,1,10,0,2,3,2
878052,2022-10-30 17:30:00+00:00,1667151000,140,2022,Regular Season - 12,531,Athletic Club,533,Villarreal,1,0,FT,Miguel Ortiz,San Mamés Barria,Bilbao,0,0,H,1,1,10,6,1,12,531.0,8.0,51.0,DLLWL,533.0,5.0,64.0,DLWWW,1,1,3,4,3,1,1,10
878058,2022-10-30 20:00:00+00:00,1667160000,140,2022,Regular Season - 12,548,Real Sociedad,543,Real Betis,0,2,FT,Javier Iglesias,Reale Arena,Donostia-San Sebastián,0,0,A,2,-2,10,6,1,12,548.0,4.0,71.0,WLWWD,543.0,6.0,60.0,DWLDW,3,1,1,10,2,2,1,8
878053,2022-10-31 20:00:00+00:00,1667246400,140,2022,Regular Season - 12,797,Elche,546,Getafe,0,1,FT,César Soto,Estadio Manuel Martínez Valero,Elche,0,0,A,1,-1,10,0,0,12,797.0,20.0,25.0,DWDDW,546.0,15.0,42.0,DWWDL,2,3,0,9,2,2,1,8
878067,2022-11-04 20:00:00+00:00,1667592000,140,2022,Regular Season - 13,547,Girona,531,Athletic Club,2,1,FT,Valentín Pizarro,Estadi Municipal de Montilivi,Girona,0,0,H,3,1,11,4,0,13,547.0,10.0,49.0,LLDLD,531.0,8.0,51.0,DLLWL,0,2,3,2,1,1,3,4
878070,2022-11-05 13:00:00+00:00,1667653200,140,2022,Regular Season - 13,546,Getafe,724,Cadiz,0,0,FT,Alejandro Hernández,Coliseum Alfonso Pérez,Getafe,0,0,D,0,0,11,5,1,13,546.0,15.0,42.0,DWWDL,724.0,14.0,42.0,DWLWL,2,2,1,8,2,1,2,7
878068,2022-11-05 15:15:00+00:00,1667661300,140,2022,Regular Season - 13,720,Valladolid,797,Elche,2,1,FT,Ricardo De Burgos,Estadio Municipal José Zorrilla,Valladolid,1,0,H,3,1,11,5,1,13,720.0,18.0,40.0,DDWLL,797.0,20.0,25.0,DWDDW,1,2,2,5,2,3,0,9
878064,2022-11-05 17:30:00+00:00,1667669400,140,2022,Regular Season - 13,538,Celta Vigo,727,Osasuna,1,2,FT,Jorge Figueroa,Abanca-Balaídos,Vigo,1,2,A,3,-1,11,5,1,13,538.0,13.0,43.0,WLDLL,727.0,7.0,53.0,WLWLW,1,1,3,4,3,0,2,9
878071,2022-11-05 20:00:00+00:00,1667678400,140,2022,Regular Season - 13,529,Barcelona,723,Almeria,2,0,FT,Pablo González,Spotify Camp Nou,Barcelona,0,0,H,2,2,11,5,1,13,529.0,1.0,88.0,LWLLW,723.0,17.0,41.0,DDLWL,2,0,3,6,1,2,2,5
878062,2022-11-06 13:00:00+00:00,1667739600,140,2022,Regular Season - 13,530,Atletico Madrid,540,Espanyol,1,1,FT,Juan Pulido,Estádio Cívitas Metropolitano,Madrid,0,0,D,2,0,11,6,1,13,530.0,3.0,77.0,DWDWL,540.0,19.0,37.0,DDDWL,2,2,1,8,1,3,1,6
878065,2022-11-06 15:15:00+00:00,1667747700,140,2022,Regular Season - 13,548,Real Sociedad,532,Valencia,1,1,FT,José Munuera,Reale Arena,Donostia-San Sebastián,1,1,D,2,0,11,6,1,13,548.0,4.0,71.0,WLWWD,532.0,16.0,42.0,DDLWW,3,1,1,10,2,2,1,8
878069,2022-11-06 17:30:00+00:00,1667755800,140,2022,Regular Season - 13,533,Villarreal,798,Mallorca,0,2,FT,Alejandro Muñiz,Estadio Ciudad de Valencia,Valencia,0,1,A,2,-2,11,6,1,13,533.0,5.0,64.0,DLWWW,798.0,9.0,50.0,WLWLW,3,1,1,10,3,0,2,9
878063,2022-11-06 20:00:00+00:00,1667764800,140,2022,Regular Season - 13,543,Real Betis,536,Sevilla,1,1,FT,José Sánchez,Estadio Benito Villamarín,Sevilla,1,0,D,2,0,11,6,1,13,543.0,6.0,60.0,DWLDW,536.0,12.0,49.0,LLDDW,2,2,1,8,1,2,2,5
878066,2022-11-07 20:00:00+00:00,1667851200,140,2022,Regular Season - 13,728,Rayo Vallecano,541,Real Madrid,3,2,FT,Juan Martínez,Estadio de Vallecas,Madrid,2,2,H,5,1,11,0,0,13,728.0,11.0,49.0,LWLLL,541.0,2.0,78.0,DWWLW,1,0,4,3,3,1,1,10
878073,2022-11-08 18:00:00+00:00,1667930400,140,2022,Regular Season - 14,797,Elche,547,Girona,1,2,FT,Pablo González,Estadio Manuel Martínez Valero,Elche,1,1,A,3,-1,11,1,0,14,797.0,20.0,25.0,DWDDW,547.0,10.0,49.0,LLDLD,2,3,0,9,0,2,3,2
878072,2022-11-08 19:00:00+00:00,1667934000,140,2022,Regular Season - 14,531,Athletic Club,720,Valladolid,3,0,FT,Isidro Díaz de Mera,San Mamés Barria,Bilbao,1,0,H,3,3,11,1,0,14,531.0,8.0,51.0,DLLWL,720.0,18.0,40.0,DDWLL,1,1,3,4,1,2,2,5
878077,2022-11-08 20:30:00+00:00,1667939400,140,2022,Regular Season - 14,727,Osasuna,529,Barcelona,1,2,FT,Jesús Gil,Estadio El Sadar,Iruñea,1,0,A,3,-1,11,1,0,14,727.0,7.0,53.0,WLWLW,529.0,1.0,88.0,LWLLW,3,0,2,9,2,0,3,6
878081,2022-11-09 18:00:00+00:00,1668016800,140,2022,Regular Season - 14,536,Sevilla,548,Real Sociedad,1,2,FT,Carlos del Cerro,Estadio Ramón Sánchez Pizjuán,Sevilla,1,2,A,3,-1,11,2,0,14,536.0,12.0,49.0,LLDDW,548.0,4.0,71.0,WLWWD,1,2,2,5,3,1,1,10
878075,2022-11-09 18:00:00+00:00,1668016800,140,2022,Regular Season - 14,723,Almeria,546,Getafe,1,0,FT,Alejandro Muñiz,Power Horse Stadium – Estadio de los Juegos Mediterráneos,Almería,1,0,H,1,1,11,2,0,14,723.0,17.0,41.0,DDLWL,546.0,15.0,42.0,DWWDL,1,2,2,5,2,2,1,8
878074,2022-11-09 19:00:00+00:00,1668020400,140,2022,Regular Season - 14,540,Espanyol,533,Villarreal,0,1,FT,Javier Iglesias,RCDE Stadium,Cornella de Llobregat,0,0,A,1,-1,11,2,0,14,540.0,19.0,37.0,DDDWL,533.0,5.0,64.0,DLWWW,1,3,1,6,3,1,1,10
878076,2022-11-09 20:30:00+00:00,1668025800,140,2022,Regular Season - 14,798,Mallorca,530,Atletico Madrid,1,0,FT,Mario Melero,Visit Mallorca Estadi,Palma de Mallorca,1,0,H,1,1,11,2,0,14,798.0,9.0,50.0,WLWLW,530.0,3.0,77.0,DWDWL,3,0,2,9,2,2,1,8
878079,2022-11-10 18:00:00+00:00,1668103200,140,2022,Regular Season - 14,728,Rayo Vallecano,538,Celta Vigo,0,0,FT,José Munuera,Estadio de Vallecas,Madrid,0,0,D,0,0,11,3,0,14,728.0,11.0,49.0,LWLLL,538.0,13.0,43.0,WLDLL,1,0,4,3,1,1,3,4
878078,2022-11-10 19:00:00+00:00,1668106800,140,2022,Regular Season - 14,532,Valencia,543,Real Betis,3,0,FT,Miguel Ortiz,Estadio de Mestalla,Valencia,0,0,H,3,3,11,3,0,14,532.0,16.0,42.0,DDLWW,543.0,6.0,60.0,DWLDW,2,2,1,8,2,2,1,8
878080,2022-11-10 20:30:00+00:00,1668112200,140,2022,Regular Season - 14,541,Real Madrid,724,Cadiz,2,1,FT,César Soto,Estadio Santiago Bernabéu,Madrid,1,0,H,3,1,11,3,0,14,541.0,2.0,78.0,DWWLW,724.0,14.0,42.0,DWLWL,3,1,1,10,2,1,2,7
878086,2022-12-29 16:00:00+00:00,1672329600,140,2022,Regular Season - 15,547,Girona,728,Rayo Vallecano,2,2,FT,Jorge Figueroa,Estadi Municipal de Montilivi,Girona,1,1,D,4,0,12,3,0,15,547.0,10.0,49.0,LLDLD,728.0,11.0,49.0,LWLLL,0,2,3,2,1,0,4,3
878087,2022-12-29 18:15:00+00:00,1672337700,140,2022,Regular Season - 15,543,Real Betis,531,Athletic Club,0,0,FT,Alejandro Hernández,Estadio Benito Villamarín,Sevilla,0,0,D,0,0,12,3,0,15,543.0,6.0,60.0,DWLDW,531.0,8.0,51.0,DLLWL,2,2,1,8,1,1,3,4
878082,2022-12-29 20:30:00+00:00,1672345800,140,2022,Regular Season - 15,530,Atletico Madrid,797,Elche,2,0,FT,Guillermo Cuadra,Estádio Cívitas Metropolitano,Madrid,0,0,H,2,2,12,3,0,15,530.0,3.0,77.0,DWDWL,797.0,20.0,25.0,DWDDW,2,2,1,8,2,3,0,9
878085,2022-12-30 16:00:00+00:00,1672416000,140,2022,Regular Season - 15,546,Getafe,798,Mallorca,2,0,FT,Javier Alberola,Coliseum Alfonso Pérez,Getafe,0,0,H,2,2,12,4,0,15,546.0,15.0,42.0,DWWDL,798.0,9.0,50.0,WLWLW,2,2,1,8,3,0,2,9
878084,2022-12-30 18:15:00+00:00,1672424100,140,2022,Regular Season - 15,538,Celta Vigo,536,Sevilla,1,1,FT,Ricardo De Burgos,Abanca-Balaídos,Vigo,1,0,D,2,0,12,4,0,15,538.0,13.0,43.0,WLDLL,536.0,12.0,49.0,LLDDW,1,1,3,4,1,2,2,5
878091,2022-12-30 18:15:00+00:00,1672424100,140,2022,Regular Season - 15,724,Cadiz,723,Almeria,1,1,FT,Juan Martínez,Estadio Nuevo Mirandilla,Cádiz,0,1,D,2,0,12,4,0,15,724.0,14.0,42.0,DWLWL,723.0,17.0,41.0,DDLWL,2,1,2,7,1,2,2,5
878089,2022-12-30 20:30:00+00:00,1672432200,140,2022,Regular Season - 15,720,Valladolid,541,Real Madrid,0,2,FT,José Munuera,Estadio Municipal José Zorrilla,Valladolid,0,0,A,2,-2,12,4,0,15,720.0,18.0,40.0,DDWLL,541.0,2.0,78.0,DWWLW,1,2,2,5,3,1,1,10
878083,2022-12-31 13:00:00+00:00,1672491600,140,2022,Regular Season - 15,529,Barcelona,540,Espanyol,1,1,FT,Antonio Mateu,Spotify Camp Nou,Barcelona,1,0,D,2,0,12,5,1,15,529.0,1.0,88.0,LWLLW,540.0,19.0,37.0,DDDWL,2,0,3,6,1,3,1,6
878090,2022-12-31 15:15:00+00:00,1672499700,140,2022,Regular Season - 15,533,Villarreal,532,Valencia,2,1,FT,José Sánchez,Estadio de la Cerámica,Villarreal,1,1,H,3,1,12,5,1,15,533.0,5.0,64.0,DLWWW,532.0,16.0,42.0,DDLWW,3,1,1,10,2,2,1,8
878088,2022-12-31 15:15:00+00:00,1672499700,140,2022,Regular Season - 15,548,Real Sociedad,727,Osasuna,2,0,FT,Valentín Pizarro,Reale Arena,Donostia-San Sebastián,1,0,H,2,2,12,5,1,15,548.0,4.0,71.0,WLWWD,727.0,7.0,53.0,WLWLW,3,1,1,10,3,0,2,9
878098,2023-01-06 17:30:00+00:00,1673026200,140,2022,Regular Season - 16,797,Elche,538,Celta Vigo,0,1,FT,Miguel Ortiz,Estadio Manuel Martínez Valero,Elche,0,1,A,1,-1,1,4,0,16,797.0,20.0,25.0,DWDDW,538.0,13.0,43.0,WLDLL,2,3,0,9,1,1,3,4
878100,2023-01-06 20:00:00+00:00,1673035200,140,2022,Regular Season - 16,532,Valencia,724,Cadiz,0,1,FT,Pablo González,Estadio de Mestalla,Valencia,0,1,A,1,-1,1,4,0,16,532.0,16.0,42.0,DDLWW,724.0,14.0,42.0,DWLWL,2,2,1,8,2,1,2,7
878101,2023-01-07 15:15:00+00:00,1673104500,140,2022,Regular Season - 16,533,Villarreal,541,Real Madrid,2,1,FT,César Soto,Estadio de la Cerámica,Villarreal,0,0,H,3,1,1,5,1,16,533.0,5.0,64.0,DLWWW,541.0,2.0,78.0,DWWLW,3,1,1,10,3,1,1,10
878094,2023-01-07 17:30:00+00:00,1673112600,140,2022,Regular Season - 16,798,Mallorca,720,Valladolid,1,0,FT,Valentín Pizarro,Visit Mallorca Estadi,Palma de Mallorca,0,0,H,1,1,1,5,1,16,798.0,9.0,50.0,WLWLW,720.0,18.0,40.0,DDWLL,3,0,2,9,1,2,2,5
878095,2023-01-07 20:00:00+00:00,1673121600,140,2022,Regular Season - 16,540,Espanyol,547,Girona,2,2,FT,Carlos del Cerro,RCDE Stadium,Cornella de Llobregat,0,1,D,4,0,1,5,1,16,540.0,19.0,37.0,DDDWL,547.0,10.0,49.0,LLDLD,1,3,1,6,0,2,3,2
878096,2023-01-08 13:00:00+00:00,1673182800,140,2022,Regular Season - 16,723,Almeria,548,Real Sociedad,0,2,FT,Javier Alberola,Power Horse Stadium – Estadio de los Juegos Mediterráneos,Almería,0,0,A,2,-2,1,6,1,16,723.0,17.0,41.0,DDLWL,548.0,4.0,71.0,WLWWD,1,2,2,5,3,1,1,10
878097,2023-01-08 15:15:00+00:00,1673190900,140,2022,Regular Season - 16,728,Rayo Vallecano,543,Real Betis,1,2,FT,Isidro Díaz de Mera,Estadio de Vallecas,Madrid,1,2,A,3,-1,1,6,1,16,728.0,11.0,49.0,LWLLL,543.0,6.0,60.0,DWLDW,1,0,4,3,2,2,1,8
878099,2023-01-08 17:30:00+00:00,1673199000,140,2022,Regular Season - 16,536,Sevilla,546,Getafe,2,1,FT,Juan Martínez,Estadio Ramón Sánchez Pizjuán,Sevilla,1,0,H,3,1,1,6,1,16,536.0,12.0,49.0,LLDDW,546.0,15.0,42.0,DWWDL,1,2,2,5,2,2,1,8
878093,2023-01-08 20:00:00+00:00,1673208000,140,2022,Regular Season - 16,530,Atletico Madrid,529,Barcelona,0,1,FT,José Munuera,Estádio Cívitas Metropolitano,Madrid,0,1,A,1,-1,1,6,1,16,530.0,3.0,77.0,DWDWL,529.0,1.0,88.0,LWLLW,2,2,1,8,2,0,3,6
878092,2023-01-09 20:00:00+00:00,1673294400,140,2022,Regular Season - 16,531,Athletic Club,727,Osasuna,0,0,FT,Mario Melero,San Mamés Barria,Bilbao,0,0,D,0,0,1,0,0,16,531.0,8.0,51.0,DLLWL,727.0,7.0,53.0,WLWLW,1,1,3,4,3,0,2,9
878102,2023-01-13 20:00:00+00:00,1673640000,140,2022,Regular Season - 17,538,Celta Vigo,533,Villarreal,1,1,FT,Javier Alberola,Abanca-Balaídos,Vigo,0,1,D,2,0,1,4,0,17,538.0,13.0,43.0,WLDLL,533.0,5.0,64.0,DLWWW,1,1,3,4,3,1,1,10
878111,2023-01-14 13:00:00+00:00,1673701200,140,2022,Regular Season - 17,720,Valladolid,728,Rayo Vallecano,0,1,FT,Mario Melero,Estadio Municipal José Zorrilla,Valladolid,0,0,A,1,-1,1,5,1,17,720.0,18.0,40.0,DDWLL,728.0,11.0,49.0,LWLLL,1,2,2,5,1,0,4,3
878106,2023-01-14 15:15:00+00:00,1673709300,140,2022,Regular Season - 17,547,Girona,536,Sevilla,2,1,FT,Valentín Pizarro,Estadi Municipal de Montilivi,Girona,0,1,H,3,1,1,5,1,17,547.0,10.0,49.0,LLDLD,536.0,12.0,49.0,LLDDW,0,2,3,2,1,2,2,5
878109,2023-01-14 17:30:00+00:00,1673717400,140,2022,Regular Season - 17,727,Osasuna,798,Mallorca,1,0,FT,César Soto,Estadio El Sadar,Iruñea,0,0,H,1,1,1,5,1,17,727.0,7.0,53.0,WLWLW,798.0,9.0,50.0,WLWLW,3,0,2,9,3,0,2,9
878107,2023-01-14 20:00:00+00:00,1673726400,140,2022,Regular Season - 17,548,Real Sociedad,531,Athletic Club,3,1,FT,Guillermo Cuadra,Reale Arena,Donostia-San Sebastián,2,1,H,4,2,1,5,1,17,548.0,4.0,71.0,WLWWD,531.0,8.0,51.0,DLLWL,3,1,1,10,1,1,3,4
878110,2023-01-15 13:00:00+00:00,1673787600,140,2022,Regular Season - 17,546,Getafe,540,Espanyol,1,2,FT,Jorge Figueroa,Coliseum Alfonso Pérez,Getafe,1,1,A,3,-1,1,6,1,17,546.0,15.0,42.0,DWWDL,540.0,19.0,37.0,DDDWL,2,2,1,8,1,3,1,6
878105,2023-01-15 15:15:00+00:00,1673795700,140,2022,Regular Season - 17,723,Almeria,530,Atletico Madrid,1,1,FT,José Sánchez,Power Horse Stadium – Estadio de los Juegos Mediterráneos,Almería,1,1,D,2,0,1,6,1,17,723.0,17.0,41.0,DDLWL,530.0,3.0,77.0,DWDWL,1,2,2,5,2,2,1,8
878103,2023-01-16 20:00:00+00:00,1673899200,140,2022,Regular Season - 17,724,Cadiz,797,Elche,1,1,FT,Carlos del Cerro,Estadio Nuevo Mirandilla,Cádiz,1,0,D,2,0,1,0,0,17,724.0,14.0,42.0,DWLWL,797.0,20.0,25.0,DWDDW,2,1,2,7,2,3,0,9
878118,2023-01-20 20:00:00+00:00,1674244800,140,2022,Regular Season - 18,798,Mallorca,538,Celta Vigo,1,0,FT,Juan Pulido,Visit Mallorca Estadi,Palma de Mallorca,0,0,H,1,1,1,4,0,18,798.0,9.0,50.0,WLWLW,538.0,13.0,43.0,WLDLL,3,0,2,9,1,1,3,4
878116,2023-01-21 13:00:00+00:00,1674306000,140,2022,Regular Season - 18,728,Rayo Vallecano,548,Real Sociedad,0,2,FT,Antonio Mateu,Estadio de Vallecas,Madrid,0,2,A,2,-2,1,5,1,18,728.0,11.0,49.0,LWLLL,548.0,4.0,71.0,WLWWD,1,0,4,3,3,1,1,10
878117,2023-01-21 15:15:00+00:00,1674314100,140,2022,Regular Season - 18,540,Espanyol,543,Real Betis,1,0,FT,Pablo González,RCDE Stadium,Cornella de Llobregat,1,0,H,1,1,1,5,1,18,540.0,19.0,37.0,DDDWL,543.0,6.0,60.0,DWLDW,1,3,1,6,2,2,1,8
878113,2023-01-21 17:30:00+00:00,1674322200,140,2022,Regular Season - 18,530,Atletico Madrid,720,Valladolid,3,0,FT,Ricardo De Burgos,Estádio Cívitas Metropolitano,Madrid,3,0,H,3,3,1,5,1,18,530.0,3.0,77.0,DWDWL,720.0,18.0,40.0,DDWLL,2,2,1,8,1,2,2,5
878119,2023-01-21 20:00:00+00:00,1674331200,140,2022,Regular Season - 18,536,Sevilla,724,Cadiz,1,0,FT,Alejandro Hernández,Estadio Ramón Sánchez Pizjuán,Sevilla,0,0,H,1,1,1,5,1,18,536.0,12.0,49.0,LLDDW,724.0,14.0,42.0,DWLWL,1,2,2,5,2,1,2,7
878121,2023-01-22 13:00:00+00:00,1674392400,140,2022,Regular Season - 18,533,Villarreal,547,Girona,1,0,FT,Carlos del Cerro,Estadio de la Cerámica,Villarreal,0,0,H,1,1,1,6,1,18,533.0,5.0,64.0,DLWWW,547.0,10.0,49.0,LLDLD,3,1,1,10,0,2,3,2
878115,2023-01-22 15:15:00+00:00,1674400500,140,2022,Regular Season - 18,797,Elche,727,Osasuna,1,1,FT,Alejandro Muñiz,Estadio Manuel Martínez Valero,Elche,0,1,D,2,0,1,6,1,18,797.0,20.0,25.0,DWDDW,727.0,7.0,53.0,WLWLW,2,3,0,9,3,0,2,9
878114,2023-01-22 17:30:00+00:00,1674408600,140,2022,Regular Season - 18,529,Barcelona,546,Getafe,1,0,FT,Javier Iglesias,Spotify Camp Nou,Barcelona,1,0,H,1,1,1,6,1,18,529.0,1.0,88.0,LWLLW,546.0,15.0,42.0,DWWDL,2,0,3,6,2,2,1,8
878112,2023-01-22 20:00:00+00:00,1674417600,140,2022,Regular Season - 18,531,Athletic Club,541,Real Madrid,0,2,FT,José Sánchez,San Mamés Barria,Bilbao,0,1,A,2,-2,1,6,1,18,531.0,8.0,51.0,DLLWL,541.0,2.0,78.0,DWWLW,1,1,3,4,3,1,1,10
878120,2023-01-23 20:00:00+00:00,1674504000,140,2022,Regular Season - 18,532,Valencia,723,Almeria,2,2,FT,Jesús Gil,Estadio de Mestalla,Valencia,0,0,D,4,0,1,0,0,18,532.0,16.0,42.0,DDLWW,723.0,17.0,41.0,DDLWL,2,2,1,8,1,2,2,5
878124,2023-01-27 20:00:00+00:00,1674849600,140,2022,Regular Season - 19,723,Almeria,540,Espanyol,3,1,FT,Javier Iglesias,Power Horse Stadium – Estadio de los Juegos Mediterráneos,Almería,1,0,H,4,2,1,4,0,19,723.0,17.0,41.0,DDLWL,540.0,19.0,37.0,DDDWL,1,2,2,5,1,3,1,6
878122,2023-01-28 13:00:00+00:00,1674910800,140,2022,Regular Season - 19,724,Cadiz,798,Mallorca,2,0,FT,Ricardo De Burgos,Estadio Nuevo Mirandilla,Cádiz,2,0,H,2,2,1,5,1,19,724.0,14.0,42.0,DWLWL,798.0,9.0,50.0,WLWLW,2,1,2,7,3,0,2,9
878127,2023-01-28 15:15:00+00:00,1674918900,140,2022,Regular Season - 19,547,Girona,529,Barcelona,0,1,FT,Alejandro Muñiz,Estadi Municipal de Montilivi,Girona,0,0,A,1,-1,1,5,1,19,547.0,10.0,49.0,LLDLD,529.0,1.0,88.0,LWLLW,0,2,3,2,2,0,3,6
878129,2023-01-28 17:30:00+00:00,1674927000,140,2022,Regular Season - 19,536,Sevilla,797,Elche,3,0,FT,César Soto,Estadio Ramón Sánchez Pizjuán,Sevilla,3,0,H,3,3,1,5,1,19,536.0,12.0,49.0,LLDDW,797.0,20.0,25.0,DWDDW,1,2,2,5,2,3,0,9
878128,2023-01-28 20:00:00+00:00,1674936000,140,2022,Regular Season - 19,546,Getafe,543,Real Betis,0,1,FT,Guillermo Cuadra,Coliseum Alfonso Pérez,Getafe,0,0,A,1,-1,1,5,1,19,546.0,15.0,42.0,DWWDL,543.0,6.0,60.0,DWLDW,2,2,1,8,2,2,1,8
878130,2023-01-29 13:00:00+00:00,1674997200,140,2022,Regular Season - 19,720,Valladolid,532,Valencia,1,0,FT,Jorge Figueroa,Estadio Municipal José Zorrilla,Valladolid,0,0,H,1,1,1,6,1,19,720.0,18.0,40.0,DDWLL,532.0,16.0,42.0,DDLWW,1,2,2,5,2,2,1,8
878126,2023-01-29 15:15:00+00:00,1675005300,140,2022,Regular Season - 19,727,Osasuna,530,Atletico Madrid,0,1,FT,Javier Alberola,Estadio El Sadar,Iruñea,0,0,A,1,-1,1,6,1,19,727.0,7.0,53.0,WLWLW,530.0,3.0,77.0,DWDWL,3,0,2,9,2,2,1,8
878125,2023-01-29 17:30:00+00:00,1675013400,140,2022,Regular Season - 19,538,Celta Vigo,531,Athletic Club,1,0,FT,Isidro Díaz de Mera,Abanca-Balaídos,Vigo,0,0,H,1,1,1,6,1,19,538.0,13.0,43.0,WLDLL,531.0,8.0,51.0,DLLWL,1,1,3,4,1,1,3,4
878123,2023-01-29 20:00:00+00:00,1675022400,140,2022,Regular Season - 19,541,Real Madrid,548,Real Sociedad,0,0,FT,Mario Melero,Estadio Santiago Bernabéu,Madrid,0,0,D,0,0,1,6,1,19,541.0,2.0,78.0,DWWLW,548.0,4.0,71.0,WLWWD,3,1,1,10,3,1,1,10
878131,2023-01-30 20:00:00+00:00,1675108800,140,2022,Regular Season - 19,533,Villarreal,728,Rayo Vallecano,0,1,FT,Juan Pulido,Estadio de la Cerámica,Villarreal,0,0,A,1,-1,1,0,0,19,533.0,5.0,64.0,DLWWW,728.0,11.0,49.0,LWLLL,3,1,1,10,1,0,4,3
878108,2023-02-01 20:00:00+00:00,1675281600,140,2022,Regular Season - 17,543,Real Betis,529,Barcelona,1,2,FT,Ricardo De Burgos,Estadio Benito Villamarín,Sevilla,0,0,A,3,-1,2,2,0,17,543.0,6.0,60.0,DWLDW,529.0,1.0,88.0,LWLLW,2,2,1,8,2,0,3,6
878104,2023-02-02 20:00:00+00:00,1675368000,140,2022,Regular Season - 17,541,Real Madrid,532,Valencia,2,0,FT,Javier Alberola,Estadio Santiago Bernabéu,Madrid,0,0,H,2,2,2,3,0,17,541.0,2.0,78.0,DWWLW,532.0,16.0,42.0,DDLWW,3,1,1,10,2,2,1,8
878132,2023-02-03 20:00:00+00:00,1675454400,140,2022,Regular Season - 20,531,Athletic Club,724,Cadiz,4,1,FT,Valentín Pizarro,San Mamés Barria,Bilbao,3,1,H,5,3,2,4,0,20,531.0,8.0,51.0,DLLWL,724.0,14.0,42.0,DWLWL,1,1,3,4,2,1,2,7
878138,2023-02-04 13:00:00+00:00,1675515600,140,2022,Regular Season - 20,540,Espanyol,727,Osasuna,1,1,FT,Jesús Gil,RCDE Stadium,Cornella de Llobregat,0,1,D,2,0,2,5,1,20,540.0,19.0,37.0,DDDWL,727.0,7.0,53.0,WLWLW,1,3,1,6,3,0,2,9
878136,2023-02-04 15:15:00+00:00,1675523700,140,2022,Regular Season - 20,797,Elche,533,Villarreal,3,1,FT,José Munuera,Estadio Manuel Martínez Valero,Elche,2,1,H,4,2,2,5,1,20,797.0,20.0,25.0,DWDDW,533.0,5.0,64.0,DLWWW,2,3,0,9,3,1,1,10
878133,2023-02-04 17:30:00+00:00,1675531800,140,2022,Regular Season - 20,530,Atletico Madrid,546,Getafe,1,1,FT,Antonio Mateu,Estádio Cívitas Metropolitano,Madrid,0,0,D,2,0,2,5,1,20,530.0,3.0,77.0,DWDWL,546.0,15.0,42.0,DWWDL,2,2,1,8,2,2,1,8
878135,2023-02-04 20:00:00+00:00,1675540800,140,2022,Regular Season - 20,543,Real Betis,538,Celta Vigo,3,4,FT,Carlos del Cerro,Estadio Benito Villamarín,Sevilla,2,2,A,7,-1,2,5,1,20,543.0,6.0,60.0,DWLDW,538.0,13.0,43.0,WLDLL,2,2,1,8,1,1,3,4
878137,2023-02-05 13:00:00+00:00,1675602000,140,2022,Regular Season - 20,798,Mallorca,541,Real Madrid,1,0,FT,Alejandro Hernández,Visit Mallorca Estadi,Palma de Mallorca,1,0,H,1,1,2,6,1,20,798.0,9.0,50.0,WLWLW,541.0,2.0,78.0,DWWLW,3,0,2,9,3,1,1,10
878140,2023-02-05 15:15:00+00:00,1675610100,140,2022,Regular Season - 20,547,Girona,532,Valencia,1,0,FT,Javier Iglesias,Estadi Municipal de Montilivi,Girona,0,0,H,1,1,2,6,1,20,547.0,10.0,49.0,LLDLD,532.0,16.0,42.0,DDLWW,0,2,3,2,2,2,1,8
878139,2023-02-05 17:30:00+00:00,1675618200,140,2022,Regular Season - 20,548,Real Sociedad,720,Valladolid,0,1,FT,Pablo González,Reale Arena,Donostia-San Sebastián,0,0,A,1,-1,2,6,1,20,548.0,4.0,71.0,WLWWD,720.0,18.0,40.0,DDWLL,3,1,1,10,1,2,2,5
878134,2023-02-05 20:00:00+00:00,1675627200,140,2022,Regular Season - 20,529,Barcelona,536,Sevilla,3,0,FT,José Sánchez,Spotify Camp Nou,Barcelona,0,0,H,3,3,2,6,1,20,529.0,1.0,88.0,LWLLW,536.0,12.0,49.0,LLDDW,2,0,3,6,1,2,2,5
878141,2023-02-06 20:00:00+00:00,1675713600,140,2022,Regular Season - 20,728,Rayo Vallecano,723,Almeria,2,0,FT,César Soto,Estadio de Vallecas,Madrid,0,0,H,2,2,2,0,0,20,728.0,11.0,49.0,LWLLL,723.0,17.0,41.0,DDLWL,1,0,4,3,1,2,2,5
878143,2023-02-10 20:00:00+00:00,1676059200,140,2022,Regular Season - 21,724,Cadiz,547,Girona,2,0,FT,Juan Pulido,Estadio Nuevo Mirandilla,Cádiz,2,0,H,2,2,2,4,0,21,724.0,14.0,42.0,DWLWL,547.0,10.0,49.0,LLDLD,2,1,2,7,0,2,3,2
878145,2023-02-11 15:15:00+00:00,1676128500,140,2022,Regular Season - 21,723,Almeria,543,Real Betis,2,3,FT,Javier Alberola,Power Horse Stadium – Estadio de los Juegos Mediterráneos,Almería,1,2,A,5,-1,2,5,1,21,723.0,17.0,41.0,DDLWL,543.0,6.0,60.0,DWLDW,1,2,2,5,2,2,1,8
878150,2023-02-11 17:30:00+00:00,1676136600,140,2022,Regular Season - 21,536,Sevilla,798,Mallorca,2,0,FT,Javier Iglesias,Estadio Ramón Sánchez Pizjuán,Sevilla,2,0,H,2,2,2,5,1,21,536.0,12.0,49.0,LLDDW,798.0,9.0,50.0,WLWLW,1,2,2,5,3,0,2,9
878146,2023-02-11 20:00:00+00:00,1676145600,140,2022,Regular Season - 21,532,Valencia,531,Athletic Club,1,2,FT,César Soto,Estadio de Mestalla,Valencia,1,1,A,3,-1,2,5,1,21,532.0,16.0,42.0,DDLWW,531.0,8.0,51.0,DLLWL,2,2,1,8,1,1,3,4
878142,2023-02-12 13:00:00+00:00,1676206800,140,2022,Regular Season - 21,546,Getafe,728,Rayo Vallecano,1,1,FT,Isidro Díaz de Mera,Coliseum Alfonso Pérez,Getafe,0,1,D,2,0,2,6,1,21,546.0,15.0,42.0,DWWDL,728.0,11.0,49.0,LWLLL,2,2,1,8,1,0,4,3
878147,2023-02-12 15:15:00+00:00,1676214900,140,2022,Regular Season - 21,538,Celta Vigo,530,Atletico Madrid,0,1,FT,Jorge Figueroa,Abanca-Balaídos,Vigo,0,0,A,1,-1,2,6,1,21,538.0,13.0,43.0,WLDLL,530.0,3.0,77.0,DWDWL,1,1,3,4,2,2,1,8
878151,2023-02-12 17:30:00+00:00,1676223000,140,2022,Regular Season - 21,720,Valladolid,727,Osasuna,0,0,FT,Guillermo Cuadra,Estadio Municipal José Zorrilla,Valladolid,0,0,D,0,0,2,6,1,21,720.0,18.0,40.0,DDWLL,727.0,7.0,53.0,WLWLW,1,2,2,5,3,0,2,9
878148,2023-02-12 20:00:00+00:00,1676232000,140,2022,Regular Season - 21,533,Villarreal,529,Barcelona,0,1,FT,Alejandro Hernández,Estadio de la Cerámica,Villarreal,0,1,A,1,-1,2,6,1,21,533.0,5.0,64.0,DLWWW,529.0,1.0,88.0,LWLLW,3,1,1,10,2,0,3,6
878144,2023-02-13 20:00:00+00:00,1676318400,140,2022,Regular Season - 21,540,Espanyol,548,Real Sociedad,2,3,FT,Alejandro Muñiz,RCDE Stadium,Cornella de Llobregat,0,1,A,5,-1,2,0,0,21,540.0,19.0,37.0,DDDWL,548.0,4.0,71.0,WLWWD,1,3,1,6,3,1,1,10
878149,2023-02-15 20:00:00+00:00,1676491200,140,2022,Regular Season - 21,541,Real Madrid,797,Elche,4,0,FT,Ricardo De Burgos,Estadio Santiago Bernabéu,Madrid,3,0,H,4,4,2,2,0,21,541.0,2.0,78.0,DWWLW,797.0,20.0,25.0,DWDDW,3,1,1,10,2,3,0,9
878161,2023-02-17 20:00:00+00:00,1676664000,140,2022,Regular Season - 22,547,Girona,723,Almeria,6,2,FT,Valentín Pizarro,Estadi Municipal de Montilivi,Girona,4,0,H,8,4,2,4,0,22,547.0,10.0,49.0,LLDLD,723.0,17.0,41.0,DDLWL,0,2,3,2,1,2,2,5
878160,2023-02-18 13:00:00+00:00,1676725200,140,2022,Regular Season - 22,548,Real Sociedad,538,Celta Vigo,1,1,FT,Miguel Ortiz,Reale Arena,Donostia-San Sebastián,1,0,D,2,0,2,5,1,22,548.0,4.0,71.0,WLWWD,538.0,13.0,43.0,WLDLL,3,1,1,10,1,1,3,4
878153,2023-02-18 15:15:00+00:00,1676733300,140,2022,Regular Season - 22,543,Real Betis,720,Valladolid,2,1,FT,Antonio Mateu,Estadio Benito Villamarín,Sevilla,2,1,H,3,1,2,5,1,22,543.0,6.0,60.0,DWLDW,720.0,18.0,40.0,DDWLL,2,2,1,8,1,2,2,5
878155,2023-02-18 17:30:00+00:00,1676741400,140,2022,Regular Season - 22,798,Mallorca,533,Villarreal,4,2,FT,José Sánchez,Visit Mallorca Estadi,Palma de Mallorca,2,1,H,6,2,2,5,1,22,798.0,9.0,50.0,WLWLW,533.0,5.0,64.0,DLWWW,3,0,2,9,3,1,1,10
878157,2023-02-18 20:00:00+00:00,1676750400,140,2022,Regular Season - 22,727,Osasuna,541,Real Madrid,0,2,FT,José Munuera,Estadio El Sadar,Iruñea,0,0,A,2,-2,2,5,1,22,727.0,7.0,53.0,WLWLW,541.0,2.0,78.0,DWWLW,3,0,2,9,3,1,1,10
878154,2023-02-19 13:00:00+00:00,1676811600,140,2022,Regular Season - 22,797,Elche,540,Espanyol,0,1,FT,Carlos del Cerro,Estadio Manuel Martínez Valero,Elche,0,0,A,1,-1,2,6,1,22,797.0,20.0,25.0,DWDDW,540.0,19.0,37.0,DDDWL,2,3,0,9,1,3,1,6
878158,2023-02-19 15:15:00+00:00,1676819700,140,2022,Regular Season - 22,728,Rayo Vallecano,536,Sevilla,1,1,FT,Jesús Gil,Estadio de Vallecas,Madrid,0,1,D,2,0,2,6,1,22,728.0,11.0,49.0,LWLLL,536.0,12.0,49.0,LLDDW,1,0,4,3,1,2,2,5
878159,2023-02-19 17:30:00+00:00,1676827800,140,2022,Regular Season - 22,530,Atletico Madrid,531,Athletic Club,1,0,FT,Juan Martínez,Estádio Cívitas Metropolitano,Madrid,0,0,H,1,1,2,6,1,22,530.0,3.0,77.0,DWDWL,531.0,8.0,51.0,DLLWL,2,2,1,8,1,1,3,4
878152,2023-02-19 20:00:00+00:00,1676836800,140,2022,Regular Season - 22,529,Barcelona,724,Cadiz,2,0,FT,Pablo González,Spotify Camp Nou,Barcelona,2,0,H,2,2,2,6,1,22,529.0,1.0,88.0,LWLLW,724.0,14.0,42.0,DWLWL,2,0,3,6,2,1,2,7
878156,2023-02-20 20:00:00+00:00,1676923200,140,2022,Regular Season - 22,546,Getafe,532,Valencia,1,0,FT,Mario Melero,Coliseum Alfonso Pérez,Getafe,0,0,H,1,1,2,0,0,22,546.0,15.0,42.0,DWWDL,532.0,16.0,42.0,DDLWW,2,2,1,8,2,2,1,8
878168,2023-02-24 20:00:00+00:00,1677268800,140,2022,Regular Season - 23,797,Elche,543,Real Betis,2,3,FT,Javier Iglesias,Estadio Manuel Martínez Valero,Elche,2,0,A,5,-1,2,4,0,23,797.0,20.0,25.0,DWDDW,543.0,6.0,60.0,DWLDW,2,3,0,9,2,2,1,8
878165,2023-02-25 13:00:00+00:00,1677330000,140,2022,Regular Season - 23,540,Espanyol,798,Mallorca,2,1,FT,Javier Alberola,RCDE Stadium,Cornella de Llobregat,1,1,H,3,1,2,5,1,23,540.0,19.0,37.0,DDDWL,798.0,9.0,50.0,WLWLW,1,3,1,6,3,0,2,9
878164,2023-02-25 15:15:00+00:00,1677338100,140,2022,Regular Season - 23,724,Cadiz,728,Rayo Vallecano,1,0,FT,Alejandro Muñiz,Estadio Nuevo Mirandilla,Cádiz,0,0,H,1,1,2,5,1,23,724.0,14.0,42.0,DWLWL,728.0,11.0,49.0,LWLLL,2,1,2,7,1,0,4,3
878167,2023-02-25 17:30:00+00:00,1677346200,140,2022,Regular Season - 23,541,Real Madrid,530,Atletico Madrid,1,1,FT,Jesús Gil,Estadio Santiago Bernabéu,Madrid,0,0,D,2,0,2,5,1,23,541.0,2.0,78.0,DWWLW,530.0,3.0,77.0,DWDWL,3,1,1,10,2,2,1,8
878171,2023-02-25 20:00:00+00:00,1677355200,140,2022,Regular Season - 23,532,Valencia,548,Real Sociedad,1,0,FT,Alejandro Hernández,Estadio de Mestalla,Valencia,1,0,H,1,1,2,5,1,23,532.0,16.0,42.0,DDLWW,548.0,4.0,71.0,WLWWD,2,2,1,8,3,1,1,10
878162,2023-02-26 13:00:00+00:00,1677416400,140,2022,Regular Season - 23,531,Athletic Club,547,Girona,2,3,FT,Isidro Díaz de Mera,San Mamés Barria,Bilbao,1,3,A,5,-1,2,6,1,23,531.0,8.0,51.0,DLLWL,547.0,10.0,49.0,LLDLD,1,1,3,4,0,2,3,2
878163,2023-02-26 15:15:00+00:00,1677424500,140,2022,Regular Season - 23,538,Celta Vigo,720,Valladolid,3,0,FT,Ricardo De Burgos,Abanca-Balaídos,Vigo,2,0,H,3,3,2,6,1,23,538.0,13.0,43.0,WLDLL,720.0,18.0,40.0,DDWLL,1,1,3,4,1,2,2,5
878166,2023-02-26 17:30:00+00:00,1677432600,140,2022,Regular Season - 23,723,Almeria,529,Barcelona,1,0,FT,Miguel Ortiz,Power Horse Stadium – Estadio de los Juegos Mediterráneos,Almería,1,0,H,1,1,2,6,1,23,723.0,17.0,41.0,DDLWL,529.0,1.0,88.0,LWLLW,1,2,2,5,2,0,3,6
878170,2023-02-26 20:00:00+00:00,1677441600,140,2022,Regular Season - 23,536,Sevilla,727,Osasuna,2,3,FT,Juan Pulido,Estadio Ramón Sánchez Pizjuán,Sevilla,0,1,A,5,-1,2,6,1,23,536.0,12.0,49.0,LLDDW,727.0,7.0,53.0,WLWLW,1,2,2,5,3,0,2,9
878169,2023-02-27 20:00:00+00:00,1677528000,140,2022,Regular Season - 23,533,Villarreal,546,Getafe,2,1,FT,Jorge Figueroa,Estadio de la Cerámica,Villarreal,1,1,H,3,1,2,0,0,23,533.0,5.0,64.0,DLWWW,546.0,15.0,42.0,DWWDL,3,1,1,10,2,2,1,8
878180,2023-03-03 20:00:00+00:00,1677873600,140,2022,Regular Season - 24,548,Real Sociedad,724,Cadiz,0,0,FT,Antonio Mateu,Reale Arena,Donostia-San Sebastián,0,0,D,0,0,3,4,0,24,548.0,4.0,71.0,WLWWD,724.0,14.0,42.0,DWLWL,3,1,1,10,2,1,2,7
878175,2023-03-04 13:00:00+00:00,1677934800,140,2022,Regular Season - 24,546,Getafe,547,Girona,3,2,FT,Juan Martínez,Coliseum Alfonso Pérez,Getafe,3,0,H,5,1,3,5,1,24,546.0,15.0,42.0,DWWDL,547.0,10.0,49.0,LLDLD,2,2,1,8,0,2,3,2
878176,2023-03-04 15:15:00+00:00,1677942900,140,2022,Regular Season - 24,723,Almeria,533,Villarreal,0,2,FT,Pablo González,Power Horse Stadium – Estadio de los Juegos Mediterráneos,Almería,0,0,A,2,-2,3,5,1,24,723.0,17.0,41.0,DDLWL,533.0,5.0,64.0,DLWWW,1,2,2,5,3,1,1,10
878179,2023-03-04 17:30:00+00:00,1677951000,140,2022,Regular Season - 24,798,Mallorca,797,Elche,0,1,FT,José Munuera,Visit Mallorca Estadi,Palma de Mallorca,0,0,A,1,-1,3,5,1,24,798.0,9.0,50.0,WLWLW,797.0,20.0,25.0,DWDDW,3,0,2,9,2,3,0,9
878172,2023-03-04 20:00:00+00:00,1677960000,140,2022,Regular Season - 24,530,Atletico Madrid,536,Sevilla,6,1,FT,Guillermo Cuadra,Estádio Cívitas Metropolitano,Madrid,2,1,H,7,5,3,5,1,24,530.0,3.0,77.0,DWDWL,536.0,12.0,49.0,LLDDW,2,2,1,8,1,2,2,5
878181,2023-03-05 13:00:00+00:00,1678021200,140,2022,Regular Season - 24,720,Valladolid,540,Espanyol,2,1,FT,Valentín Pizarro,Estadio Municipal José Zorrilla,Valladolid,1,0,H,3,1,3,6,1,24,720.0,18.0,40.0,DDWLL,540.0,19.0,37.0,DDDWL,1,2,2,5,1,3,1,6
878173,2023-03-05 15:15:00+00:00,1678029300,140,2022,Regular Season - 24,529,Barcelona,532,Valencia,1,0,FT,Javier Alberola,Spotify Camp Nou,Barcelona,1,0,H,1,1,3,6,1,24,529.0,1.0,88.0,LWLLW,532.0,16.0,42.0,DDLWW,2,0,3,6,2,2,1,8
878177,2023-03-05 17:30:00+00:00,1678037400,140,2022,Regular Season - 24,728,Rayo Vallecano,531,Athletic Club,0,0,FT,Mario Melero,Estadio de Vallecas,Madrid,0,0,D,0,0,3,6,1,24,728.0,11.0,49.0,LWLLL,531.0,8.0,51.0,DLLWL,1,0,4,3,1,1,3,4
878174,2023-03-05 20:00:00+00:00,1678046400,140,2022,Regular Season - 24,543,Real Betis,541,Real Madrid,0,0,FT,César Soto,Estadio Benito Villamarín,Sevilla,0,0,D,0,0,3,6,1,24,543.0,6.0,60.0,DWLDW,541.0,2.0,78.0,DWWLW,2,2,1,8,3,1,1,10
878178,2023-03-06 20:00:00+00:00,1678132800,140,2022,Regular Season - 24,727,Osasuna,538,Celta Vigo,0,0,FT,José Sánchez,Estadio El Sadar,Iruñea,0,0,D,0,0,3,0,0,24,727.0,7.0,53.0,WLWLW,538.0,13.0,43.0,WLDLL,3,0,2,9,1,1,3,4
878186,2023-03-10 20:00:00+00:00,1678478400,140,2022,Regular Season - 25,724,Cadiz,546,Getafe,2,2,FT,Alejandro Hernández,Estadio Nuevo Mirandilla,Cádiz,1,0,D,4,0,3,4,0,25,724.0,14.0,42.0,DWLWL,546.0,15.0,42.0,DWWDL,2,1,2,7,2,2,1,8
878189,2023-03-11 13:00:00+00:00,1678539600,140,2022,Regular Season - 25,541,Real Madrid,540,Espanyol,3,1,FT,Jorge Figueroa,Estadio Santiago Bernabéu,Madrid,2,1,H,4,2,3,5,1,25,541.0,2.0,78.0,DWWLW,540.0,19.0,37.0,DDDWL,3,1,1,10,1,3,1,6
878184,2023-03-11 15:15:00+00:00,1678547700,140,2022,Regular Season - 25,797,Elche,720,Valladolid,1,1,FT,Isidro Díaz de Mera,Estadio Manuel Martínez Valero,Elche,0,1,D,2,0,3,5,1,25,797.0,20.0,25.0,DWDDW,720.0,18.0,40.0,DDWLL,2,3,0,9,1,2,2,5
878183,2023-03-11 17:30:00+00:00,1678555800,140,2022,Regular Season - 25,538,Celta Vigo,728,Rayo Vallecano,3,0,FT,Juan Pulido,Abanca-Balaídos,Vigo,0,0,H,3,3,3,5,1,25,538.0,13.0,43.0,WLDLL,728.0,11.0,49.0,LWLLL,1,1,3,4,1,0,4,3
878190,2023-03-11 20:00:00+00:00,1678564800,140,2022,Regular Season - 25,532,Valencia,727,Osasuna,1,0,FT,Javier Iglesias,Estadio de Mestalla,Valencia,0,0,H,1,1,3,5,1,25,532.0,16.0,42.0,DDLWW,727.0,7.0,53.0,WLWLW,2,2,1,8,3,0,2,9
878185,2023-03-12 13:00:00+00:00,1678626000,140,2022,Regular Season - 25,798,Mallorca,548,Real Sociedad,1,1,FT,Juan Martínez,Visit Mallorca Estadi,Palma de Mallorca,0,1,D,2,0,3,6,1,25,798.0,9.0,50.0,WLWLW,548.0,4.0,71.0,WLWWD,3,0,2,9,3,1,1,10
878191,2023-03-12 15:15:00+00:00,1678634100,140,2022,Regular Season - 25,536,Sevilla,723,Almeria,2,1,FT,Ricardo De Burgos,Estadio Ramón Sánchez Pizjuán,Sevilla,1,1,H,3,1,3,6,1,25,536.0,12.0,49.0,LLDDW,723.0,17.0,41.0,DDLWL,1,2,2,5,1,2,2,5
878188,2023-03-12 17:30:00+00:00,1678642200,140,2022,Regular Season - 25,533,Villarreal,543,Real Betis,1,1,FT,Miguel Ortiz,Estadio de la Cerámica,Villarreal,0,1,D,2,0,3,6,1,25,533.0,5.0,64.0,DLWWW,543.0,6.0,60.0,DWLDW,3,1,1,10,2,2,1,8
878182,2023-03-12 20:00:00+00:00,1678651200,140,2022,Regular Season - 25,531,Athletic Club,529,Barcelona,0,1,FT,Jesús Gil,San Mamés Barria,Bilbao,0,1,A,1,-1,3,6,1,25,531.0,8.0,51.0,DLLWL,529.0,1.0,88.0,LWLLW,1,1,3,4,2,0,3,6
878187,2023-03-13 20:00:00+00:00,1678737600,140,2022,Regular Season - 25,547,Girona,530,Atletico Madrid,0,1,FT,Mario Melero,Estadi Municipal de Montilivi,Girona,0,0,A,1,-1,3,0,0,25,547.0,10.0,49.0,LLDLD,530.0,3.0,77.0,DWDWL,0,2,3,2,2,2,1,8
878198,2023-03-17 20:00:00+00:00,1679083200,140,2022,Regular Season - 26,720,Valladolid,531,Athletic Club,1,3,FT,Javier Alberola,Estadio Municipal José Zorrilla,Valladolid,0,1,A,4,-2,3,4,0,26,720.0,18.0,40.0,DDWLL,531.0,8.0,51.0,DLLWL,1,2,2,5,1,1,3,4
878197,2023-03-18 13:00:00+00:00,1679144400,140,2022,Regular Season - 26,723,Almeria,724,Cadiz,1,1,FT,Carlos del Cerro,Power Horse Stadium – Estadio de los Juegos Mediterráneos,Almería,0,0,D,2,0,3,5,1,26,723.0,17.0,41.0,DDLWL,724.0,14.0,42.0,DWLWL,1,2,2,5,2,1,2,7
878201,2023-03-18 15:15:00+00:00,1679152500,140,2022,Regular Season - 26,728,Rayo Vallecano,547,Girona,2,2,FT,Pablo González,Estadio de Vallecas,Madrid,2,1,D,4,0,3,5,1,26,728.0,11.0,49.0,LWLLL,547.0,10.0,49.0,LLDLD,1,0,4,3,0,2,3,2
878199,2023-03-18 17:30:00+00:00,1679160600,140,2022,Regular Season - 26,540,Espanyol,538,Celta Vigo,1,3,FT,Guillermo Cuadra,RCDE Stadium,Cornella de Llobregat,0,2,A,4,-2,3,5,1,26,540.0,19.0,37.0,DDDWL,538.0,13.0,43.0,WLDLL,1,3,1,6,1,1,3,4
878192,2023-03-18 20:00:00+00:00,1679169600,140,2022,Regular Season - 26,530,Atletico Madrid,532,Valencia,3,0,FT,José Munuera,Estádio Cívitas Metropolitano,Madrid,1,0,H,3,3,3,5,1,26,530.0,3.0,77.0,DWDWL,532.0,16.0,42.0,DDLWW,2,2,1,8,2,2,1,8
878194,2023-03-19 13:00:00+00:00,1679230800,140,2022,Regular Season - 26,543,Real Betis,798,Mallorca,1,0,FT,Valentín Pizarro,Estadio Benito Villamarín,Sevilla,0,0,H,1,1,3,6,1,26,543.0,6.0,60.0,DWLDW,798.0,9.0,50.0,WLWLW,2,2,1,8,3,0,2,9
878200,2023-03-19 15:15:00+00:00,1679238900,140,2022,Regular Season - 26,548,Real Sociedad,797,Elche,2,0,FT,José Sánchez,Reale Arena,Donostia-San Sebastián,0,0,H,2,2,3,6,1,26,548.0,4.0,71.0,WLWWD,797.0,20.0,25.0,DWDDW,3,1,1,10,2,3,0,9
878196,2023-03-19 15:15:00+00:00,1679238900,140,2022,Regular Season - 26,727,Osasuna,533,Villarreal,0,3,FT,Alejandro Muñiz,Estadio El Sadar,Iruñea,0,1,A,3,-3,3,6,1,26,727.0,7.0,53.0,WLWLW,533.0,5.0,64.0,DLWWW,3,0,2,9,3,1,1,10
878195,2023-03-19 17:30:00+00:00,1679247000,140,2022,Regular Season - 26,546,Getafe,536,Sevilla,2,0,FT,Antonio Mateu,Coliseum Alfonso Pérez,Getafe,0,0,H,2,2,3,6,1,26,546.0,15.0,42.0,DWWDL,536.0,12.0,49.0,LLDDW,2,2,1,8,1,2,2,5
878193,2023-03-19 20:00:00+00:00,1679256000,140,2022,Regular Season - 26,529,Barcelona,541,Real Madrid,2,1,FT,Ricardo De Burgos,Spotify Camp Nou,Barcelona,1,1,H,3,1,3,6,1,26,529.0,1.0,88.0,LWLLW,541.0,2.0,78.0,DWWLW,2,0,3,6,3,1,1,10
878204,2023-03-31 19:00:00+00:00,1680289200,140,2022,Regular Season - 27,798,Mallorca,727,Osasuna,0,0,FT,Isidro Díaz de Mera,Visit Mallorca Estadi,Palma de Mallorca,0,0,D,0,0,3,4,0,27,798.0,9.0,50.0,WLWLW,727.0,7.0,53.0,WLWLW,3,0,2,9,3,0,2,9
878208,2023-04-01 12:00:00+00:00,1680350400,140,2022,Regular Season - 27,547,Girona,540,Espanyol,2,1,FT,Miguel Ortiz,Estadi Municipal de Montilivi,Girona,0,0,H,3,1,4,5,1,27,547.0,10.0,49.0,LLDLD,540.0,19.0,37.0,DDDWL,0,2,3,2,1,3,1,6
878202,2023-04-01 14:15:00+00:00,1680358500,140,2022,Regular Season - 27,531,Athletic Club,546,Getafe,0,0,FT,Javier Iglesias,San Mamés Barria,Bilbao,0,0,D,0,0,4,5,1,27,531.0,8.0,51.0,DLLWL,546.0,15.0,42.0,DWWDL,1,1,3,4,2,2,1,8
878205,2023-04-01 16:30:00+00:00,1680366600,140,2022,Regular Season - 27,724,Cadiz,536,Sevilla,0,2,FT,César Soto,Estadio Nuevo Mirandilla,Cádiz,0,0,A,2,-2,4,5,1,27,724.0,14.0,42.0,DWLWL,536.0,12.0,49.0,LLDDW,2,1,2,7,1,2,2,5
878207,2023-04-01 19:00:00+00:00,1680375600,140,2022,Regular Season - 27,797,Elche,529,Barcelona,0,4,FT,Carlos del Cerro,Estadio Manuel Martínez Valero,Elche,0,1,A,4,-4,4,5,1,27,797.0,20.0,25.0,DWDDW,529.0,1.0,88.0,LWLLW,2,3,0,9,2,0,3,6
878211,2023-04-02 12:00:00+00:00,1680436800,140,2022,Regular Season - 27,538,Celta Vigo,723,Almeria,2,2,FT,Alejandro Hernández,Abanca-Balaídos,Vigo,2,2,D,4,0,4,6,1,27,538.0,13.0,43.0,WLDLL,723.0,17.0,41.0,DDLWL,1,1,3,4,1,2,2,5
878206,2023-04-02 14:15:00+00:00,1680444900,140,2022,Regular Season - 27,541,Real Madrid,720,Valladolid,6,0,FT,Juan Pulido,Estadio Santiago Bernabéu,Madrid,4,0,H,6,6,4,6,1,27,541.0,2.0,78.0,DWWLW,720.0,18.0,40.0,DDWLL,3,1,1,10,1,2,2,5
878209,2023-04-02 16:30:00+00:00,1680453000,140,2022,Regular Season - 27,533,Villarreal,548,Real Sociedad,2,0,FT,Jesús Gil,Estadio de la Cerámica,Villarreal,0,0,H,2,2,4,6,1,27,533.0,5.0,64.0,DLWWW,548.0,4.0,71.0,WLWWD,3,1,1,10,3,1,1,10
878203,2023-04-02 19:00:00+00:00,1680462000,140,2022,Regular Season - 27,530,Atletico Madrid,543,Real Betis,1,0,FT,Juan Martínez,Estádio Cívitas Metropolitano,Madrid,0,0,H,1,1,4,6,1,27,530.0,3.0,77.0,DWDWL,543.0,6.0,60.0,DWLDW,2,2,1,8,2,2,1,8
878210,2023-04-03 19:00:00+00:00,1680548400,140,2022,Regular Season - 27,532,Valencia,728,Rayo Vallecano,1,1,FT,Jorge Figueroa,Estadio de Mestalla,Valencia,0,1,D,2,0,4,0,0,27,532.0,16.0,42.0,DDLWW,728.0,11.0,49.0,LWLLL,2,2,1,8,1,0,4,3
878218,2023-04-07 19:00:00+00:00,1680894000,140,2022,Regular Season - 28,536,Sevilla,538,Celta Vigo,2,2,FT,Valentín Pizarro,Estadio Ramón Sánchez Pizjuán,Sevilla,1,0,D,4,0,4,4,0,28,536.0,12.0,49.0,LLDDW,538.0,13.0,43.0,WLDLL,1,2,2,5,1,1,3,4
878219,2023-04-08 12:00:00+00:00,1680955200,140,2022,Regular Season - 28,727,Osasuna,797,Elche,2,1,FT,Pablo González,Estadio El Sadar,Iruñea,0,1,H,3,1,4,5,1,28,727.0,7.0,53.0,WLWLW,797.0,20.0,25.0,DWDDW,3,0,2,9,2,3,0,9
878216,2023-04-08 14:15:00+00:00,1680963300,140,2022,Regular Season - 28,540,Espanyol,531,Athletic Club,1,2,FT,José Munuera,RCDE Stadium,Cornella de Llobregat,0,1,A,3,-1,4,5,1,28,540.0,19.0,37.0,DDDWL,531.0,8.0,51.0,DLLWL,1,3,1,6,1,1,3,4
878221,2023-04-08 16:30:00+00:00,1680971400,140,2022,Regular Season - 28,548,Real Sociedad,546,Getafe,2,0,FT,Mario Melero,Reale Arena,Donostia-San Sebastián,1,0,H,2,2,4,5,1,28,548.0,4.0,71.0,WLWWD,546.0,15.0,42.0,DWWDL,3,1,1,10,2,2,1,8
878214,2023-04-08 19:00:00+00:00,1680980400,140,2022,Regular Season - 28,541,Real Madrid,533,Villarreal,2,3,FT,Javier Alberola,Estadio Santiago Bernabéu,Madrid,1,1,A,5,-1,4,5,1,28,541.0,2.0,78.0,DWWLW,533.0,5.0,64.0,DLWWW,3,1,1,10,3,1,1,10
878220,2023-04-09 12:00:00+00:00,1681041600,140,2022,Regular Season - 28,720,Valladolid,798,Mallorca,3,3,FT,Alejandro Muñiz,Estadio Municipal José Zorrilla,Valladolid,1,0,D,6,0,4,6,1,28,720.0,18.0,40.0,DDWLL,798.0,9.0,50.0,WLWLW,1,2,2,5,3,0,2,9
878213,2023-04-09 14:15:00+00:00,1681049700,140,2022,Regular Season - 28,543,Real Betis,724,Cadiz,0,2,FT,Guillermo Cuadra,Estadio Benito Villamarín,Sevilla,0,0,A,2,-2,4,6,1,28,543.0,6.0,60.0,DWLDW,724.0,14.0,42.0,DWLWL,2,2,1,8,2,1,2,7
878215,2023-04-09 16:30:00+00:00,1681057800,140,2022,Regular Season - 28,723,Almeria,532,Valencia,2,1,FT,José Sánchez,Power Horse Stadium – Estadio de los Juegos Mediterráneos,Almería,0,0,H,3,1,4,6,1,28,723.0,17.0,41.0,DDLWL,532.0,16.0,42.0,DDLWW,1,2,2,5,2,2,1,8
878217,2023-04-09 19:00:00+00:00,1681066800,140,2022,Regular Season - 28,728,Rayo Vallecano,530,Atletico Madrid,1,2,FT,Ricardo De Burgos,Estadio de Vallecas,Madrid,0,2,A,3,-1,4,6,1,28,728.0,11.0,49.0,LWLLL,530.0,3.0,77.0,DWDWL,1,0,4,3,2,2,1,8
878212,2023-04-10 19:00:00+00:00,1681153200,140,2022,Regular Season - 28,529,Barcelona,547,Girona,0,0,FT,Antonio Mateu,Spotify Camp Nou,Barcelona,0,0,D,0,0,4,0,0,28,529.0,1.0,88.0,LWLLW,547.0,10.0,49.0,LLDLD,2,0,3,6,0,2,3,2
878229,2023-04-14 19:00:00+00:00,1681498800,140,2022,Regular Season - 29,728,Rayo Vallecano,727,Osasuna,2,1,FT,José Munuera,Estadio de Vallecas,Madrid,2,0,H,3,1,4,4,0,29,728.0,11.0,49.0,LWLLL,727.0,7.0,53.0,WLWLW,1,0,4,3,3,0,2,9
878226,2023-04-15 12:00:00+00:00,1681560000,140,2022,Regular Season - 29,533,Villarreal,720,Valladolid,1,2,FT,Javier Iglesias,Estadio de la Cerámica,Villarreal,0,2,A,3,-1,4,5,1,29,533.0,5.0,64.0,DLWWW,720.0,18.0,40.0,DDWLL,3,1,1,10,1,2,2,5
878222,2023-04-15 14:15:00+00:00,1681568100,140,2022,Regular Season - 29,531,Athletic Club,548,Real Sociedad,2,0,FT,César Soto,San Mamés Barria,Bilbao,1,0,H,2,2,4,5,1,29,531.0,8.0,51.0,DLLWL,548.0,4.0,71.0,WLWWD,1,1,3,4,3,1,1,10
878223,2023-04-15 16:30:00+00:00,1681576200,140,2022,Regular Season - 29,543,Real Betis,540,Espanyol,3,1,FT,Alejandro Hernández,Estadio Benito Villamarín,Sevilla,2,0,H,4,2,4,5,1,29,543.0,6.0,60.0,DWLDW,540.0,19.0,37.0,DDDWL,2,2,1,8,1,3,1,6
878225,2023-04-15 19:00:00+00:00,1681585200,140,2022,Regular Season - 29,724,Cadiz,541,Real Madrid,0,2,FT,Jesús Gil,Estadio Nuevo Mirandilla,Cádiz,0,0,A,2,-2,4,5,1,29,724.0,14.0,42.0,DWLWL,541.0,2.0,78.0,DWWLW,2,1,2,7,3,1,1,10
878228,2023-04-16 12:00:00+00:00,1681646400,140,2022,Regular Season - 29,547,Girona,797,Elche,2,0,FT,Jorge Figueroa,Estadi Municipal de Montilivi,Girona,1,0,H,2,2,4,6,1,29,547.0,10.0,49.0,LLDLD,797.0,20.0,25.0,DWDDW,0,2,3,2,2,3,0,9
878227,2023-04-16 14:15:00+00:00,1681654500,140,2022,Regular Season - 29,546,Getafe,529,Barcelona,0,0,FT,Juan Pulido,Coliseum Alfonso Pérez,Getafe,0,0,D,0,0,4,6,1,29,546.0,15.0,42.0,DWWDL,529.0,1.0,88.0,LWLLW,2,2,1,8,2,0,3,6
878231,2023-04-16 16:30:00+00:00,1681662600,140,2022,Regular Season - 29,530,Atletico Madrid,723,Almeria,2,1,FT,Isidro Díaz de Mera,Estádio Cívitas Metropolitano,Madrid,2,1,H,3,1,4,6,1,29,530.0,3.0,77.0,DWDWL,723.0,17.0,41.0,DDLWL,2,2,1,8,1,2,2,5
878230,2023-04-16 19:00:00+00:00,1681671600,140,2022,Regular Season - 29,532,Valencia,536,Sevilla,0,2,FT,Carlos del Cerro,Estadio de Mestalla,Valencia,0,0,A,2,-2,4,6,1,29,532.0,16.0,42.0,DDLWW,536.0,12.0,49.0,LLDDW,2,2,1,8,1,2,2,5
878224,2023-04-17 19:00:00+00:00,1681758000,140,2022,Regular Season - 29,538,Celta Vigo,798,Mallorca,0,1,FT,Miguel Ortiz,Abanca-Balaídos,Vigo,0,1,A,1,-1,4,0,0,29,538.0,13.0,43.0,WLDLL,798.0,9.0,50.0,WLWLW,1,1,3,4,3,0,2,9
878239,2023-04-21 19:00:00+00:00,1682103600,140,2022,Regular Season - 30,540,Espanyol,724,Cadiz,0,0,FT,Juan Martínez,RCDE Stadium,Cornella de Llobregat,0,0,D,0,0,4,4,0,30,540.0,19.0,37.0,DDDWL,724.0,14.0,42.0,DWLWL,1,3,1,6,2,1,2,7
878236,2023-04-22 12:00:00+00:00,1682164800,140,2022,Regular Season - 30,727,Osasuna,543,Real Betis,3,2,FT,Javier Alberola,Estadio El Sadar,Iruñea,3,1,H,5,1,4,5,1,30,727.0,7.0,53.0,WLWLW,543.0,6.0,60.0,DWLDW,3,0,2,9,2,2,1,8
878234,2023-04-22 14:15:00+00:00,1682172900,140,2022,Regular Season - 30,723,Almeria,531,Athletic Club,1,2,FT,Valentín Pizarro,Power Horse Stadium – Estadio de los Juegos Mediterráneos,Almería,0,1,A,3,-1,4,5,1,30,723.0,17.0,41.0,DDLWL,531.0,8.0,51.0,DLLWL,1,2,2,5,1,1,3,4
878240,2023-04-22 16:30:00+00:00,1682181000,140,2022,Regular Season - 30,548,Real Sociedad,728,Rayo Vallecano,2,1,FT,Alejandro Muñiz,Reale Arena,Donostia-San Sebastián,0,0,H,3,1,4,5,1,30,548.0,4.0,71.0,WLWWD,728.0,11.0,49.0,LWLLL,3,1,1,10,1,0,4,3
878241,2023-04-22 16:30:00+00:00,1682181000,140,2022,Regular Season - 30,720,Valladolid,547,Girona,1,0,FT,Mario Melero,Estadio Municipal José Zorrilla,Valladolid,1,0,H,1,1,4,5,1,30,720.0,18.0,40.0,DDWLL,547.0,10.0,49.0,LLDLD,1,2,2,5,0,2,3,2
878237,2023-04-22 19:00:00+00:00,1682190000,140,2022,Regular Season - 30,541,Real Madrid,538,Celta Vigo,2,0,FT,Antonio Mateu,Estadio Santiago Bernabéu,Madrid,1,0,H,2,2,4,5,1,30,541.0,2.0,78.0,DWWLW,538.0,13.0,43.0,WLDLL,3,1,1,10,1,1,3,4
878232,2023-04-23 12:00:00+00:00,1682251200,140,2022,Regular Season - 30,797,Elche,532,Valencia,0,2,FT,Guillermo Cuadra,Estadio Manuel Martínez Valero,Elche,0,2,A,2,-2,4,6,1,30,797.0,20.0,25.0,DWDDW,532.0,16.0,42.0,DDLWW,2,3,0,9,2,2,1,8
878235,2023-04-23 14:15:00+00:00,1682259300,140,2022,Regular Season - 30,529,Barcelona,530,Atletico Madrid,1,0,FT,José Sánchez,Spotify Camp Nou,Barcelona,1,0,H,1,1,4,6,1,30,529.0,1.0,88.0,LWLLW,530.0,3.0,77.0,DWDWL,2,0,3,6,2,2,1,8
878238,2023-04-23 16:30:00+00:00,1682267400,140,2022,Regular Season - 30,798,Mallorca,546,Getafe,3,1,FT,Pablo González,Visit Mallorca Estadi,Palma de Mallorca,0,1,H,4,2,4,6,1,30,798.0,9.0,50.0,WLWLW,546.0,15.0,42.0,DWWDL,3,0,2,9,2,2,1,8
878233,2023-04-23 19:00:00+00:00,1682276400,140,2022,Regular Season - 30,536,Sevilla,533,Villarreal,2,1,FT,Ricardo De Burgos,Estadio Ramón Sánchez Pizjuán,Sevilla,1,0,H,3,1,4,6,1,30,536.0,12.0,49.0,LLDDW,533.0,5.0,64.0,DLWWW,1,2,2,5,3,1,1,10
878248,2023-04-25 17:30:00+00:00,1682443800,140,2022,Regular Season - 31,547,Girona,541,Real Madrid,4,2,FT,Javier Iglesias,Estadi Municipal de Montilivi,Girona,2,1,H,6,2,4,1,0,31,547.0,10.0,49.0,LLDLD,541.0,2.0,78.0,DWWLW,0,2,3,2,3,1,1,10
878246,2023-04-25 17:30:00+00:00,1682443800,140,2022,Regular Season - 31,724,Cadiz,727,Osasuna,0,1,FT,Carlos del Cerro,Estadio Nuevo Mirandilla,Cádiz,0,0,A,1,-1,4,1,0,31,724.0,14.0,42.0,DWLWL,727.0,7.0,53.0,WLWLW,2,1,2,7,3,0,2,9
878244,2023-04-25 20:00:00+00:00,1682452800,140,2022,Regular Season - 31,543,Real Betis,548,Real Sociedad,0,0,FT,Juan Martínez,Estadio Benito Villamarín,Sevilla,0,0,D,0,0,4,1,0,31,543.0,6.0,60.0,DWLDW,548.0,4.0,71.0,WLWWD,2,2,1,8,3,1,1,10
878243,2023-04-26 17:30:00+00:00,1682530200,140,2022,Regular Season - 31,530,Atletico Madrid,798,Mallorca,3,1,FT,Juan Pulido,Estádio Cívitas Metropolitano,Madrid,1,1,H,4,2,4,2,0,31,530.0,3.0,77.0,DWDWL,798.0,9.0,50.0,WLWLW,2,2,1,8,3,0,2,9
878251,2023-04-26 17:30:00+00:00,1682530200,140,2022,Regular Season - 31,546,Getafe,723,Almeria,1,2,FT,Javier Alberola,Coliseum Alfonso Pérez,Getafe,0,1,A,3,-1,4,2,0,31,546.0,15.0,42.0,DWWDL,723.0,17.0,41.0,DDLWL,2,2,1,8,1,2,2,5
878245,2023-04-26 20:00:00+00:00,1682539200,140,2022,Regular Season - 31,538,Celta Vigo,797,Elche,1,0,FT,Isidro Díaz de Mera,Abanca-Balaídos,Vigo,0,0,H,1,1,4,2,0,31,538.0,13.0,43.0,WLDLL,797.0,20.0,25.0,DWDDW,1,1,3,4,2,3,0,9
878249,2023-04-26 20:00:00+00:00,1682539200,140,2022,Regular Season - 31,728,Rayo Vallecano,529,Barcelona,2,1,FT,Jesús Gil,Estadio de Vallecas,Madrid,1,0,H,3,1,4,2,0,31,728.0,11.0,49.0,LWLLL,529.0,1.0,88.0,LWLLW,1,0,4,3,2,0,3,6
878250,2023-04-27 17:30:00+00:00,1682616600,140,2022,Regular Season - 31,533,Villarreal,540,Espanyol,4,2,FT,César Soto,Estadio de la Cerámica,Villarreal,0,1,H,6,2,4,3,0,31,533.0,5.0,64.0,DLWWW,540.0,19.0,37.0,DDDWL,3,1,1,10,1,3,1,6
878247,2023-04-27 17:30:00+00:00,1682616600,140,2022,Regular Season - 31,532,Valencia,720,Valladolid,2,1,FT,José Munuera,Estadio de Mestalla,Valencia,0,1,H,3,1,4,3,0,31,532.0,16.0,42.0,DDLWW,720.0,18.0,40.0,DDWLL,2,2,1,8,1,2,2,5
878242,2023-04-27 20:00:00+00:00,1682625600,140,2022,Regular Season - 31,531,Athletic Club,536,Sevilla,0,1,FT,Alejandro Hernández,San Mamés Barria,Bilbao,0,0,A,1,-1,4,3,0,31,531.0,8.0,51.0,DLLWL,536.0,12.0,49.0,LLDDW,1,1,3,4,1,2,2,5
878256,2023-04-28 19:00:00+00:00,1682708400,140,2022,Regular Season - 32,727,Osasuna,548,Real Sociedad,0,2,FT,Valentín Pizarro,Estadio El Sadar,Iruñea,0,1,A,2,-2,4,4,0,32,727.0,7.0,53.0,WLWLW,548.0,4.0,71.0,WLWWD,3,0,2,9,3,1,1,10
878253,2023-04-29 14:15:00+00:00,1682777700,140,2022,Regular Season - 32,797,Elche,728,Rayo Vallecano,4,0,FT,Mario Melero,Estadio Manuel Martínez Valero,Elche,1,0,H,4,4,4,5,1,32,797.0,20.0,25.0,DWDDW,728.0,11.0,49.0,LWLLL,2,3,0,9,1,0,4,3
878260,2023-04-29 16:30:00+00:00,1682785800,140,2022,Regular Season - 32,541,Real Madrid,723,Almeria,4,2,FT,Guillermo Cuadra,Estadio Santiago Bernabéu,Madrid,3,1,H,6,2,4,5,1,32,541.0,2.0,78.0,DWWLW,723.0,17.0,41.0,DDLWL,3,1,1,10,1,2,2,5
878252,2023-04-29 19:00:00+00:00,1682794800,140,2022,Regular Season - 32,529,Barcelona,543,Real Betis,4,0,FT,Carlos del Cerro,Spotify Camp Nou,Barcelona,3,0,H,4,4,4,5,1,32,529.0,1.0,88.0,LWLLW,543.0,6.0,60.0,DWLDW,2,0,3,6,2,2,1,8
878254,2023-04-30 12:00:00+00:00,1682856000,140,2022,Regular Season - 32,724,Cadiz,532,Valencia,2,1,FT,Ricardo De Burgos,Estadio Nuevo Mirandilla,Cádiz,1,0,H,3,1,4,6,1,32,724.0,14.0,42.0,DWLWL,532.0,16.0,42.0,DDLWW,2,1,2,7,2,2,1,8
878259,2023-04-30 14:15:00+00:00,1682864100,140,2022,Regular Season - 32,533,Villarreal,538,Celta Vigo,3,1,FT,Pablo González,Estadio de la Cerámica,Villarreal,2,1,H,4,2,4,6,1,32,533.0,5.0,64.0,DLWWW,538.0,13.0,43.0,WLDLL,3,1,1,10,1,1,3,4
878255,2023-04-30 16:30:00+00:00,1682872200,140,2022,Regular Season - 32,540,Espanyol,546,Getafe,1,0,FT,José Sánchez,RCDE Stadium,Cornella de Llobregat,1,0,H,1,1,4,6,1,32,540.0,19.0,37.0,DDDWL,546.0,15.0,42.0,DWWDL,1,3,1,6,2,2,1,8
878258,2023-04-30 19:00:00+00:00,1682881200,140,2022,Regular Season - 32,720,Valladolid,530,Atletico Madrid,2,5,FT,Antonio Mateu,Estadio Municipal José Zorrilla,Valladolid,1,3,A,7,-3,4,6,1,32,720.0,18.0,40.0,DDWLL,530.0,3.0,77.0,DWDWL,1,2,2,5,2,2,1,8
878257,2023-05-01 17:00:00+00:00,1682960400,140,2022,Regular Season - 32,798,Mallorca,531,Athletic Club,1,1,FT,Jorge Figueroa,Visit Mallorca Estadi,Palma de Mallorca,0,0,D,2,0,5,0,0,32,798.0,9.0,50.0,WLWLW,531.0,8.0,51.0,DLLWL,3,0,2,9,1,1,3,4
878261,2023-05-01 19:00:00+00:00,1682967600,140,2022,Regular Season - 32,536,Sevilla,547,Girona,0,2,FT,Alejandro Muñiz,Estadio Ramón Sánchez Pizjuán,Sevilla,0,1,A,2,-2,5,0,0,32,536.0,12.0,49.0,LLDDW,547.0,10.0,49.0,LLDLD,1,2,2,5,0,2,3,2
878264,2023-05-02 17:30:00+00:00,1683048600,140,2022,Regular Season - 33,529,Barcelona,727,Osasuna,1,0,FT,Javier Iglesias,Spotify Camp Nou,Barcelona,0,0,H,1,1,5,1,0,33,529.0,1.0,88.0,LWLLW,727.0,7.0,53.0,WLWLW,2,0,3,6,3,0,2,9
878267,2023-05-02 17:30:00+00:00,1683048600,140,2022,Regular Season - 33,723,Almeria,797,Elche,2,1,FT,Alejandro Hernández,Power Horse Stadium – Estadio de los Juegos Mediterráneos,Almería,1,0,H,3,1,5,1,0,33,723.0,17.0,41.0,DDLWL,797.0,20.0,25.0,DWDDW,1,2,2,5,2,3,0,9
878271,2023-05-02 20:00:00+00:00,1683057600,140,2022,Regular Season - 33,548,Real Sociedad,541,Real Madrid,2,0,FT,Juan Pulido,Reale Arena,Donostia-San Sebastián,0,0,H,2,2,5,1,0,33,548.0,4.0,71.0,WLWWD,541.0,2.0,78.0,DWWLW,3,1,1,10,3,1,1,10
878265,2023-05-03 17:30:00+00:00,1683135000,140,2022,Regular Season - 33,532,Valencia,533,Villarreal,1,1,FT,Jesús Gil,Estadio de Mestalla,Valencia,0,0,D,2,0,5,2,0,33,532.0,16.0,42.0,DDLWW,533.0,5.0,64.0,DLWWW,2,2,1,8,3,1,1,10
878263,2023-05-03 20:00:00+00:00,1683144000,140,2022,Regular Season - 33,530,Atletico Madrid,724,Cadiz,5,1,FT,César Soto,Estádio Cívitas Metropolitano,Madrid,2,0,H,6,4,5,2,0,33,530.0,3.0,77.0,DWDWL,724.0,14.0,42.0,DWLWL,2,2,1,8,2,1,2,7
878269,2023-05-03 20:00:00+00:00,1683144000,140,2022,Regular Season - 33,546,Getafe,538,Celta Vigo,1,0,FT,Guillermo Cuadra,Coliseum Alfonso Pérez,Getafe,1,0,H,1,1,5,2,0,33,546.0,15.0,42.0,DWWDL,538.0,13.0,43.0,WLDLL,2,2,1,8,1,1,3,4
878270,2023-05-04 17:30:00+00:00,1683221400,140,2022,Regular Season - 33,536,Sevilla,540,Espanyol,3,2,FT,Javier Alberola,Estadio Ramón Sánchez Pizjuán,Sevilla,1,2,H,5,1,5,3,0,33,536.0,12.0,49.0,LLDDW,540.0,19.0,37.0,DDDWL,1,2,2,5,1,3,1,6
878268,2023-05-04 17:30:00+00:00,1683221400,140,2022,Regular Season - 33,547,Girona,798,Mallorca,2,1,FT,Juan Martínez,Estadi Municipal de Montilivi,Girona,1,0,H,3,1,5,3,0,33,547.0,10.0,49.0,LLDLD,798.0,9.0,50.0,WLWLW,0,2,3,2,3,0,2,9
878262,2023-05-04 20:00:00+00:00,1683230400,140,2022,Regular Season - 33,531,Athletic Club,543,Real Betis,0,1,FT,Miguel Ortiz,San Mamés Barria,Bilbao,0,1,A,1,-1,5,3,0,33,531.0,8.0,51.0,DLLWL,543.0,6.0,60.0,DWLDW,1,1,3,4,2,2,1,8
878266,2023-05-04 20:00:00+00:00,1683230400,140,2022,Regular Season - 33,728,Rayo Vallecano,720,Valladolid,2,1,FT,Isidro Díaz de Mera,Estadio de Vallecas,Madrid,0,0,H,3,1,5,3,0,33,728.0,11.0,49.0,LWLLL,720.0,18.0,40.0,DDWLL,1,0,4,3,1,2,2,5
878278,2023-05-12 19:00:00+00:00,1683918000,140,2022,Regular Season - 34,798,Mallorca,724,Cadiz,1,0,FT,José Sánchez,Visit Mallorca Estadi,Palma de Mallorca,1,0,H,1,1,5,4,0,34,798.0,9.0,50.0,WLWLW,724.0,14.0,42.0,DWLWL,3,0,2,9,2,1,2,7
878281,2023-05-13 12:00:00+00:00,1683979200,140,2022,Regular Season - 34,548,Real Sociedad,547,Girona,2,2,FT,Jorge Figueroa,Reale Arena,Donostia-San Sebastián,2,2,D,4,0,5,5,1,34,548.0,4.0,71.0,WLWWD,547.0,10.0,49.0,LLDLD,3,1,1,10,0,2,3,2
878280,2023-05-13 14:15:00+00:00,1683987300,140,2022,Regular Season - 34,727,Osasuna,723,Almeria,3,1,FT,Antonio Mateu,Estadio El Sadar,Iruñea,0,0,H,4,2,5,5,1,34,727.0,7.0,53.0,WLWLW,723.0,17.0,41.0,DDLWL,3,0,2,9,1,2,2,5
878274,2023-05-13 16:30:00+00:00,1683995400,140,2022,Regular Season - 34,533,Villarreal,531,Athletic Club,5,1,FT,Carlos del Cerro,Estadio de la Cerámica,Villarreal,2,1,H,6,4,5,5,1,34,533.0,5.0,64.0,DLWWW,531.0,8.0,51.0,DLLWL,3,1,1,10,1,1,3,4
878277,2023-05-13 19:00:00+00:00,1684004400,140,2022,Regular Season - 34,541,Real Madrid,546,Getafe,1,0,FT,Juan Martínez,Estadio Santiago Bernabéu,Madrid,0,0,H,1,1,5,5,1,34,541.0,2.0,78.0,DWWLW,546.0,15.0,42.0,DWWDL,3,1,1,10,2,2,1,8
878273,2023-05-14 12:00:00+00:00,1684065600,140,2022,Regular Season - 34,538,Celta Vigo,532,Valencia,1,2,FT,César Soto,Abanca-Balaídos,Vigo,0,1,A,3,-1,5,6,1,34,538.0,13.0,43.0,WLDLL,532.0,16.0,42.0,DDLWW,1,1,3,4,2,2,1,8
878275,2023-05-14 14:15:00+00:00,1684073700,140,2022,Regular Season - 34,797,Elche,530,Atletico Madrid,1,0,FT,Alejandro Muñiz,Estadio Manuel Martínez Valero,Elche,1,0,H,1,1,5,6,1,34,797.0,20.0,25.0,DWDDW,530.0,3.0,77.0,DWDWL,2,3,0,9,2,2,1,8
878279,2023-05-14 16:30:00+00:00,1684081800,140,2022,Regular Season - 34,720,Valladolid,536,Sevilla,0,3,FT,Miguel Ortiz,Estadio Municipal José Zorrilla,Valladolid,0,0,A,3,-3,5,6,1,34,720.0,18.0,40.0,DDWLL,536.0,12.0,49.0,LLDDW,1,2,2,5,1,2,2,5
878276,2023-05-14 19:00:00+00:00,1684090800,140,2022,Regular Season - 34,540,Espanyol,529,Barcelona,2,4,FT,Ricardo De Burgos,RCDE Stadium,Cornella de Llobregat,0,3,A,6,-2,5,6,1,34,540.0,19.0,37.0,DDDWL,529.0,1.0,88.0,LWLLW,1,3,1,6,2,0,3,6
878272,2023-05-15 19:00:00+00:00,1684177200,140,2022,Regular Season - 34,543,Real Betis,728,Rayo Vallecano,3,1,FT,Juan Pulido,Estadio Benito Villamarín,Sevilla,2,0,H,4,2,5,0,0,34,543.0,6.0,60.0,DWLDW,728.0,11.0,49.0,LWLLL,2,2,1,8,1,0,4,3
878285,2023-05-19 19:00:00+00:00,1684522800,140,2022,Regular Season - 35,724,Cadiz,720,Valladolid,2,0,FT,Juan Martínez,Estadio Nuevo Mirandilla,Cádiz,0,0,H,2,2,5,4,0,35,724.0,14.0,42.0,DWLWL,720.0,18.0,40.0,DDWLL,2,1,2,7,1,2,2,5
878287,2023-05-20 12:00:00+00:00,1684584000,140,2022,Regular Season - 35,547,Girona,533,Villarreal,1,2,FT,Valentín Pizarro,Estadi Municipal de Montilivi,Girona,1,1,A,3,-1,5,5,1,35,547.0,10.0,49.0,LLDLD,533.0,5.0,64.0,DLWWW,0,2,3,2,3,1,1,10
878282,2023-05-20 14:15:00+00:00,1684592100,140,2022,Regular Season - 35,531,Athletic Club,538,Celta Vigo,2,1,FT,Mario Melero,San Mamés Barria,Bilbao,1,0,H,3,1,5,5,1,35,531.0,8.0,51.0,DLLWL,538.0,13.0,43.0,WLDLL,1,1,3,4,1,1,3,4
878286,2023-05-20 16:30:00+00:00,1684600200,140,2022,Regular Season - 35,723,Almeria,798,Mallorca,3,0,FT,Carlos del Cerro,Power Horse Stadium – Estadio de los Juegos Mediterráneos,Almería,2,0,H,3,3,5,5,1,35,723.0,17.0,41.0,DDLWL,798.0,9.0,50.0,WLWLW,1,2,2,5,3,0,2,9
878289,2023-05-20 16:30:00+00:00,1684600200,140,2022,Regular Season - 35,546,Getafe,797,Elche,1,1,FT,Javier Iglesias,Coliseum Alfonso Pérez,Getafe,1,1,D,2,0,5,5,1,35,546.0,15.0,42.0,DWWDL,797.0,20.0,25.0,DWDDW,2,2,1,8,2,3,0,9
878284,2023-05-20 19:00:00+00:00,1684609200,140,2022,Regular Season - 35,529,Barcelona,548,Real Sociedad,1,2,FT,Javier Alberola,Spotify Camp Nou,Barcelona,0,1,A,3,-1,5,5,1,35,529.0,1.0,88.0,LWLLW,548.0,4.0,71.0,WLWWD,2,0,3,6,3,1,1,10
878290,2023-05-21 12:00:00+00:00,1684670400,140,2022,Regular Season - 35,728,Rayo Vallecano,540,Espanyol,1,2,FT,Alejandro Hernández,Estadio de Vallecas,Madrid,1,1,A,3,-1,5,6,1,35,728.0,11.0,49.0,LWLLL,540.0,19.0,37.0,DDDWL,1,0,4,3,1,3,1,6
878283,2023-05-21 14:15:00+00:00,1684678500,140,2022,Regular Season - 35,530,Atletico Madrid,727,Osasuna,3,0,FT,Pablo González,Estádio Cívitas Metropolitano,Madrid,1,0,H,3,3,5,6,1,35,530.0,3.0,77.0,DWDWL,727.0,7.0,53.0,WLWLW,2,2,1,8,3,0,2,9
878291,2023-05-21 16:30:00+00:00,1684686600,140,2022,Regular Season - 35,532,Valencia,541,Real Madrid,1,0,FT,Ricardo De Burgos,Estadio de Mestalla,Valencia,1,0,H,1,1,5,6,1,35,532.0,16.0,42.0,DDLWW,541.0,2.0,78.0,DWWLW,2,2,1,8,3,1,1,10
878288,2023-05-21 19:00:00+00:00,1684695600,140,2022,Regular Season - 35,536,Sevilla,543,Real Betis,0,0,FT,Jesús Gil,Estadio Ramón Sánchez Pizjuán,Sevilla,0,0,D,0,0,5,6,1,35,536.0,12.0,49.0,LLDDW,543.0,6.0,60.0,DWLDW,1,2,2,5,2,2,1,8
878293,2023-05-23 17:30:00+00:00,1684863000,140,2022,Regular Season - 36,538,Celta Vigo,547,Girona,1,1,FT,Antonio Mateu,Abanca-Balaídos,Vigo,1,0,D,2,0,5,1,0,36,538.0,13.0,43.0,WLDLL,547.0,10.0,49.0,LLDLD,1,1,3,4,0,2,3,2
878301,2023-05-23 17:30:00+00:00,1684863000,140,2022,Regular Season - 36,548,Real Sociedad,723,Almeria,1,0,FT,Pablo González,Reale Arena,Donostia-San Sebastián,1,0,H,1,1,5,1,0,36,548.0,4.0,71.0,WLWWD,723.0,17.0,41.0,DDLWL,3,1,1,10,1,2,2,5
878298,2023-05-23 20:00:00+00:00,1684872000,140,2022,Regular Season - 36,720,Valladolid,529,Barcelona,3,1,FT,César Soto,Estadio Municipal José Zorrilla,Valladolid,2,0,H,4,2,5,1,0,36,720.0,18.0,40.0,DDWLL,529.0,1.0,88.0,LWLLW,1,2,2,5,2,0,3,6
878294,2023-05-24 17:30:00+00:00,1684949400,140,2022,Regular Season - 36,797,Elche,536,Sevilla,1,1,FT,Isidro Díaz de Mera,Estadio Manuel Martínez Valero,Elche,1,1,D,2,0,5,2,0,36,797.0,20.0,25.0,DWDDW,536.0,12.0,49.0,LLDDW,2,3,0,9,1,2,2,5
878299,2023-05-24 17:30:00+00:00,1684949400,140,2022,Regular Season - 36,533,Villarreal,724,Cadiz,2,0,FT,Juan Pulido,Estadio de la Cerámica,Villarreal,2,0,H,2,2,5,2,0,36,533.0,5.0,64.0,DLWWW,724.0,14.0,42.0,DWLWL,3,1,1,10,2,1,2,7
878300,2023-05-24 17:30:00+00:00,1684949400,140,2022,Regular Season - 36,541,Real Madrid,728,Rayo Vallecano,2,1,FT,Jesús Gil,Estadio Santiago Bernabéu,Madrid,1,0,H,3,1,5,2,0,36,541.0,2.0,78.0,DWWLW,728.0,11.0,49.0,LWLLL,3,1,1,10,1,0,4,3
878292,2023-05-24 20:00:00+00:00,1684958400,140,2022,Regular Season - 36,543,Real Betis,546,Getafe,0,1,FT,Ricardo De Burgos,Estadio Benito Villamarín,Sevilla,0,0,A,1,-1,5,2,0,36,543.0,6.0,60.0,DWLDW,546.0,15.0,42.0,DWWDL,2,2,1,8,2,2,1,8
878297,2023-05-24 20:00:00+00:00,1684958400,140,2022,Regular Season - 36,540,Espanyol,530,Atletico Madrid,3,3,FT,Mario Melero,RCDE Stadium,Cornella de Llobregat,0,2,D,6,0,5,2,0,36,540.0,19.0,37.0,DDDWL,530.0,3.0,77.0,DWDWL,1,3,1,6,2,2,1,8
878295,2023-05-25 17:30:00+00:00,1685035800,140,2022,Regular Season - 36,798,Mallorca,532,Valencia,1,0,FT,Alejandro Hernández,Visit Mallorca Estadi,Palma de Mallorca,0,0,H,1,1,5,3,0,36,798.0,9.0,50.0,WLWLW,532.0,16.0,42.0,DDLWW,3,0,2,9,2,2,1,8
878296,2023-05-25 19:30:00+00:00,1685043000,140,2022,Regular Season - 36,727,Osasuna,531,Athletic Club,2,0,FT,Alejandro Muñiz,Estadio El Sadar,Iruñea,0,0,H,2,2,5,3,0,36,727.0,7.0,53.0,WLWLW,531.0,8.0,51.0,DLLWL,3,0,2,9,1,1,3,4
878311,2023-05-27 17:00:00+00:00,1685206800,140,2022,Regular Season - 37,536,Sevilla,541,Real Madrid,1,2,FT,César Soto,Estadio Ramón Sánchez Pizjuán,Sevilla,1,1,A,3,-1,5,5,1,37,536.0,12.0,49.0,LLDDW,541.0,2.0,78.0,DWWLW,1,2,2,5,3,1,1,10
878307,2023-05-28 17:00:00+00:00,1685293200,140,2022,Regular Season - 37,728,Rayo Vallecano,533,Villarreal,2,1,FT,Javier Iglesias,Estadio de Vallecas,Madrid,0,0,H,3,1,5,6,1,37,728.0,11.0,49.0,LWLLL,533.0,5.0,64.0,DLWWW,1,0,4,3,3,1,1,10
878308,2023-05-28 17:00:00+00:00,1685293200,140,2022,Regular Season - 37,723,Almeria,720,Valladolid,0,0,FT,Javier Alberola,Power Horse Stadium – Estadio de los Juegos Mediterráneos,Almería,0,0,D,0,0,5,6,1,37,723.0,17.0,41.0,DDLWL,720.0,18.0,40.0,DDWLL,1,2,2,5,1,2,2,5
878309,2023-05-28 17:00:00+00:00,1685293200,140,2022,Regular Season - 37,547,Girona,543,Real Betis,1,2,FT,Isidro Díaz de Mera,Estadi Municipal de Montilivi,Girona,1,0,A,3,-1,5,6,1,37,547.0,10.0,49.0,LLDLD,543.0,6.0,60.0,DWLDW,0,2,3,2,2,2,1,8
878305,2023-05-28 17:00:00+00:00,1685293200,140,2022,Regular Season - 37,546,Getafe,727,Osasuna,2,1,FT,Antonio Mateu,Coliseum Alfonso Pérez,Getafe,1,1,H,3,1,5,6,1,37,546.0,15.0,42.0,DWWDL,727.0,7.0,53.0,WLWLW,2,2,1,8,3,0,2,9
878306,2023-05-28 17:00:00+00:00,1685293200,140,2022,Regular Season - 37,724,Cadiz,538,Celta Vigo,1,0,FT,Ricardo De Burgos,Estadio Nuevo Mirandilla,Cádiz,0,0,H,1,1,5,6,1,37,724.0,14.0,42.0,DWLWL,538.0,13.0,43.0,WLDLL,2,1,2,7,1,1,3,4
878302,2023-05-28 17:00:00+00:00,1685293200,140,2022,Regular Season - 37,531,Athletic Club,797,Elche,0,1,FT,Valentín Pizarro,San Mamés Barria,Bilbao,0,0,A,1,-1,5,6,1,37,531.0,8.0,51.0,DLLWL,797.0,20.0,25.0,DWDDW,1,1,3,4,2,3,0,9
878303,2023-05-28 17:00:00+00:00,1685293200,140,2022,Regular Season - 37,530,Atletico Madrid,548,Real Sociedad,2,1,FT,Juan Pulido,Estádio Cívitas Metropolitano,Madrid,1,0,H,3,1,5,6,1,37,530.0,3.0,77.0,DWDWL,548.0,4.0,71.0,WLWWD,2,2,1,8,3,1,1,10
878304,2023-05-28 17:00:00+00:00,1685293200,140,2022,Regular Season - 37,529,Barcelona,798,Mallorca,3,0,FT,Jorge Figueroa,Spotify Camp Nou,Barcelona,2,0,H,3,3,5,6,1,37,529.0,1.0,88.0,LWLLW,798.0,9.0,50.0,WLWLW,2,0,3,6,3,0,2,9
878310,2023-05-28 17:00:00+00:00,1685293200,140,2022,Regular Season - 37,532,Valencia,540,Espanyol,2,2,FT,Jesús Gil,Estadio de Mestalla,Valencia,1,1,D,4,0,5,6,1,37,532.0,16.0,42.0,DDLWW,540.0,19.0,37.0,DDDWL,2,2,1,8,1,3,1,6
878316,2023-06-04 16:30:00+00:00,1685896200,140,2022,Regular Season - 38,533,Villarreal,530,Atletico Madrid,2,2,FT,Ricardo De Burgos,Estadio de la Cerámica,Villarreal,1,1,D,4,0,6,6,1,38,533.0,5.0,64.0,DLWWW,530.0,3.0,77.0,DWDWL,3,1,1,10,2,2,1,8
878315,2023-06-04 16:30:00+00:00,1685896200,140,2022,Regular Season - 38,541,Real Madrid,531,Athletic Club,1,1,FT,Isidro Díaz de Mera,Estadio Santiago Bernabéu,Madrid,0,0,D,2,0,6,6,1,38,541.0,2.0,78.0,DWWLW,531.0,8.0,51.0,DLLWL,3,1,1,10,1,1,3,4
878314,2023-06-04 16:30:00+00:00,1685896200,140,2022,Regular Season - 38,548,Real Sociedad,536,Sevilla,2,1,FT,Carlos del Cerro,Reale Arena,Donostia-San Sebastián,1,0,H,3,1,6,6,1,38,548.0,4.0,71.0,WLWWD,536.0,12.0,49.0,LLDDW,3,1,1,10,1,2,2,5
878321,2023-06-04 16:30:00+00:00,1685896200,140,2022,Regular Season - 38,727,Osasuna,547,Girona,2,1,FT,Miguel Ortiz,Estadio El Sadar,Iruñea,0,0,H,3,1,6,6,1,38,727.0,7.0,53.0,WLWLW,547.0,10.0,49.0,LLDLD,3,0,2,9,0,2,3,2
878313,2023-06-04 16:30:00+00:00,1685896200,140,2022,Regular Season - 38,798,Mallorca,728,Rayo Vallecano,3,0,FT,Antonio Mateu,Visit Mallorca Estadi,Palma de Mallorca,0,0,H,3,3,6,6,1,38,798.0,9.0,50.0,WLWLW,728.0,11.0,49.0,LWLLL,3,0,2,9,1,0,4,3
878318,2023-06-04 19:00:00+00:00,1685905200,140,2022,Regular Season - 38,720,Valladolid,546,Getafe,0,0,FT,José Munuera,Estadio Municipal José Zorrilla,Valladolid,0,0,D,0,0,6,6,1,38,720.0,18.0,40.0,DDWLL,546.0,15.0,42.0,DWWDL,1,2,2,5,2,2,1,8
878317,2023-06-04 19:00:00+00:00,1685905200,140,2022,Regular Season - 38,538,Celta Vigo,529,Barcelona,2,1,FT,Juan Pulido,Abanca-Balaídos,Vigo,1,0,H,3,1,6,6,1,38,538.0,13.0,43.0,WLDLL,529.0,1.0,88.0,LWLLW,1,1,3,4,2,0,3,6
878320,2023-06-04 19:00:00+00:00,1685905200,140,2022,Regular Season - 38,540,Espanyol,723,Almeria,3,3,FT,César Soto,RCDE Stadium,Cornella de Llobregat,1,1,D,6,0,6,6,1,38,540.0,19.0,37.0,DDDWL,723.0,17.0,41.0,DDLWL,1,3,1,6,1,2,2,5
878312,2023-06-04 19:00:00+00:00,1685905200,140,2022,Regular Season - 38,543,Real Betis,532,Valencia,1,1,FT,Javier Alberola,Estadio Benito Villamarín,Sevilla,1,0,D,2,0,6,6,1,38,543.0,6.0,60.0,DWLDW,532.0,16.0,42.0,DDLWW,2,2,1,8,2,2,1,8
878319,2023-06-04 19:00:00+00:00,1685905200,140,2022,Regular Season - 38,797,Elche,724,Cadiz,1,1,FT,Jesús Gil,Estadio Manuel Martínez Valero,Elche,0,1,D,2,0,6,6,1,38,797.0,20.0,25.0,DWDDW,724.0,14.0,42.0,DWLWL,2,3,0,9,2,1,2,7
1037952,2023-08-11 17:30:00+00:00,1691775000,140,2023,Regular Season - 1,723,Almeria,728,Rayo Vallecano,0,2,FT,"Antonio Alberola Rojas, Spain",Power Horse Stadium,Almería,0,2,A,2,-2,8,4,0,1,723.0,19.0,21.0,WDLLW,728.0,17.0,38.0,LLWDL,2,1,2,7,1,1,3,4
1037956,2023-08-11 20:00:00+00:00,1691784000,140,2023,Regular Season - 1,536,Sevilla,532,Valencia,1,2,FT,"Jose Maria Sanchez Martinez, Spain",Estadio Ramón Sánchez Pizjuán,Sevilla,0,0,A,3,-1,8,4,0,1,536.0,14.0,41.0,LLLLW,532.0,9.0,49.0,DLLDL,1,0,4,3,0,2,3,2
1037960,2023-08-12 15:00:00+00:00,1691852400,140,2023,Regular Season - 1,548,Real Sociedad,547,Girona,1,1,FT,"Francisco Hernandez Maeso, Spain",Reale Arena,Donostia-San Sebastián,1,0,D,2,0,8,5,1,1,548.0,6.0,60.0,LWWLW,547.0,3.0,81.0,WWLDW,3,0,2,9,3,1,1,10
1037957,2023-08-12 17:30:00+00:00,1691861400,140,2023,Regular Season - 1,534,Las Palmas,798,Mallorca,1,1,FT,"Victor Garcia Verdura, Spain",Estadio de Gran Canaria,Las Palmas de Gran Canaria,1,0,D,2,0,8,5,1,1,534.0,16.0,40.0,DDDLL,798.0,15.0,40.0,WDDWL,0,3,2,3,2,2,1,8
1037953,2023-08-12 19:30:00+00:00,1691868600,140,2023,Regular Season - 1,531,Athletic Club,541,Real Madrid,0,2,FT,"Jesus Gil Manzano, Spain",San Mamés Barria,Bilbao,0,2,A,2,-2,8,5,1,1,531.0,5.0,68.0,WWLDW,541.0,1.0,95.0,DDWWW,3,1,1,10,3,2,0,11
1037955,2023-08-13 15:00:00+00:00,1691938800,140,2023,Regular Season - 1,538,Celta Vigo,727,Osasuna,0,2,FT,"Pablo Gonzales Fuertes, Spain",Estadio Abanca-Balaídos,Vigo,0,1,A,2,-2,8,6,1,1,538.0,13.0,41.0,DWWLW,727.0,11.0,45.0,DWDDL,3,1,1,10,1,3,1,6
1037959,2023-08-13 17:30:00+00:00,1691947800,140,2023,Regular Season - 1,533,Villarreal,543,Real Betis,1,2,FT,"Miguel Angel Ortiz Arias, Spain",Estadio de la Cerámica,Villarreal,0,1,A,3,-1,8,6,1,1,533.0,8.0,53.0,DDWWL,543.0,7.0,57.0,DLDWW,2,2,1,8,2,2,1,8
1037958,2023-08-13 19:30:00+00:00,1691955000,140,2023,Regular Season - 1,546,Getafe,529,Barcelona,0,0,FT,"Cesar Soto Grado, Spain",Estadio Coliseum,Getafe,0,0,D,0,0,8,6,1,1,546.0,12.0,43.0,LLLLL,529.0,2.0,85.0,WWWWL,0,0,5,0,4,0,1,12
1037961,2023-08-14 17:30:00+00:00,1692034200,140,2023,Regular Season - 1,724,Cadiz,542,Alaves,1,0,FT,"Isidro Diaz de Mera Escuderos, Spain",Estadio Nuevo Mirandilla,Cádiz,1,0,H,1,1,8,0,0,1,724.0,18.0,33.0,LDWWL,542.0,10.0,46.0,DWLDW,2,1,2,7,2,2,1,8
1037954,2023-08-14 19:30:00+00:00,1692041400,140,2023,Regular Season - 1,530,Atletico Madrid,715,Granada CF,3,1,FT,"Juan Luis Pulido Santana, Spain",Estádio Cívitas Metropolitano,Madrid,1,0,H,4,2,8,0,0,1,530.0,4.0,76.0,WLWWW,715.0,20.0,21.0,LLLLL,4,0,1,12,0,0,5,0
1037964,2023-08-18 17:30:00+00:00,1692379800,140,2023,Regular Season - 2,798,Mallorca,533,Villarreal,0,1,FT,"Javier Alberola Rojas, Spain",Estadi Mallorca Son Moix,Palma de Mallorca,0,0,A,1,-1,8,4,0,2,798.0,15.0,40.0,WDDWL,533.0,8.0,53.0,DDWWL,2,2,1,8,2,2,1,8
1037971,2023-08-18 19:30:00+00:00,1692387000,140,2023,Regular Season - 2,532,Valencia,534,Las Palmas,1,0,FT,"Javier Iglesias Villanueva, Spain",Estadio de Mestalla,Valencia,0,0,H,1,1,8,4,0,2,532.0,9.0,49.0,DLLDL,534.0,16.0,40.0,DDDLL,0,2,3,2,0,3,2,3
1037969,2023-08-19 15:00:00+00:00,1692457200,140,2023,Regular Season - 2,548,Real Sociedad,538,Celta Vigo,1,1,FT,"Miguel Angel Ortiz Arias, Spain",Reale Arena,Donostia-San Sebastián,1,0,D,2,0,8,5,1,2,548.0,6.0,60.0,LWWLW,538.0,13.0,41.0,DWWLW,3,0,2,9,3,1,1,10
1037962,2023-08-19 17:30:00+00:00,1692466200,140,2023,Regular Season - 2,723,Almeria,541,Real Madrid,1,3,FT,"Jose Maria Sanchez Martinez, Spain",Power Horse Stadium,Almería,1,1,A,4,-2,8,5,1,2,723.0,19.0,21.0,WDLLW,541.0,1.0,95.0,DDWWW,2,1,2,7,3,2,0,11
1037967,2023-08-19 19:30:00+00:00,1692473400,140,2023,Regular Season - 2,727,Osasuna,531,Athletic Club,0,2,FT,"José Luis Munuera Montero, Spain",Estadio El Sadar,Iruñea,0,2,A,2,-2,8,5,1,2,727.0,11.0,45.0,DWDDL,531.0,5.0,68.0,WWLDW,1,3,1,6,3,1,1,10
1037970,2023-08-20 17:00:00+00:00,1692550800,140,2023,Regular Season - 2,547,Girona,546,Getafe,3,0,FT,"Jorge Figueroa Vazquez, Spain",Estadi Municipal de Montilivi,Girona,1,0,H,3,3,8,6,1,2,547.0,3.0,81.0,WWLDW,546.0,12.0,43.0,LLLLL,3,1,1,10,0,0,5,0
1037963,2023-08-20 17:30:00+00:00,1692552600,140,2023,Regular Season - 2,529,Barcelona,724,Cadiz,2,0,FT,"Alejandro Muniz Ruiz, Spain",Estadi Olímpic Lluís Companys,Barcelona,0,0,H,2,2,8,6,1,2,529.0,2.0,85.0,WWWWL,724.0,18.0,33.0,LDWWL,4,0,1,12,2,1,2,7
1037968,2023-08-20 19:30:00+00:00,1692559800,140,2023,Regular Season - 2,543,Real Betis,530,Atletico Madrid,0,0,FT,"Ricardo De Burgos Bengoetxea, Spain",Estadio Benito Villamarín,Sevilla,0,0,D,0,0,8,6,1,2,543.0,7.0,57.0,DLDWW,530.0,4.0,76.0,WLWWW,2,2,1,8,4,0,1,12
1037966,2023-08-21 17:00:00+00:00,1692637200,140,2023,Regular Season - 2,542,Alaves,536,Sevilla,4,3,FT,"Guillermo Cuadra Fernandez, Spain",Estadio de Mendizorroza,Vitoria-Gasteiz,2,2,H,7,1,8,0,0,2,542.0,10.0,46.0,DWLDW,536.0,14.0,41.0,LLLLW,2,2,1,8,1,0,4,3
1037965,2023-08-21 19:30:00+00:00,1692646200,140,2023,Regular Season - 2,715,Granada CF,728,Rayo Vallecano,0,2,FT,"Pablo Gonzales Fuertes, Spain",Estadio Nuevo Los Cármenes,Granada,0,0,A,2,-2,8,0,0,2,715.0,20.0,21.0,LLLLL,728.0,17.0,38.0,LLWDL,0,0,5,0,1,1,3,4
1037975,2023-08-25 17:30:00+00:00,1692984600,140,2023,Regular Season - 3,534,Las Palmas,548,Real Sociedad,0,0,FT,"Guillermo Cuadra Fernandez, Spain",Estadio de Gran Canaria,Las Palmas de Gran Canaria,0,0,D,0,0,8,4,0,3,534.0,16.0,40.0,DDDLL,548.0,6.0,60.0,LWWLW,0,3,2,3,3,0,2,9
1037973,2023-08-25 19:30:00+00:00,1692991800,140,2023,Regular Season - 3,538,Celta Vigo,541,Real Madrid,0,1,FT,"Isidro Diaz de Mera Escuderos, Spain",Estadio Abanca-Balaídos,Vigo,0,0,A,1,-1,8,4,0,3,538.0,13.0,41.0,DWWLW,541.0,1.0,95.0,DDWWW,3,1,1,10,3,2,0,11
1037976,2023-08-26 17:00:00+00:00,1693069200,140,2023,Regular Season - 3,724,Cadiz,723,Almeria,1,1,FT,"Victor Garcia Verdura, Spain",Estadio Nuevo Mirandilla,Cádiz,0,0,D,2,0,8,5,1,3,724.0,18.0,33.0,LDWWL,723.0,19.0,21.0,WDLLW,2,1,2,7,2,1,2,7
1037974,2023-08-26 17:30:00+00:00,1693071000,140,2023,Regular Season - 3,715,Granada CF,798,Mallorca,3,2,FT,"Francisco Hernandez Maeso, Spain",Estadio Nuevo Los Cármenes,Granada,1,1,H,5,1,8,5,1,3,715.0,20.0,21.0,LLLLL,798.0,15.0,40.0,WDDWL,0,0,5,0,2,2,1,8
1037979,2023-08-26 19:30:00+00:00,1693078200,140,2023,Regular Season - 3,536,Sevilla,547,Girona,1,2,FT,"Jesus Gil Manzano, Spain",Estadio Ramón Sánchez Pizjuán,Sevilla,1,1,A,3,-1,8,5,1,3,536.0,14.0,41.0,LLLLW,547.0,3.0,81.0,WWLDW,1,0,4,3,3,1,1,10
1037978,2023-08-27 15:30:00+00:00,1693150200,140,2023,Regular Season - 3,533,Villarreal,529,Barcelona,3,4,FT,"Alejandro Hernandez, Spain",Estadio de la Cerámica,Villarreal,2,2,A,7,-1,8,6,1,3,533.0,8.0,53.0,DDWWL,529.0,2.0,85.0,WWWWL,2,2,1,8,4,0,1,12
1037980,2023-08-27 17:30:00+00:00,1693157400,140,2023,Regular Season - 3,532,Valencia,727,Osasuna,1,2,FT,"Juan Luis Pulido Santana, Spain",Estadio de Mestalla,Valencia,0,1,A,3,-1,8,6,1,3,532.0,9.0,49.0,DLLDL,727.0,11.0,45.0,DWDDL,0,2,3,2,1,3,1,6
1037972,2023-08-27 19:30:00+00:00,1693164600,140,2023,Regular Season - 3,531,Athletic Club,543,Real Betis,4,2,FT,"Cesar Soto Grado, Spain",San Mamés Barria,Bilbao,3,2,H,6,2,8,6,1,3,531.0,5.0,68.0,WWLDW,543.0,7.0,57.0,DLDWW,3,1,1,10,2,2,1,8
1037981,2023-08-28 17:30:00+00:00,1693243800,140,2023,Regular Season - 3,546,Getafe,542,Alaves,1,0,FT,"Juan Martinez Munuera, Spain",Estadio Coliseum,Getafe,0,0,H,1,1,8,0,0,3,546.0,12.0,43.0,LLLLL,542.0,10.0,46.0,DWLDW,0,0,5,0,2,2,1,8
1037977,2023-08-28 19:30:00+00:00,1693251000,140,2023,Regular Season - 3,728,Rayo Vallecano,530,Atletico Madrid,0,7,FT,"José Luis Munuera Montero, Spain",Estadio de Vallecas,Madrid,0,3,A,7,-7,8,0,0,3,728.0,17.0,38.0,LLWDL,530.0,4.0,76.0,WLWWW,1,1,3,4,4,0,1,12
1037985,2023-09-01 17:30:00+00:00,1693589400,140,2023,Regular Season - 4,724,Cadiz,533,Villarreal,3,1,FT,"Juan Luis Pulido Santana, Spain",Estadio Nuevo Mirandilla,Cádiz,2,1,H,4,2,9,4,0,4,724.0,18.0,33.0,LDWWL,533.0,8.0,53.0,DDWWL,2,1,2,7,2,2,1,8
1037982,2023-09-01 20:00:00+00:00,1693598400,140,2023,Regular Season - 4,723,Almeria,538,Celta Vigo,2,3,FT,"Ricardo De Burgos Bengoetxea, Spain",Power Horse Stadium,Almería,0,2,A,5,-1,9,4,0,4,723.0,19.0,21.0,WDLLW,538.0,13.0,41.0,DWWLW,2,1,2,7,3,1,1,10
1037991,2023-09-02 12:00:00+00:00,1693656000,140,2023,Regular Season - 4,548,Real Sociedad,715,Granada CF,5,3,FT,"Javier Iglesias Villanueva, Spain",Reale Arena,Donostia-San Sebastián,2,1,H,8,2,9,5,1,4,548.0,6.0,60.0,LWWLW,715.0,20.0,21.0,LLLLL,3,0,2,9,0,0,5,0
1037990,2023-09-02 14:15:00+00:00,1693664100,140,2023,Regular Season - 4,541,Real Madrid,546,Getafe,2,1,FT,"Mario Melero Lopez, Spain",Estadio Santiago Bernabéu,Madrid,0,1,H,3,1,9,5,1,4,541.0,1.0,95.0,DDWWW,546.0,12.0,43.0,LLLLL,3,2,0,11,0,0,5,0
1037987,2023-09-02 16:30:00+00:00,1693672200,140,2023,Regular Season - 4,542,Alaves,532,Valencia,1,0,FT,"Pablo Gonzales Fuertes, Spain",Estadio de Mendizorroza,Vitoria-Gasteiz,1,0,H,1,1,9,5,1,4,542.0,10.0,46.0,DWLDW,532.0,9.0,49.0,DLLDL,2,2,1,8,0,2,3,2
1037984,2023-09-02 19:00:00+00:00,1693681200,140,2023,Regular Season - 4,543,Real Betis,728,Rayo Vallecano,1,0,FT,"Alejandro Muniz Ruiz, Spain",Estadio Benito Villamarín,Sevilla,0,0,H,1,1,9,5,1,4,543.0,7.0,57.0,DLDWW,728.0,17.0,38.0,LLWDL,2,2,1,8,1,1,3,4
1037986,2023-09-03 12:00:00+00:00,1693742400,140,2023,Regular Season - 4,547,Girona,534,Las Palmas,1,0,FT,"Mateo Busquets Ferrer, Spain",Estadi Municipal de Montilivi,Girona,0,0,H,1,1,9,6,1,4,547.0,3.0,81.0,WWLDW,534.0,16.0,40.0,DDDLL,3,1,1,10,0,3,2,3
1037988,2023-09-03 14:15:00+00:00,1693750500,140,2023,Regular Season - 4,798,Mallorca,531,Athletic Club,0,0,FT,"Jorge Figueroa Vazquez, Spain",Estadi Mallorca Son Moix,Palma de Mallorca,0,0,D,0,0,9,6,1,4,798.0,15.0,40.0,WDDWL,531.0,5.0,68.0,WWLDW,2,2,1,8,3,1,1,10
1037989,2023-09-03 19:00:00+00:00,1693767600,140,2023,Regular Season - 4,727,Osasuna,529,Barcelona,1,2,FT,"Miguel Angel Ortiz Arias, Spain",Estadio El Sadar,Iruñea,0,1,A,3,-1,9,6,1,4,727.0,11.0,45.0,DWDDL,529.0,2.0,85.0,WWWWL,1,3,1,6,4,0,1,12
1038001,2023-09-15 19:00:00+00:00,1694804400,140,2023,Regular Season - 5,728,Rayo Vallecano,542,Alaves,2,0,FT,"Victor Garcia Verdura, Spain",Estadio de Vallecas,Madrid,1,0,H,2,2,9,4,0,5,728.0,17.0,38.0,LLWDL,542.0,10.0,46.0,DWLDW,1,1,3,4,2,2,1,8
1037992,2023-09-16 12:00:00+00:00,1694865600,140,2023,Regular Season - 5,531,Athletic Club,724,Cadiz,3,0,FT,"Guillermo Cuadra Fernandez, Spain",San Mamés Barria,Bilbao,0,0,H,3,3,9,5,1,5,531.0,5.0,68.0,WWLDW,724.0,18.0,33.0,LDWWL,3,1,1,10,2,1,2,7
1037998,2023-09-16 14:15:00+00:00,1694873700,140,2023,Regular Season - 5,532,Valencia,530,Atletico Madrid,3,0,FT,"Jesus Gil Manzano, Spain",Estadio de Mestalla,Valencia,2,0,H,3,3,9,5,1,5,532.0,9.0,49.0,DLLDL,530.0,4.0,76.0,WLWWW,0,2,3,2,4,0,1,12
1037994,2023-09-16 16:30:00+00:00,1694881800,140,2023,Regular Season - 5,538,Celta Vigo,798,Mallorca,0,1,FT,"José Luis Munuera Montero, Spain",Estadio Abanca-Balaídos,Vigo,0,0,A,1,-1,9,5,1,5,538.0,13.0,41.0,DWWLW,798.0,15.0,40.0,WDDWL,3,1,1,10,2,2,1,8
1037993,2023-09-16 19:00:00+00:00,1694890800,140,2023,Regular Season - 5,529,Barcelona,543,Real Betis,5,0,FT,"Jose Maria Sanchez Martinez, Spain",Estadi Olímpic Lluís Companys,Barcelona,2,0,H,5,5,9,5,1,5,529.0,2.0,85.0,WWWWL,543.0,7.0,57.0,DLDWW,4,0,1,12,2,2,1,8
1037995,2023-09-17 12:00:00+00:00,1694952000,140,2023,Regular Season - 5,546,Getafe,727,Osasuna,3,2,FT,"Alejandro Hernandez, Spain",Estadio Coliseum,Getafe,1,1,H,5,1,9,6,1,5,546.0,12.0,43.0,LLLLL,727.0,11.0,45.0,DWDDL,0,0,5,0,1,3,1,6
1037997,2023-09-17 14:15:00+00:00,1694960100,140,2023,Regular Season - 5,533,Villarreal,723,Almeria,2,1,FT,"Francisco Hernandez Maeso, Spain",Estadio de la Cerámica,Villarreal,1,1,H,3,1,9,6,1,5,533.0,8.0,53.0,DDWWL,723.0,19.0,21.0,WDLLW,2,2,1,8,2,1,2,7
1038000,2023-09-17 16:30:00+00:00,1694968200,140,2023,Regular Season - 5,536,Sevilla,534,Las Palmas,1,0,FT,"Juan Martinez Munuera, Spain",Estadio Ramón Sánchez Pizjuán,Sevilla,0,0,H,1,1,9,6,1,5,536.0,14.0,41.0,LLLLW,534.0,16.0,40.0,DDDLL,1,0,4,3,0,3,2,3
1037996,2023-09-17 19:00:00+00:00,1694977200,140,2023,Regular Season - 5,541,Real Madrid,548,Real Sociedad,2,1,FT,"Cesar Soto Grado, Spain",Estadio Santiago Bernabéu,Madrid,0,1,H,3,1,9,6,1,5,541.0,1.0,95.0,DDWWW,548.0,6.0,60.0,LWWLW,3,2,0,11,3,0,2,9
1037999,2023-09-18 19:00:00+00:00,1695063600,140,2023,Regular Season - 5,715,Granada CF,547,Girona,2,4,FT,"Isidro Diaz de Mera Escuderos, Spain",Estadio Nuevo Los Cármenes,Granada,0,3,A,6,-2,9,0,0,5,715.0,20.0,21.0,LLLLL,547.0,3.0,81.0,WWLDW,0,0,5,0,3,1,1,10
1038009,2023-09-22 19:00:00+00:00,1695409200,140,2023,Regular Season - 6,542,Alaves,531,Athletic Club,0,2,FT,"Alejandro Muniz Ruiz, Spain",Estadio de Mendizorroza,Vitoria-Gasteiz,0,1,A,2,-2,9,4,0,6,542.0,10.0,46.0,DWLDW,531.0,5.0,68.0,WWLDW,2,2,1,8,3,1,1,10
1038006,2023-09-23 12:00:00+00:00,1695470400,140,2023,Regular Season - 6,547,Girona,798,Mallorca,5,3,FT,"Pablo Gonzales Fuertes, Spain",Estadi Municipal de Montilivi,Girona,4,1,H,8,2,9,5,1,6,547.0,3.0,81.0,WWLDW,798.0,15.0,40.0,WDDWL,3,1,1,10,2,2,1,8
1038007,2023-09-23 14:15:00+00:00,1695478500,140,2023,Regular Season - 6,727,Osasuna,536,Sevilla,0,0,FT,"Javier Iglesias Villanueva, Spain",Estadio El Sadar,Iruñea,0,0,D,0,0,9,5,1,6,727.0,11.0,45.0,DWDDL,536.0,14.0,41.0,LLLLW,1,3,1,6,1,0,4,3
1038004,2023-09-23 16:30:00+00:00,1695486600,140,2023,Regular Season - 6,529,Barcelona,538,Celta Vigo,3,2,FT,"Mario Melero Lopez, Spain",Estadi Olímpic Lluís Companys,Barcelona,0,1,H,5,1,9,5,1,6,529.0,2.0,85.0,WWWWL,538.0,13.0,41.0,DWWLW,4,0,1,12,3,1,1,10
1038002,2023-09-23 19:00:00+00:00,1695495600,140,2023,Regular Season - 6,723,Almeria,532,Valencia,2,2,FT,"Mateo Busquets Ferrer, Spain",Power Horse Stadium,Almería,0,1,D,4,0,9,5,1,6,723.0,19.0,21.0,WDLLW,532.0,9.0,49.0,DLLDL,2,1,2,7,0,2,3,2
1038010,2023-09-24 12:00:00+00:00,1695556800,140,2023,Regular Season - 6,548,Real Sociedad,546,Getafe,4,3,FT,"Juan Luis Pulido Santana, Spain",Reale Arena,Donostia-San Sebastián,1,2,H,7,1,9,6,1,6,548.0,6.0,60.0,LWWLW,546.0,12.0,43.0,LLLLL,3,0,2,9,0,0,5,0
1038008,2023-09-24 14:15:00+00:00,1695564900,140,2023,Regular Season - 6,728,Rayo Vallecano,533,Villarreal,1,1,FT,"Jorge Figueroa Vazquez, Spain",Estadio de Vallecas,Madrid,1,1,D,2,0,9,6,1,6,728.0,17.0,38.0,LLWDL,533.0,8.0,53.0,DDWWL,1,1,3,4,2,2,1,8
1038011,2023-09-24 16:30:00+00:00,1695573000,140,2023,Regular Season - 6,534,Las Palmas,715,Granada CF,1,0,FT,"Ricardo De Burgos Bengoetxea, Spain",Estadio de Gran Canaria,Las Palmas de Gran Canaria,0,0,H,1,1,9,6,1,6,534.0,16.0,40.0,DDDLL,715.0,20.0,21.0,LLLLL,0,3,2,3,0,0,5,0
1038005,2023-09-24 16:30:00+00:00,1695573000,140,2023,Regular Season - 6,543,Real Betis,724,Cadiz,1,1,FT,"Miguel Angel Ortiz Arias, Spain",Estadio Benito Villamarín,Sevilla,0,1,D,2,0,9,6,1,6,543.0,7.0,57.0,DLDWW,724.0,18.0,33.0,LDWWL,2,2,1,8,2,1,2,7
1038003,2023-09-24 19:00:00+00:00,1695582000,140,2023,Regular Season - 6,530,Atletico Madrid,541,Real Madrid,3,1,FT,"Javier Alberola Rojas, Spain",Estádio Cívitas Metropolitano,Madrid,2,1,H,4,2,9,6,1,6,530.0,4.0,76.0,WLWWW,541.0,1.0,95.0,DDWWW,4,0,1,12,3,2,0,11
1038014,2023-09-26 17:00:00+00:00,1695747600,140,2023,Regular Season - 7,536,Sevilla,723,Almeria,5,1,FT,"Guillermo Cuadra Fernandez, Spain",Estadio Ramón Sánchez Pizjuán,Sevilla,3,0,H,6,4,9,1,0,7,536.0,14.0,41.0,LLLLW,723.0,19.0,21.0,WDLLW,1,0,4,3,2,1,2,7
1038016,2023-09-26 19:30:00+00:00,1695756600,140,2023,Regular Season - 7,798,Mallorca,529,Barcelona,2,2,FT,"Alejandro Ruiz Aguilera, Spain",Estadi Mallorca Son Moix,Palma de Mallorca,2,1,D,4,0,9,1,0,7,798.0,15.0,40.0,WDDWL,529.0,2.0,85.0,WWWWL,2,2,1,8,4,0,1,12
1038012,2023-09-27 17:00:00+00:00,1695834000,140,2023,Regular Season - 7,531,Athletic Club,546,Getafe,2,2,FT,"Isidro Diaz de Mera Escuderos, Spain",San Mamés Barria,Bilbao,1,0,D,4,0,9,2,0,7,531.0,5.0,68.0,WWLDW,546.0,12.0,43.0,LLLLL,3,1,1,10,0,0,5,0
1038018,2023-09-27 17:00:00+00:00,1695834000,140,2023,Regular Season - 7,533,Villarreal,547,Girona,1,2,FT,"Jose Maria Sanchez Martinez, Spain",Estadio de la Cerámica,Villarreal,0,0,A,3,-1,9,2,0,7,533.0,8.0,53.0,DDWWL,547.0,3.0,81.0,WWLDW,2,2,1,8,3,1,1,10
1038020,2023-09-27 17:00:00+00:00,1695834000,140,2023,Regular Season - 7,541,Real Madrid,534,Las Palmas,2,0,FT,"José Luis Munuera Montero, Spain",Estadio Santiago Bernabéu,Madrid,1,0,H,2,2,9,2,0,7,541.0,1.0,95.0,DDWWW,534.0,16.0,40.0,DDDLL,3,2,0,11,0,3,2,3
1038019,2023-09-27 19:30:00+00:00,1695843000,140,2023,Regular Season - 7,532,Valencia,548,Real Sociedad,0,1,FT,"Alejandro Hernandez, Spain",Estadio de Mestalla,Valencia,0,1,A,1,-1,9,2,0,7,532.0,9.0,49.0,DLLDL,548.0,6.0,60.0,LWWLW,0,2,3,2,3,0,2,9
1038013,2023-09-27 19:30:00+00:00,1695843000,140,2023,Regular Season - 7,724,Cadiz,728,Rayo Vallecano,0,0,FT,"Francisco Hernandez Maeso, Spain",Estadio Nuevo Mirandilla,Cádiz,0,0,D,0,0,9,2,0,7,724.0,18.0,33.0,LDWWL,728.0,17.0,38.0,LLWDL,2,1,2,7,1,1,3,4
1038021,2023-09-28 17:00:00+00:00,1695920400,140,2023,Regular Season - 7,538,Celta Vigo,542,Alaves,1,1,FT,"Cesar Soto Grado, Spain",Estadio Abanca-Balaídos,Vigo,1,0,D,2,0,9,3,0,7,538.0,13.0,41.0,DWWLW,542.0,10.0,46.0,DWLDW,3,1,1,10,2,2,1,8
1038017,2023-09-28 17:00:00+00:00,1695920400,140,2023,Regular Season - 7,715,Granada CF,543,Real Betis,1,1,FT,"Victor Garcia Verdura, Spain",Estadio Nuevo Los Cármenes,Granada,0,0,D,2,0,9,3,0,7,715.0,20.0,21.0,LLLLL,543.0,7.0,57.0,DLDWW,0,0,5,0,2,2,1,8
1038015,2023-09-28 19:30:00+00:00,1695929400,140,2023,Regular Season - 7,727,Osasuna,530,Atletico Madrid,0,2,FT,"Juan Martinez Munuera, Spain",Estadio El Sadar,Iruñea,0,1,A,2,-2,9,3,0,7,727.0,11.0,45.0,DWDDL,530.0,4.0,76.0,WLWWW,1,3,1,6,4,0,1,12
1038024,2023-09-29 19:00:00+00:00,1696014000,140,2023,Regular Season - 8,529,Barcelona,536,Sevilla,1,0,FT,"Miguel Angel Ortiz Arias, Spain",Estadi Olímpic Lluís Companys,Barcelona,0,0,H,1,1,9,4,0,8,529.0,2.0,85.0,WWWWL,536.0,14.0,41.0,LLLLW,4,0,1,12,1,0,4,3
1038026,2023-09-30 12:00:00+00:00,1696075200,140,2023,Regular Season - 8,546,Getafe,533,Villarreal,0,0,FT,"Mateo Busquets Ferrer, Spain",Estadio Coliseum,Getafe,0,0,D,0,0,9,5,1,8,546.0,12.0,43.0,LLLLL,533.0,8.0,53.0,DDWWL,0,0,5,0,2,2,1,8
1038031,2023-09-30 14:15:00+00:00,1696083300,140,2023,Regular Season - 8,728,Rayo Vallecano,798,Mallorca,2,2,FT,"Mario Melero Lopez, Spain",Estadio de Vallecas,Madrid,1,1,D,4,0,9,5,1,8,728.0,17.0,38.0,LLWDL,798.0,15.0,40.0,WDDWL,1,1,3,4,2,2,1,8
1038027,2023-09-30 16:30:00+00:00,1696091400,140,2023,Regular Season - 8,547,Girona,541,Real Madrid,0,3,FT,"Juan Luis Pulido Santana, Spain",Estadi Municipal de Montilivi,Girona,0,2,A,3,-3,9,5,1,8,547.0,3.0,81.0,WWLDW,541.0,1.0,95.0,DDWWW,3,1,1,10,3,2,0,11
1038029,2023-09-30 19:00:00+00:00,1696100400,140,2023,Regular Season - 8,548,Real Sociedad,531,Athletic Club,3,0,FT,"Jesus Gil Manzano, Spain",Reale Arena,Donostia-San Sebastián,1,0,H,3,3,9,5,1,8,548.0,6.0,60.0,LWWLW,531.0,5.0,68.0,WWLDW,3,0,2,9,3,1,1,10
1038022,2023-10-01 12:00:00+00:00,1696161600,140,2023,Regular Season - 8,723,Almeria,715,Granada CF,3,3,FT,"Pablo Gonzales Fuertes, Spain",Power Horse Stadium,Almería,3,0,D,6,0,10,6,1,8,723.0,19.0,21.0,WDLLW,715.0,20.0,21.0,LLLLL,2,1,2,7,0,0,5,0
1038028,2023-10-01 14:15:00+00:00,1696169700,140,2023,Regular Season - 8,542,Alaves,727,Osasuna,0,2,FT,"Jorge Figueroa Vazquez, Spain",Estadio de Mendizorroza,Vitoria-Gasteiz,0,1,A,2,-2,10,6,1,8,542.0,10.0,46.0,DWLDW,727.0,11.0,45.0,DWDDL,2,2,1,8,1,3,1,6
1038023,2023-10-01 19:00:00+00:00,1696186800,140,2023,Regular Season - 8,530,Atletico Madrid,724,Cadiz,3,2,FT,"Javier Iglesias Villanueva, Spain",Estádio Cívitas Metropolitano,Madrid,1,2,H,5,1,10,6,1,8,530.0,4.0,76.0,WLWWW,724.0,18.0,33.0,LDWWL,4,0,1,12,2,1,2,7
1038025,2023-10-01 19:00:00+00:00,1696186800,140,2023,Regular Season - 8,543,Real Betis,532,Valencia,3,0,FT,"Ricardo De Burgos Bengoetxea, Spain",Estadio Benito Villamarín,Sevilla,1,0,H,3,3,10,6,1,8,543.0,7.0,57.0,DLDWW,532.0,9.0,49.0,DLLDL,2,2,1,8,0,2,3,2
1038030,2023-10-02 19:00:00+00:00,1696273200,140,2023,Regular Season - 8,534,Las Palmas,538,Celta Vigo,2,1,FT,"Javier Alberola Rojas, Spain",Estadio de Gran Canaria,Las Palmas de Gran Canaria,0,0,H,3,1,10,0,0,8,534.0,16.0,40.0,DDDLL,538.0,13.0,41.0,DWWLW,0,3,2,3,3,1,1,10
1038037,2023-10-06 19:00:00+00:00,1696618800,140,2023,Regular Season - 9,531,Athletic Club,723,Almeria,3,0,FT,"Victor Garcia Verdura, Spain",San Mamés Barria,Bilbao,1,0,H,3,3,10,4,0,9,531.0,5.0,68.0,WWLDW,723.0,19.0,21.0,WDLLW,3,1,1,10,2,1,2,7
1038033,2023-10-07 12:00:00+00:00,1696680000,140,2023,Regular Season - 9,724,Cadiz,547,Girona,0,1,FT,"Juan Martinez Munuera, Spain",Estadio Nuevo Mirandilla,Cádiz,0,0,A,1,-1,10,5,1,9,724.0,18.0,33.0,LDWWL,547.0,3.0,81.0,WWLDW,2,1,2,7,3,1,1,10
1038039,2023-10-07 14:15:00+00:00,1696688100,140,2023,Regular Season - 9,541,Real Madrid,727,Osasuna,4,0,FT,"Guillermo Cuadra Fernandez, Spain",Estadio Santiago Bernabéu,Madrid,1,0,H,4,4,10,5,1,9,541.0,1.0,95.0,DDWWW,727.0,11.0,45.0,DWDDL,3,2,0,11,1,3,1,6
1038035,2023-10-07 16:30:00+00:00,1696696200,140,2023,Regular Season - 9,798,Mallorca,532,Valencia,1,1,FT,"Francisco Hernandez Maeso, Spain",Estadi Mallorca Son Moix,Palma de Mallorca,1,1,D,2,0,10,5,1,9,798.0,15.0,40.0,WDDWL,532.0,9.0,49.0,DLLDL,2,2,1,8,0,2,3,2
1038040,2023-10-07 19:00:00+00:00,1696705200,140,2023,Regular Season - 9,536,Sevilla,728,Rayo Vallecano,2,2,FT,"Isidro Diaz de Mera Escuderos, Spain",Estadio Ramón Sánchez Pizjuán,Sevilla,0,2,D,4,0,10,5,1,9,536.0,14.0,41.0,LLLLW,728.0,17.0,38.0,LLWDL,1,0,4,3,1,1,3,4
1038041,2023-10-08 12:00:00+00:00,1696766400,140,2023,Regular Season - 9,533,Villarreal,534,Las Palmas,1,2,FT,"Alejandro Muniz Ruiz, Spain",Estadio de la Cerámica,Villarreal,0,1,A,3,-1,10,6,1,9,533.0,8.0,53.0,DDWWL,534.0,16.0,40.0,DDDLL,2,2,1,8,0,3,2,3
1038032,2023-10-08 14:15:00+00:00,1696774500,140,2023,Regular Season - 9,530,Atletico Madrid,548,Real Sociedad,2,1,FT,"José Luis Munuera Montero, Spain",Estádio Cívitas Metropolitano,Madrid,1,0,H,3,1,10,6,1,9,530.0,4.0,76.0,WLWWW,548.0,6.0,60.0,LWWLW,4,0,1,12,3,0,2,9
1038034,2023-10-08 16:30:00+00:00,1696782600,140,2023,Regular Season - 9,538,Celta Vigo,546,Getafe,2,2,FT,"Jose Maria Sanchez Martinez, Spain",Estadio Abanca-Balaídos,Vigo,2,2,D,4,0,10,6,1,9,538.0,13.0,41.0,DWWLW,546.0,12.0,43.0,LLLLL,3,1,1,10,0,0,5,0
1038036,2023-10-08 16:30:00+00:00,1696782600,140,2023,Regular Season - 9,542,Alaves,543,Real Betis,1,1,FT,"Alejandro Hernandez, Spain",Estadio de Mendizorroza,Vitoria-Gasteiz,1,1,D,2,0,10,6,1,9,542.0,10.0,46.0,DWLDW,543.0,7.0,57.0,DLDWW,2,2,1,8,2,2,1,8
1038038,2023-10-08 19:00:00+00:00,1696791600,140,2023,Regular Season - 9,715,Granada CF,529,Barcelona,2,2,FT,"Cesar Soto Grado, Spain",Estadio Nuevo Los Cármenes,Granada,2,1,D,4,0,10,6,1,9,715.0,20.0,21.0,LLLLL,529.0,2.0,85.0,WWWWL,0,0,5,0,4,0,1,12
1038050,2023-10-20 19:00:00+00:00,1697828400,140,2023,Regular Season - 10,727,Osasuna,715,Granada CF,2,0,FT,"Mateo Busquets Ferrer, Spain",Estadio El Sadar,Iruñea,1,0,H,2,2,10,4,0,10,727.0,11.0,45.0,DWDDL,715.0,20.0,21.0,LLLLL,1,3,1,6,0,0,5,0
1038048,2023-10-21 12:00:00+00:00,1697889600,140,2023,Regular Season - 10,548,Real Sociedad,798,Mallorca,1,0,FT,"Jorge Figueroa Vazquez, Spain",Reale Arena,Donostia-San Sebastián,0,0,H,1,1,10,5,1,10,548.0,6.0,60.0,LWWLW,798.0,15.0,40.0,WDDWL,3,0,2,9,2,2,1,8
1038046,2023-10-21 14:15:00+00:00,1697897700,140,2023,Regular Season - 10,546,Getafe,543,Real Betis,1,1,FT,"Cesar Soto Grado, Spain",Estadio Coliseum,Getafe,1,1,D,2,0,10,5,1,10,546.0,12.0,43.0,LLLLL,543.0,7.0,57.0,DLDWW,0,0,5,0,2,2,1,8
1038049,2023-10-21 16:30:00+00:00,1697905800,140,2023,Regular Season - 10,536,Sevilla,541,Real Madrid,1,1,FT,"Ricardo De Burgos Bengoetxea, Spain",Estadio Ramón Sánchez Pizjuán,Sevilla,0,0,D,2,0,10,5,1,10,536.0,14.0,41.0,LLLLW,541.0,1.0,95.0,DDWWW,1,0,4,3,3,2,0,11
1038045,2023-10-21 19:00:00+00:00,1697914800,140,2023,Regular Season - 10,538,Celta Vigo,530,Atletico Madrid,0,3,FT,"Guillermo Cuadra Fernandez, Spain",Estadio Abanca-Balaídos,Vigo,0,1,A,3,-3,10,5,1,10,538.0,13.0,41.0,DWWLW,530.0,4.0,76.0,WLWWW,3,1,1,10,4,0,1,12
1038042,2023-10-22 12:00:00+00:00,1697976000,140,2023,Regular Season - 10,534,Las Palmas,728,Rayo Vallecano,0,1,FT,"Javier Iglesias Villanueva, Spain",Estadio de Gran Canaria,Las Palmas de Gran Canaria,0,0,A,1,-1,10,6,1,10,534.0,16.0,40.0,DDDLL,728.0,17.0,38.0,LLWDL,0,3,2,3,1,1,3,4
1038043,2023-10-22 14:15:00+00:00,1697984100,140,2023,Regular Season - 10,547,Girona,723,Almeria,5,2,FT,"Miguel Angel Ortiz Arias, Spain",Estadi Municipal de Montilivi,Girona,3,2,H,7,3,10,6,1,10,547.0,3.0,81.0,WWLDW,723.0,19.0,21.0,WDLLW,3,1,1,10,2,1,2,7
1038051,2023-10-22 16:30:00+00:00,1697992200,140,2023,Regular Season - 10,533,Villarreal,542,Alaves,1,1,FT,"Jesus Gil Manzano, Spain",Estadio de la Cerámica,Villarreal,0,0,D,2,0,10,6,1,10,533.0,8.0,53.0,DDWWL,542.0,10.0,46.0,DWLDW,2,2,1,8,2,2,1,8
1038044,2023-10-22 19:00:00+00:00,1698001200,140,2023,Regular Season - 10,529,Barcelona,531,Athletic Club,1,0,FT,"Juan Martinez Munuera, Spain",Estadi Olímpic Lluís Companys,Barcelona,0,0,H,1,1,10,6,1,10,529.0,2.0,85.0,WWWWL,531.0,5.0,68.0,WWLDW,4,0,1,12,3,1,1,10
1038047,2023-10-23 19:00:00+00:00,1698087600,140,2023,Regular Season - 10,532,Valencia,724,Cadiz,2,0,FT,"Pablo Gonzales Fuertes, Spain",Estadio de Mestalla,Valencia,2,0,H,2,2,10,0,0,10,532.0,9.0,49.0,DLLDL,724.0,18.0,33.0,LDWWL,0,2,3,2,2,1,2,7
1038059,2023-10-27 19:00:00+00:00,1698433200,140,2023,Regular Season - 11,547,Girona,538,Celta Vigo,1,0,FT,"Isidro Diaz de Mera Escuderos, Spain",Estadi Municipal de Montilivi,Girona,0,0,H,1,1,10,4,0,11,547.0,3.0,81.0,WWLDW,538.0,13.0,41.0,DWWLW,3,1,1,10,3,1,1,10
1038052,2023-10-28 12:00:00+00:00,1698494400,140,2023,Regular Season - 11,723,Almeria,534,Las Palmas,1,2,FT,"Francisco Hernandez Maeso, Spain",Power Horse Stadium,Almería,0,1,A,3,-1,10,5,1,11,723.0,19.0,21.0,WDLLW,534.0,16.0,40.0,DDDLL,2,1,2,7,0,3,2,3
1038054,2023-10-28 14:15:00+00:00,1698502500,140,2023,Regular Season - 11,529,Barcelona,541,Real Madrid,1,2,FT,"Jesus Gil Manzano, Spain",Estadi Olímpic Lluís Companys,Barcelona,1,0,A,3,-1,10,5,1,11,529.0,2.0,85.0,WWWWL,541.0,1.0,95.0,DDWWW,4,0,1,12,3,2,0,11
1038060,2023-10-28 16:30:00+00:00,1698510600,140,2023,Regular Season - 11,798,Mallorca,546,Getafe,0,0,FT,"Pablo Gonzales Fuertes, Spain",Estadi Mallorca Son Moix,Palma de Mallorca,0,0,D,0,0,10,5,1,11,798.0,15.0,40.0,WDDWL,546.0,12.0,43.0,LLLLL,2,2,1,8,0,0,5,0
1038056,2023-10-28 19:00:00+00:00,1698519600,140,2023,Regular Season - 11,724,Cadiz,536,Sevilla,2,2,FT,"Cesar Soto Grado, Spain",Estadio Nuevo Mirandilla,Cádiz,2,1,D,4,0,10,5,1,11,724.0,18.0,33.0,LDWWL,536.0,14.0,41.0,LLLLW,2,1,2,7,1,0,4,3
1038055,2023-10-29 13:00:00+00:00,1698584400,140,2023,Regular Season - 11,543,Real Betis,727,Osasuna,2,1,FT,"Jose Maria Sanchez Martinez, Spain",Estadio Benito Villamarín,Sevilla,1,0,H,3,1,10,6,1,11,543.0,7.0,57.0,DLDWW,727.0,11.0,45.0,DWDDL,2,2,1,8,1,3,1,6
1038057,2023-10-29 15:15:00+00:00,1698592500,140,2023,Regular Season - 11,728,Rayo Vallecano,548,Real Sociedad,2,2,FT,"Mateo Busquets Ferrer, Spain",Estadio de Vallecas,Madrid,1,1,D,4,0,10,6,1,11,728.0,17.0,38.0,LLWDL,548.0,6.0,60.0,LWWLW,1,1,3,4,3,0,2,9
1038053,2023-10-29 17:30:00+00:00,1698600600,140,2023,Regular Season - 11,531,Athletic Club,532,Valencia,2,2,FT,"Jorge Figueroa Vazquez, Spain",San Mamés Barria,Bilbao,1,0,D,4,0,10,6,1,11,531.0,5.0,68.0,WWLDW,532.0,9.0,49.0,DLLDL,3,1,1,10,0,2,3,2
1038061,2023-10-29 20:00:00+00:00,1698609600,140,2023,Regular Season - 11,530,Atletico Madrid,542,Alaves,2,1,FT,"Alejandro Muniz Ruiz, Spain",Estádio Cívitas Metropolitano,Madrid,2,0,H,3,1,10,6,1,11,530.0,4.0,76.0,WLWWW,542.0,10.0,46.0,DWLDW,4,0,1,12,2,2,1,8
1038058,2023-10-30 20:00:00+00:00,1698696000,140,2023,Regular Season - 11,715,Granada CF,533,Villarreal,2,3,FT,"Javier Iglesias Villanueva, Spain",Estadio Nuevo Los Cármenes,Granada,2,3,A,5,-1,10,0,0,11,715.0,20.0,21.0,LLLLL,533.0,8.0,53.0,DDWWL,0,0,5,0,2,2,1,8
1038066,2023-11-03 20:00:00+00:00,1699041600,140,2023,Regular Season - 12,534,Las Palmas,530,Atletico Madrid,2,1,FT,"Mario Melero Lopez, Spain",Estadio de Gran Canaria,Las Palmas de Gran Canaria,0,0,H,3,1,11,4,0,12,534.0,16.0,40.0,DDDLL,530.0,4.0,76.0,WLWWW,0,3,2,3,4,0,1,12
1038069,2023-11-04 13:00:00+00:00,1699102800,140,2023,Regular Season - 12,727,Osasuna,547,Girona,2,4,FT,"José Luis Munuera Montero, Spain",Estadio El Sadar,Iruñea,1,1,A,6,-2,11,5,1,12,727.0,11.0,45.0,DWDDL,547.0,3.0,81.0,WWLDW,1,3,1,6,3,1,1,10
1038062,2023-11-04 15:15:00+00:00,1699110900,140,2023,Regular Season - 12,543,Real Betis,798,Mallorca,2,0,FT,"Miguel Angel Ortiz Arias, Spain",Estadio Benito Villamarín,Sevilla,1,0,H,2,2,11,5,1,12,543.0,7.0,57.0,DLDWW,798.0,15.0,40.0,WDDWL,2,2,1,8,2,2,1,8
1038063,2023-11-04 17:30:00+00:00,1699119000,140,2023,Regular Season - 12,538,Celta Vigo,536,Sevilla,1,1,FT,"Alejandro Hernandez, Spain",Estadio Abanca-Balaídos,Vigo,1,0,D,2,0,11,5,1,12,538.0,13.0,41.0,DWWLW,536.0,14.0,41.0,LLLLW,3,1,1,10,1,0,4,3
1038067,2023-11-04 20:00:00+00:00,1699128000,140,2023,Regular Season - 12,548,Real Sociedad,529,Barcelona,0,1,FT,"Javier Alberola Rojas, Spain",Reale Arena,Donostia-San Sebastián,0,0,A,1,-1,11,5,1,12,548.0,6.0,60.0,LWWLW,529.0,2.0,85.0,WWWWL,3,0,2,9,4,0,1,12
1038064,2023-11-05 13:00:00+00:00,1699189200,140,2023,Regular Season - 12,542,Alaves,723,Almeria,1,0,FT,"Juan Luis Pulido Santana, Spain",Estadio de Mendizorroza,Vitoria-Gasteiz,0,0,H,1,1,11,6,1,12,542.0,10.0,46.0,DWLDW,723.0,19.0,21.0,WDLLW,2,2,1,8,2,1,2,7
1038071,2023-11-05 15:15:00+00:00,1699197300,140,2023,Regular Season - 12,532,Valencia,715,Granada CF,1,0,FT,"Victor Garcia Verdura, Spain",Estadio de Mestalla,Valencia,1,0,H,1,1,11,6,1,12,532.0,9.0,49.0,DLLDL,715.0,20.0,21.0,LLLLL,0,2,3,2,0,0,5,0
1038065,2023-11-05 17:30:00+00:00,1699205400,140,2023,Regular Season - 12,533,Villarreal,531,Athletic Club,2,3,FT,"Guillermo Cuadra Fernandez, Spain",Estadio de la Cerámica,Villarreal,0,3,A,5,-1,11,6,1,12,533.0,8.0,53.0,DDWWL,531.0,5.0,68.0,WWLDW,2,2,1,8,3,1,1,10
1038070,2023-11-05 20:00:00+00:00,1699214400,140,2023,Regular Season - 12,541,Real Madrid,728,Rayo Vallecano,0,0,FT,"Juan Martinez Munuera, Spain",Estadio Santiago Bernabéu,Madrid,0,0,D,0,0,11,6,1,12,541.0,1.0,95.0,DDWWW,728.0,17.0,38.0,LLWDL,3,2,0,11,1,1,3,4
1038068,2023-11-06 20:00:00+00:00,1699300800,140,2023,Regular Season - 12,546,Getafe,724,Cadiz,1,0,FT,"Ricardo De Burgos Bengoetxea, Spain",Estadio Coliseum,Getafe,0,0,H,1,1,11,0,0,12,546.0,12.0,43.0,LLLLL,724.0,18.0,33.0,LDWWL,0,0,5,0,2,1,2,7
1038073,2023-11-10 20:00:00+00:00,1699646400,140,2023,Regular Season - 13,531,Athletic Club,538,Celta Vigo,4,3,FT,"Juan Luis Pulido Santana, Spain",San Mamés Barria,Bilbao,2,2,H,7,1,11,4,0,13,531.0,5.0,68.0,WWLDW,538.0,13.0,41.0,DWWLW,3,1,1,10,3,1,1,10
1038079,2023-11-11 13:00:00+00:00,1699707600,140,2023,Regular Season - 13,728,Rayo Vallecano,547,Girona,1,2,FT,"Pablo Gonzales Fuertes, Spain",Estadio de Vallecas,Madrid,1,1,A,3,-1,11,5,1,13,728.0,17.0,38.0,LLWDL,547.0,3.0,81.0,WWLDW,1,1,3,4,3,1,1,10
1038072,2023-11-11 15:15:00+00:00,1699715700,140,2023,Regular Season - 13,723,Almeria,548,Real Sociedad,1,3,FT,"Isidro Diaz de Mera Escuderos, Spain",Power Horse Stadium,Almería,0,0,A,4,-2,11,5,1,13,723.0,19.0,21.0,WDLLW,548.0,6.0,60.0,LWWLW,2,1,2,7,3,0,2,9
1038078,2023-11-11 17:30:00+00:00,1699723800,140,2023,Regular Season - 13,715,Granada CF,546,Getafe,1,1,FT,"Alejandro Muniz Ruiz, Spain",Estadio Nuevo Los Cármenes,Granada,1,1,D,2,0,11,5,1,13,715.0,20.0,21.0,LLLLL,546.0,12.0,43.0,LLLLL,0,0,5,0,0,0,5,0
1038080,2023-11-11 17:30:00+00:00,1699723800,140,2023,Regular Season - 13,727,Osasuna,534,Las Palmas,1,1,FT,"Jorge Figueroa Vazquez, Spain",Estadio El Sadar,Iruñea,0,0,D,2,0,11,5,1,13,727.0,11.0,45.0,DWDDL,534.0,16.0,40.0,DDDLL,1,3,1,6,0,3,2,3
1038075,2023-11-11 20:00:00+00:00,1699732800,140,2023,Regular Season - 13,541,Real Madrid,532,Valencia,5,1,FT,"Jose Maria Sanchez Martinez, Spain",Estadio Santiago Bernabéu,Madrid,2,0,H,6,4,11,5,1,13,541.0,1.0,95.0,DDWWW,532.0,9.0,49.0,DLLDL,3,2,0,11,0,2,3,2
1038081,2023-11-12 15:15:00+00:00,1699802100,140,2023,Regular Season - 13,529,Barcelona,542,Alaves,2,1,FT,"Mateo Busquets Ferrer, Spain",Estadi Olímpic Lluís Companys,Barcelona,0,1,H,3,1,11,6,1,13,529.0,2.0,85.0,WWWWL,542.0,10.0,46.0,DWLDW,4,0,1,12,2,2,1,8
1038076,2023-11-12 17:30:00+00:00,1699810200,140,2023,Regular Season - 13,536,Sevilla,543,Real Betis,1,1,FT,"Jesus Gil Manzano, Spain",Estadio Ramón Sánchez Pizjuán,Sevilla,0,0,D,2,0,11,6,1,13,536.0,14.0,41.0,LLLLW,543.0,7.0,57.0,DLDWW,1,0,4,3,2,2,1,8
1038074,2023-11-12 20:00:00+00:00,1699819200,140,2023,Regular Season - 13,530,Atletico Madrid,533,Villarreal,3,1,FT,"Francisco Hernandez Maeso, Spain",Estádio Cívitas Metropolitano,Madrid,1,1,H,4,2,11,6,1,13,530.0,4.0,76.0,WLWWW,533.0,8.0,53.0,DDWWL,4,0,1,12,2,2,1,8
1038086,2023-11-24 20:00:00+00:00,1700856000,140,2023,Regular Season - 14,542,Alaves,715,Granada CF,3,1,FT,"Javier Alberola Rojas, Spain",Estadio de Mendizorroza,Vitoria-Gasteiz,2,0,H,4,2,11,4,0,14,542.0,10.0,46.0,DWLDW,715.0,20.0,21.0,LLLLL,2,2,1,8,0,0,5,0
1038089,2023-11-25 13:00:00+00:00,1700917200,140,2023,Regular Season - 14,728,Rayo Vallecano,529,Barcelona,1,1,FT,"José Luis Munuera Montero, Spain",Estadio de Vallecas,Madrid,1,0,D,2,0,11,5,1,14,728.0,17.0,38.0,LLWDL,529.0,2.0,85.0,WWWWL,1,1,3,4,4,0,1,12
1038090,2023-11-25 15:15:00+00:00,1700925300,140,2023,Regular Season - 14,532,Valencia,538,Celta Vigo,0,0,FT,"Cesar Soto Grado, Spain",Estadio de Mestalla,Valencia,0,0,D,0,0,11,5,1,14,532.0,9.0,49.0,DLLDL,538.0,13.0,41.0,DWWLW,0,2,3,2,3,1,1,10
1038087,2023-11-25 17:30:00+00:00,1700933400,140,2023,Regular Season - 14,546,Getafe,723,Almeria,2,1,FT,"Alejandro Hernandez, Spain",Estadio Coliseum,Getafe,2,1,H,3,1,11,5,1,14,546.0,12.0,43.0,LLLLL,723.0,19.0,21.0,WDLLW,0,0,5,0,2,1,2,7
1038082,2023-11-25 20:00:00+00:00,1700942400,140,2023,Regular Season - 14,530,Atletico Madrid,798,Mallorca,1,0,FT,"Juan Martinez Munuera, Spain",Estádio Cívitas Metropolitano,Madrid,0,0,H,1,1,11,5,1,14,530.0,4.0,76.0,WLWWW,798.0,15.0,40.0,WDDWL,4,0,1,12,2,2,1,8
1038091,2023-11-26 13:00:00+00:00,1701003600,140,2023,Regular Season - 14,533,Villarreal,727,Osasuna,3,1,FT,"Ricardo De Burgos Bengoetxea, Spain",Estadio de la Cerámica,Villarreal,0,0,H,4,2,11,6,1,14,533.0,8.0,53.0,DDWWL,727.0,11.0,45.0,DWDDL,2,2,1,8,1,3,1,6
1038085,2023-11-26 15:15:00+00:00,1701011700,140,2023,Regular Season - 14,548,Real Sociedad,536,Sevilla,2,1,FT,"Miguel Angel Ortiz Arias, Spain",Reale Arena,Donostia-San Sebastián,2,0,H,3,1,11,6,1,14,548.0,6.0,60.0,LWWLW,536.0,14.0,41.0,LLLLW,3,0,2,9,1,0,4,3
1038084,2023-11-26 17:30:00+00:00,1701019800,140,2023,Regular Season - 14,724,Cadiz,541,Real Madrid,0,3,FT,"Guillermo Cuadra Fernandez, Spain",Estadio Nuevo Mirandilla,Cádiz,0,1,A,3,-3,11,6,1,14,724.0,18.0,33.0,LDWWL,541.0,1.0,95.0,DDWWW,2,1,2,7,3,2,0,11
1038083,2023-11-26 20:00:00+00:00,1701028800,140,2023,Regular Season - 14,543,Real Betis,534,Las Palmas,1,0,FT,"Victor Garcia Verdura, Spain",Estadio Benito Villamarín,Sevilla,1,0,H,1,1,11,6,1,14,543.0,7.0,57.0,DLDWW,534.0,16.0,40.0,DDDLL,2,2,1,8,0,3,2,3
1038088,2023-11-27 20:00:00+00:00,1701115200,140,2023,Regular Season - 14,547,Girona,531,Athletic Club,1,1,FT,"Mario Melero Lopez, Spain",Estadi Municipal de Montilivi,Girona,0,0,D,2,0,11,0,0,14,547.0,3.0,81.0,WWLDW,531.0,5.0,68.0,WWLDW,3,1,1,10,3,1,1,10
1038077,2023-11-29 20:00:00+00:00,1701288000,140,2023,Regular Season - 13,798,Mallorca,724,Cadiz,1,1,FT,"Javier Iglesias Villanueva, Spain",Estadi Mallorca Son Moix,Palma de Mallorca,1,1,D,2,0,11,2,0,13,798.0,15.0,40.0,WDDWL,724.0,18.0,33.0,LDWWL,2,2,1,8,2,1,2,7
1038099,2023-12-01 20:00:00+00:00,1701460800,140,2023,Regular Season - 15,534,Las Palmas,546,Getafe,2,0,FT,"Mateo Busquets Ferrer, Spain",Estadio de Gran Canaria,Las Palmas de Gran Canaria,1,0,H,2,2,12,4,0,15,534.0,16.0,40.0,DDDLL,546.0,12.0,43.0,LLLLL,0,3,2,3,0,0,5,0
1038094,2023-12-02 13:00:00+00:00,1701522000,140,2023,Regular Season - 15,547,Girona,532,Valencia,2,1,FT,"Ignacio Iglesias Villanueva, Spain",Estadi Municipal de Montilivi,Girona,0,0,H,3,1,12,5,1,15,547.0,3.0,81.0,WWLDW,532.0,9.0,49.0,DLLDL,3,1,1,10,0,2,3,2
1038093,2023-12-02 15:15:00+00:00,1701530100,140,2023,Regular Season - 15,531,Athletic Club,728,Rayo Vallecano,4,0,FT,"Alejandro Hernandez, Spain",San Mamés Barria,Bilbao,1,0,H,4,4,12,5,1,15,531.0,5.0,68.0,WWLDW,728.0,17.0,38.0,LLWDL,3,1,1,10,1,1,3,4
1038100,2023-12-02 17:30:00+00:00,1701538200,140,2023,Regular Season - 15,541,Real Madrid,715,Granada CF,2,0,FT,"Pablo Gonzales Fuertes, Spain",Estadio Santiago Bernabéu,Madrid,1,0,H,2,2,12,5,1,15,541.0,1.0,95.0,DDWWW,715.0,20.0,21.0,LLLLL,3,2,0,11,0,0,5,0
1038095,2023-12-02 20:00:00+00:00,1701547200,140,2023,Regular Season - 15,727,Osasuna,548,Real Sociedad,1,1,FT,"Juan Luis Pulido Santana, Spain",Estadio El Sadar,Iruñea,1,1,D,2,0,12,5,1,15,727.0,11.0,45.0,DWDDL,548.0,6.0,60.0,LWWLW,1,3,1,6,3,0,2,9
1038101,2023-12-03 13:00:00+00:00,1701608400,140,2023,Regular Season - 15,798,Mallorca,542,Alaves,0,0,FT,"Jorge Figueroa Vazquez, Spain",Estadi Mallorca Son Moix,Palma de Mallorca,0,0,D,0,0,12,6,1,15,798.0,15.0,40.0,WDDWL,542.0,10.0,46.0,DWLDW,2,2,1,8,2,2,1,8
1038092,2023-12-03 15:15:00+00:00,1701616500,140,2023,Regular Season - 15,723,Almeria,543,Real Betis,0,0,FT,"Alejandro Muniz Ruiz, Spain",Power Horse Stadium,Almería,0,0,D,0,0,12,6,1,15,723.0,19.0,21.0,WDLLW,543.0,7.0,57.0,DLDWW,2,1,2,7,2,2,1,8
1038096,2023-12-03 17:30:00+00:00,1701624600,140,2023,Regular Season - 15,536,Sevilla,533,Villarreal,1,1,FT,"Isidro Diaz de Mera Escuderos, Spain",Estadio Ramón Sánchez Pizjuán,Sevilla,0,0,D,2,0,12,6,1,15,536.0,14.0,41.0,LLLLW,533.0,8.0,53.0,DDWWL,1,0,4,3,2,2,1,8
1038097,2023-12-03 20:00:00+00:00,1701633600,140,2023,Regular Season - 15,529,Barcelona,530,Atletico Madrid,1,0,FT,"Jose Maria Sanchez Martinez, Spain",Estadi Olímpic Lluís Companys,Barcelona,1,0,H,1,1,12,6,1,15,529.0,2.0,85.0,WWWWL,530.0,4.0,76.0,WLWWW,4,0,1,12,4,0,1,12
1038098,2023-12-04 20:00:00+00:00,1701720000,140,2023,Regular Season - 15,538,Celta Vigo,724,Cadiz,1,1,FT,"Jesus Gil Manzano, Spain",Estadio Abanca-Balaídos,Vigo,0,1,D,2,0,12,0,0,15,538.0,13.0,41.0,DWWLW,724.0,18.0,33.0,LDWWL,3,1,1,10,2,1,2,7
1038105,2023-12-08 20:00:00+00:00,1702065600,140,2023,Regular Season - 16,546,Getafe,532,Valencia,1,0,FT,"Guillermo Cuadra Fernandez, Spain",Estadio Coliseum,Getafe,0,0,H,1,1,12,4,0,16,546.0,12.0,43.0,LLLLL,532.0,9.0,49.0,DLLDL,0,0,5,0,0,2,3,2
1038107,2023-12-09 13:00:00+00:00,1702126800,140,2023,Regular Season - 16,542,Alaves,534,Las Palmas,0,1,FT,"José Luis Munuera Montero, Spain",Estadio de Mendizorroza,Vitoria-Gasteiz,0,1,A,1,-1,12,5,1,16,542.0,10.0,46.0,DWLDW,534.0,16.0,40.0,DDDLL,2,2,1,8,0,3,2,3
1038103,2023-12-09 15:15:00+00:00,1702134900,140,2023,Regular Season - 16,543,Real Betis,541,Real Madrid,1,1,FT,"Cesar Soto Grado, Spain",Estadio Benito Villamarín,Sevilla,0,0,D,2,0,12,5,1,16,543.0,7.0,57.0,DLDWW,541.0,1.0,95.0,DDWWW,2,2,1,8,3,2,0,11
1038111,2023-12-09 17:30:00+00:00,1702143000,140,2023,Regular Season - 16,533,Villarreal,548,Real Sociedad,0,3,FT,"Mario Melero Lopez, Spain",Estadio de la Cerámica,Villarreal,0,3,A,3,-3,12,5,1,16,533.0,8.0,53.0,DDWWL,548.0,6.0,60.0,LWWLW,2,2,1,8,3,0,2,9
1038106,2023-12-09 20:00:00+00:00,1702152000,140,2023,Regular Season - 16,798,Mallorca,536,Sevilla,1,0,FT,"Javier Alberola Rojas, Spain",Estadi Mallorca Son Moix,Palma de Mallorca,1,0,H,1,1,12,5,1,16,798.0,15.0,40.0,WDDWL,536.0,14.0,41.0,LLLLW,2,2,1,8,1,0,4,3
1038108,2023-12-10 13:00:00+00:00,1702213200,140,2023,Regular Season - 16,530,Atletico Madrid,723,Almeria,2,1,FT,"Ricardo De Burgos Bengoetxea, Spain",Estádio Cívitas Metropolitano,Madrid,2,0,H,3,1,12,6,1,16,530.0,4.0,76.0,WLWWW,723.0,19.0,21.0,WDLLW,4,0,1,12,2,1,2,7
1038104,2023-12-10 17:30:00+00:00,1702229400,140,2023,Regular Season - 16,724,Cadiz,727,Osasuna,1,1,FT,"Juan Martinez Munuera, Spain",Estadio Nuevo Mirandilla,Cádiz,1,0,D,2,0,12,6,1,16,724.0,18.0,33.0,LDWWL,727.0,11.0,45.0,DWDDL,2,1,2,7,1,3,1,6
1038102,2023-12-10 20:00:00+00:00,1702238400,140,2023,Regular Season - 16,529,Barcelona,547,Girona,2,4,FT,"Isidro Diaz de Mera Escuderos, Spain",Estadi Olímpic Lluís Companys,Barcelona,1,2,A,6,-2,12,6,1,16,529.0,2.0,85.0,WWWWL,547.0,3.0,81.0,WWLDW,4,0,1,12,3,1,1,10
1038109,2023-12-11 15:15:00+00:00,1702307700,140,2023,Regular Season - 16,715,Granada CF,531,Athletic Club,1,1,FT,"Miguel Angel Ortiz Arias, Spain",Estadio Nuevo Los Cármenes,Granada,0,1,D,2,0,12,0,0,16,715.0,20.0,21.0,LLLLL,531.0,5.0,68.0,WWLDW,0,0,5,0,3,1,1,10
1038110,2023-12-11 20:00:00+00:00,1702324800,140,2023,Regular Season - 16,728,Rayo Vallecano,538,Celta Vigo,0,0,FT,"Victor Garcia Verdura, Spain",Estadio de Vallecas,Madrid,0,0,D,0,0,12,0,0,16,728.0,17.0,38.0,LLWDL,538.0,13.0,41.0,DWWLW,1,1,3,4,3,1,1,10
1038115,2023-12-15 20:00:00+00:00,1702670400,140,2023,Regular Season - 17,727,Osasuna,728,Rayo Vallecano,1,0,FT,"Javier Iglesias Villanueva, Spain",Estadio El Sadar,Iruñea,0,0,H,1,1,12,4,0,17,727.0,11.0,45.0,DWDDL,728.0,17.0,38.0,LLWDL,1,3,1,6,1,1,3,4
1038114,2023-12-16 13:00:00+00:00,1702731600,140,2023,Regular Season - 17,538,Celta Vigo,715,Granada CF,1,0,FT,"Jose Maria Sanchez Martinez, Spain",Estadio Abanca-Balaídos,Vigo,1,0,H,1,1,12,5,1,17,538.0,13.0,41.0,DWWLW,715.0,20.0,21.0,LLLLL,3,1,1,10,0,0,5,0
1038113,2023-12-16 15:15:00+00:00,1702739700,140,2023,Regular Season - 17,531,Athletic Club,530,Atletico Madrid,2,0,FT,"Jesus Gil Manzano, Spain",San Mamés Barria,Bilbao,0,0,H,2,2,12,5,1,17,531.0,5.0,68.0,WWLDW,530.0,4.0,76.0,WLWWW,3,1,1,10,4,0,1,12
1038120,2023-12-16 17:30:00+00:00,1702747800,140,2023,Regular Season - 17,536,Sevilla,546,Getafe,0,3,FT,"Juan Luis Pulido Santana, Spain",Estadio Ramón Sánchez Pizjuán,Sevilla,0,2,A,3,-3,12,5,1,17,536.0,14.0,41.0,LLLLW,546.0,12.0,43.0,LLLLL,1,0,4,3,0,0,5,0
1038117,2023-12-16 20:00:00+00:00,1702756800,140,2023,Regular Season - 17,532,Valencia,529,Barcelona,1,1,FT,"Miguel Angel Ortiz Arias, Spain",Estadio de Mestalla,Valencia,0,0,D,2,0,12,5,1,17,532.0,9.0,49.0,DLLDL,529.0,2.0,85.0,WWWWL,0,2,3,2,4,0,1,12
1038112,2023-12-17 13:00:00+00:00,1702818000,140,2023,Regular Season - 17,723,Almeria,798,Mallorca,0,0,FT,"Pablo Gonzales Fuertes, Spain",Power Horse Stadium,Almería,0,0,D,0,0,12,6,1,17,723.0,19.0,21.0,WDLLW,798.0,15.0,40.0,WDDWL,2,1,2,7,2,2,1,8
1038118,2023-12-17 15:15:00+00:00,1702826100,140,2023,Regular Season - 17,548,Real Sociedad,543,Real Betis,0,0,FT,"Mateo Busquets Ferrer, Spain",Reale Arena,Donostia-San Sebastián,0,0,D,0,0,12,6,1,17,548.0,6.0,60.0,LWWLW,543.0,7.0,57.0,DLDWW,3,0,2,9,2,2,1,8
1038119,2023-12-17 17:30:00+00:00,1702834200,140,2023,Regular Season - 17,534,Las Palmas,724,Cadiz,1,1,FT,"Alejandro Muniz Ruiz, Spain",Estadio de Gran Canaria,Las Palmas de Gran Canaria,1,0,D,2,0,12,6,1,17,534.0,16.0,40.0,DDDLL,724.0,18.0,33.0,LDWWL,0,3,2,3,2,1,2,7
1038116,2023-12-17 20:00:00+00:00,1702843200,140,2023,Regular Season - 17,541,Real Madrid,533,Villarreal,4,1,FT,"Jorge Figueroa Vazquez, Spain",Estadio Santiago Bernabéu,Madrid,2,0,H,5,3,12,6,1,17,541.0,1.0,95.0,DDWWW,533.0,8.0,53.0,DDWWL,3,2,0,11,2,2,1,8
1038121,2023-12-18 20:00:00+00:00,1702929600,140,2023,Regular Season - 17,547,Girona,542,Alaves,3,0,FT,"Francisco Hernandez Maeso, Spain",Estadi Municipal de Montilivi,Girona,2,0,H,3,3,12,0,0,17,547.0,3.0,81.0,WWLDW,542.0,10.0,46.0,DWLDW,3,1,1,10,2,2,1,8
1038127,2023-12-19 18:00:00+00:00,1703008800,140,2023,Regular Season - 18,728,Rayo Vallecano,532,Valencia,0,1,FT,"Javier Alberola Rojas, Spain",Estadio de Vallecas,Madrid,0,0,A,1,-1,12,1,0,18,728.0,17.0,38.0,LLWDL,532.0,9.0,49.0,DLLDL,1,1,3,4,0,2,3,2
1038123,2023-12-19 20:30:00+00:00,1703017800,140,2023,Regular Season - 18,530,Atletico Madrid,546,Getafe,3,3,FT,"José Luis Munuera Montero, Spain",Estádio Cívitas Metropolitano,Madrid,1,0,D,6,0,12,1,0,18,530.0,4.0,76.0,WLWWW,546.0,12.0,43.0,LLLLL,4,0,1,12,0,0,5,0
1038128,2023-12-19 20:30:00+00:00,1703017800,140,2023,Regular Season - 18,715,Granada CF,536,Sevilla,0,3,FT,"Mateo Busquets Ferrer, Spain",Estadio Nuevo Los Cármenes,Granada,0,2,A,3,-3,12,1,0,18,715.0,20.0,21.0,LLLLL,536.0,14.0,41.0,LLLLW,0,0,5,0,1,0,4,3
1038130,2023-12-20 18:00:00+00:00,1703095200,140,2023,Regular Season - 18,529,Barcelona,723,Almeria,3,2,FT,"Guillermo Cuadra Fernandez, Spain",Estadi Olímpic Lluís Companys,Barcelona,1,1,H,5,1,12,2,0,18,529.0,2.0,85.0,WWWWL,723.0,19.0,21.0,WDLLW,4,0,1,12,2,1,2,7
1038122,2023-12-20 20:30:00+00:00,1703104200,140,2023,Regular Season - 18,531,Athletic Club,534,Las Palmas,1,0,FT,"Juan Martinez Munuera, Spain",San Mamés Barria,Bilbao,0,0,H,1,1,12,2,0,18,531.0,5.0,68.0,WWLDW,534.0,16.0,40.0,DDDLL,3,1,1,10,0,3,2,3
1038131,2023-12-20 20:30:00+00:00,1703104200,140,2023,Regular Season - 18,533,Villarreal,538,Celta Vigo,3,2,FT,"Cesar Soto Grado, Spain",Estadio de la Cerámica,Villarreal,2,0,H,5,1,12,2,0,18,533.0,8.0,53.0,DDWWL,538.0,13.0,41.0,DWWLW,2,2,1,8,3,1,1,10
1038124,2023-12-21 18:00:00+00:00,1703181600,140,2023,Regular Season - 18,543,Real Betis,547,Girona,1,1,FT,"Ricardo De Burgos Bengoetxea, Spain",Estadio Benito Villamarín,Sevilla,0,1,D,2,0,12,3,0,18,543.0,7.0,57.0,DLDWW,547.0,3.0,81.0,WWLDW,2,2,1,8,3,1,1,10
1038125,2023-12-21 18:00:00+00:00,1703181600,140,2023,Regular Season - 18,724,Cadiz,548,Real Sociedad,0,0,FT,"Javier Iglesias Villanueva, Spain",Estadio Nuevo Mirandilla,Cádiz,0,0,D,0,0,12,3,0,18,724.0,18.0,33.0,LDWWL,548.0,6.0,60.0,LWWLW,2,1,2,7,3,0,2,9
1038126,2023-12-21 20:30:00+00:00,1703190600,140,2023,Regular Season - 18,798,Mallorca,727,Osasuna,3,2,FT,"Mario Melero Lopez, Spain",Estadi Mallorca Son Moix,Palma de Mallorca,1,1,H,5,1,12,3,0,18,798.0,15.0,40.0,WDDWL,727.0,11.0,45.0,DWDDL,2,2,1,8,1,3,1,6
1038129,2023-12-21 20:30:00+00:00,1703190600,140,2023,Regular Season - 18,542,Alaves,541,Real Madrid,0,1,FT,"Isidro Diaz de Mera Escuderos, Spain",Estadio de Mendizorroza,Vitoria-Gasteiz,0,0,A,1,-1,12,3,0,18,542.0,10.0,46.0,DWLDW,541.0,1.0,95.0,DDWWW,2,2,1,8,3,2,0,11
1037983,2023-12-23 15:15:00+00:00,1703344500,140,2023,Regular Season - 4,530,Atletico Madrid,536,Sevilla,1,0,FT,"Cesar Soto Grado, Spain",Estádio Cívitas Metropolitano,Madrid,0,0,H,1,1,12,5,1,4,530.0,4.0,76.0,WLWWW,536.0,14.0,41.0,LLLLW,4,0,1,12,1,0,4,3
1038132,2024-01-02 16:00:00+00:00,1704211200,140,2023,Regular Season - 19,546,Getafe,728,Rayo Vallecano,0,2,FT,"Jorge Figueroa Vazquez, Spain",Estádio Cívitas Metropolitano,Madrid,0,1,A,2,-2,1,1,0,19,546.0,12.0,43.0,LLLLL,728.0,17.0,38.0,LLWDL,0,0,5,0,1,1,3,4
1038141,2024-01-02 18:15:00+00:00,1704219300,140,2023,Regular Season - 19,548,Real Sociedad,542,Alaves,1,1,FT,"Victor Garcia Verdura, Spain",Reale Arena,Donostia-San Sebastián,0,0,D,2,0,1,1,0,19,548.0,6.0,60.0,LWWLW,542.0,10.0,46.0,DWLDW,3,0,2,9,2,2,1,8
1038133,2024-01-02 20:30:00+00:00,1704227400,140,2023,Regular Season - 19,532,Valencia,533,Villarreal,3,1,FT,"Jesus Gil Manzano, Spain",Estadio de Mestalla,Valencia,2,0,H,4,2,1,1,0,19,532.0,9.0,49.0,DLLDL,533.0,8.0,53.0,DDWWL,0,2,3,2,2,2,1,8
1038139,2024-01-03 16:00:00+00:00,1704297600,140,2023,Regular Season - 19,715,Granada CF,724,Cadiz,2,0,FT,"Juan Luis Pulido Santana, Spain",Estadio Nuevo Los Cármenes,Granada,1,0,H,2,2,1,2,0,19,715.0,20.0,21.0,LLLLL,724.0,18.0,33.0,LDWWL,0,0,5,0,2,1,2,7
1038138,2024-01-03 18:15:00+00:00,1704305700,140,2023,Regular Season - 19,538,Celta Vigo,543,Real Betis,2,1,FT,"Miguel Angel Ortiz Arias, Spain",Estadio Abanca-Balaídos,Vigo,1,1,H,3,1,1,2,0,19,538.0,13.0,41.0,DWWLW,543.0,7.0,57.0,DLDWW,3,1,1,10,2,2,1,8
1038140,2024-01-03 18:15:00+00:00,1704305700,140,2023,Regular Season - 19,541,Real Madrid,798,Mallorca,1,0,FT,"Alejandro Muniz Ruiz, Spain",Estadio Santiago Bernabéu,Madrid,0,0,H,1,1,1,2,0,19,541.0,1.0,95.0,DDWWW,798.0,15.0,40.0,WDDWL,3,2,0,11,2,2,1,8
1038136,2024-01-03 20:30:00+00:00,1704313800,140,2023,Regular Season - 19,547,Girona,530,Atletico Madrid,4,3,FT,"Alejandro Hernandez, Spain",Estadi Municipal de Montilivi,Girona,3,2,H,7,1,1,2,0,19,547.0,3.0,81.0,WWLDW,530.0,4.0,76.0,WLWWW,3,1,1,10,4,0,1,12
1038134,2024-01-04 16:00:00+00:00,1704384000,140,2023,Regular Season - 19,727,Osasuna,723,Almeria,1,0,FT,"Cesar Soto Grado, Spain",Estadio El Sadar,Iruñea,1,0,H,1,1,1,3,0,19,727.0,11.0,45.0,DWDDL,723.0,19.0,21.0,WDLLW,1,3,1,6,2,1,2,7
1038135,2024-01-04 18:15:00+00:00,1704392100,140,2023,Regular Season - 19,536,Sevilla,531,Athletic Club,0,2,FT,"Jose Maria Sanchez Martinez, Spain",Estadio Ramón Sánchez Pizjuán,Sevilla,0,1,A,2,-2,1,3,0,19,536.0,14.0,41.0,LLLLW,531.0,5.0,68.0,WWLDW,1,0,4,3,3,1,1,10
1038137,2024-01-04 20:30:00+00:00,1704400200,140,2023,Regular Season - 19,534,Las Palmas,529,Barcelona,1,2,FT,"Pablo González Fuertes, Spain",Estadio de Gran Canaria,Las Palmas de Gran Canaria,1,0,A,3,-1,1,3,0,19,534.0,16.0,40.0,DDDLL,529.0,2.0,85.0,WWWWL,0,3,2,3,4,0,1,12
1038151,2024-01-12 20:00:00+00:00,1705089600,140,2023,Regular Season - 20,536,Sevilla,542,Alaves,2,3,FT,"Alejandro Hernandez, Spain",Estadio Ramón Sánchez Pizjuán,Sevilla,0,2,A,5,-1,1,4,0,20,536.0,14.0,41.0,LLLLW,542.0,10.0,46.0,DWLDW,1,0,4,3,2,2,1,8
1038149,2024-01-13 13:00:00+00:00,1705150800,140,2023,Regular Season - 20,534,Las Palmas,533,Villarreal,3,0,FT,"Javier Iglesias Villanueva, Spain",Estadio de Gran Canaria,Las Palmas de Gran Canaria,1,0,H,3,3,1,5,1,20,534.0,16.0,40.0,DDDLL,533.0,8.0,53.0,DDWWL,0,3,2,3,2,2,1,8
1038150,2024-01-13 15:15:00+00:00,1705158900,140,2023,Regular Season - 20,798,Mallorca,538,Celta Vigo,1,1,FT,"Victor Garcia Verdura, Spain",Estadi Mallorca Son Moix,Palma de Mallorca,1,1,D,2,0,1,5,1,20,798.0,15.0,40.0,WDDWL,538.0,13.0,41.0,DWWLW,2,2,1,8,3,1,1,10
1038143,2024-01-13 17:30:00+00:00,1705167000,140,2023,Regular Season - 20,531,Athletic Club,548,Real Sociedad,2,1,FT,"José Luis Munuera Montero, Spain",San Mamés Barria,Bilbao,2,0,H,3,1,1,5,1,20,531.0,5.0,68.0,WWLDW,548.0,6.0,60.0,LWWLW,3,1,1,10,3,0,2,9
1038146,2024-01-13 20:00:00+00:00,1705176000,140,2023,Regular Season - 20,543,Real Betis,715,Granada CF,1,0,FT,"Guillermo Cuadra Fernandez, Spain",Estadio Benito Villamarín,Sevilla,0,0,H,1,1,1,5,1,20,543.0,7.0,57.0,DLDWW,715.0,20.0,21.0,LLLLL,2,2,1,8,0,0,5,0
1038142,2024-01-14 13:00:00+00:00,1705237200,140,2023,Regular Season - 20,723,Almeria,547,Girona,0,0,FT,"Mateo Busquets Ferrer, Spain",Power Horse Stadium,Almería,0,0,D,0,0,1,6,1,20,723.0,19.0,21.0,WDLLW,547.0,3.0,81.0,WWLDW,2,1,2,7,3,1,1,10
1038147,2024-01-14 15:15:00+00:00,1705245300,140,2023,Regular Season - 20,724,Cadiz,532,Valencia,1,4,FT,"Isidro Diaz de Mera Escuderos, Spain",Estadio Nuevo Mirandilla,Cádiz,1,1,A,5,-3,1,6,1,20,724.0,18.0,33.0,LDWWL,532.0,9.0,49.0,DLLDL,2,1,2,7,0,2,3,2
1038154,2024-01-19 20:00:00+00:00,1705694400,140,2023,Regular Season - 21,542,Alaves,724,Cadiz,1,0,FT,"Alejandro Muniz Ruiz, Spain",Estadio de Mendizorroza,Vitoria-Gasteiz,0,0,H,1,1,1,4,0,21,542.0,10.0,46.0,DWLDW,724.0,18.0,33.0,LDWWL,2,2,1,8,2,1,2,7
1038161,2024-01-20 13:00:00+00:00,1705755600,140,2023,Regular Season - 21,728,Rayo Vallecano,534,Las Palmas,0,2,FT,"Mario Melero Lopez, Spain",Estadio de Vallecas,Madrid,0,1,A,2,-2,1,5,1,21,728.0,17.0,38.0,LLWDL,534.0,16.0,40.0,DDDLL,1,1,3,4,0,3,2,3
1038160,2024-01-20 15:15:00+00:00,1705763700,140,2023,Regular Season - 21,533,Villarreal,798,Mallorca,1,1,FT,"Miguel Angel Ortiz Arias, Spain",Estadio de la Cerámica,Villarreal,1,0,D,2,0,1,5,1,21,533.0,8.0,53.0,DDWWL,798.0,15.0,40.0,WDDWL,2,2,1,8,2,2,1,8
1038156,2024-01-20 17:30:00+00:00,1705771800,140,2023,Regular Season - 21,532,Valencia,531,Athletic Club,1,0,FT,"Juan Luis Pulido Santana, Spain",Estadio de Mestalla,Valencia,0,0,H,1,1,1,5,1,21,532.0,9.0,49.0,DLLDL,531.0,5.0,68.0,WWLDW,0,2,3,2,3,1,1,10
1038152,2024-01-20 20:00:00+00:00,1705780800,140,2023,Regular Season - 21,538,Celta Vigo,548,Real Sociedad,0,1,FT,"Jorge Figueroa Vazquez, Spain",Estadio Abanca-Balaídos,Vigo,0,1,A,1,-1,1,5,1,21,538.0,13.0,41.0,DWWLW,548.0,6.0,60.0,LWWLW,3,1,1,10,3,0,2,9
1038159,2024-01-21 13:00:00+00:00,1705842000,140,2023,Regular Season - 21,727,Osasuna,546,Getafe,3,2,FT,"Jose Maria Sanchez Martinez, Spain",Estadio El Sadar,Iruñea,2,0,H,5,1,1,6,1,21,727.0,11.0,45.0,DWDDL,546.0,12.0,43.0,LLLLL,1,3,1,6,0,0,5,0
1038155,2024-01-21 15:15:00+00:00,1705850100,140,2023,Regular Season - 21,541,Real Madrid,723,Almeria,3,2,FT,"Francisco Hernandez Maeso, Spain",Estadio Santiago Bernabéu,Madrid,0,2,H,5,1,1,6,1,21,541.0,1.0,95.0,DDWWW,723.0,19.0,21.0,WDLLW,3,2,0,11,2,1,2,7
1038158,2024-01-21 17:30:00+00:00,1705858200,140,2023,Regular Season - 21,543,Real Betis,529,Barcelona,2,4,FT,"Jesus Gil Manzano, Spain",Estadio Benito Villamarín,Sevilla,0,1,A,6,-2,1,6,1,21,543.0,7.0,57.0,DLDWW,529.0,2.0,85.0,WWWWL,2,2,1,8,4,0,1,12
1038153,2024-01-21 20:00:00+00:00,1705867200,140,2023,Regular Season - 21,547,Girona,536,Sevilla,5,1,FT,"Pablo González Fuertes, Spain",Estadi Municipal de Montilivi,Girona,3,1,H,6,4,1,6,1,21,547.0,3.0,81.0,WWLDW,536.0,14.0,41.0,LLLLW,3,1,1,10,1,0,4,3
1038157,2024-01-22 20:00:00+00:00,1705953600,140,2023,Regular Season - 21,715,Granada CF,530,Atletico Madrid,0,1,FT,"Juan Martinez Munuera, Spain",Estadio Nuevo Los Cármenes,Granada,0,0,A,1,-1,1,0,0,21,715.0,20.0,21.0,LLLLL,530.0,4.0,76.0,WLWWW,0,0,5,0,4,0,1,12
1038171,2024-01-26 20:00:00+00:00,1706299200,140,2023,Regular Season - 22,723,Almeria,542,Alaves,0,3,FT,"Miguel Angel Ortiz Arias, Spain",Power Horse Stadium,Almería,0,1,A,3,-3,1,4,0,22,723.0,19.0,21.0,WDLLW,542.0,10.0,46.0,DWLDW,2,1,2,7,2,2,1,8
1038170,2024-01-27 13:00:00+00:00,1706360400,140,2023,Regular Season - 22,548,Real Sociedad,728,Rayo Vallecano,0,0,FT,"Alejandro Hernandez, Spain",Reale Arena,Donostia-San Sebastián,0,0,D,0,0,1,5,1,22,548.0,6.0,60.0,LWWLW,728.0,17.0,38.0,LLWDL,3,0,2,9,1,1,3,4
1038166,2024-01-27 15:15:00+00:00,1706368500,140,2023,Regular Season - 22,534,Las Palmas,541,Real Madrid,1,2,FT,"Cesar Soto Grado, Spain",Estadio de Gran Canaria,Las Palmas de Gran Canaria,0,0,A,3,-1,1,5,1,22,534.0,16.0,40.0,DDDLL,541.0,1.0,95.0,DDWWW,0,3,2,3,3,2,0,11
1038163,2024-01-27 17:30:00+00:00,1706376600,140,2023,Regular Season - 22,529,Barcelona,533,Villarreal,3,5,FT,"José Luis Munuera Montero, Spain",Estadi Olímpic Lluís Companys,Barcelona,0,1,A,8,-2,1,5,1,22,529.0,2.0,85.0,WWWWL,533.0,8.0,53.0,DDWWL,4,0,1,12,2,2,1,8
1038168,2024-01-27 20:00:00+00:00,1706385600,140,2023,Regular Season - 22,798,Mallorca,543,Real Betis,0,1,FT,"Javier Iglesias Villanueva, Spain",Estadi Mallorca Son Moix,Palma de Mallorca,0,1,A,1,-1,1,5,1,22,798.0,15.0,40.0,WDDWL,543.0,7.0,57.0,DLDWW,2,2,1,8,2,2,1,8
1038164,2024-01-28 13:00:00+00:00,1706446800,140,2023,Regular Season - 22,538,Celta Vigo,547,Girona,0,1,FT,"Mario Melero Lopez, Spain",Estadio Abanca-Balaídos,Vigo,0,1,A,1,-1,1,6,1,22,538.0,13.0,41.0,DWWLW,547.0,3.0,81.0,WWLDW,3,1,1,10,3,1,1,10
1038167,2024-01-28 15:15:00+00:00,1706454900,140,2023,Regular Season - 22,724,Cadiz,531,Athletic Club,0,0,FT,"Mateo Busquets Ferrer, Spain",Estadio Nuevo Mirandilla,Cádiz,0,0,D,0,0,1,6,1,22,724.0,18.0,33.0,LDWWL,531.0,5.0,68.0,WWLDW,2,1,2,7,3,1,1,10
1038169,2024-01-28 17:30:00+00:00,1706463000,140,2023,Regular Season - 22,536,Sevilla,727,Osasuna,1,1,FT,"Guillermo Cuadra Fernandez, Spain",Estadio Ramón Sánchez Pizjuán,Sevilla,1,0,D,2,0,1,6,1,22,536.0,14.0,41.0,LLLLW,727.0,11.0,45.0,DWDDL,1,0,4,3,1,3,1,6
1038162,2024-01-28 20:00:00+00:00,1706472000,140,2023,Regular Season - 22,530,Atletico Madrid,532,Valencia,2,0,FT,"Ricardo De Burgos Bengoetxea, Spain",Estádio Cívitas Metropolitano,Madrid,1,0,H,2,2,1,6,1,22,530.0,4.0,76.0,WLWWW,532.0,9.0,49.0,DLLDL,4,0,1,12,0,2,3,2
1038165,2024-01-29 20:00:00+00:00,1706558400,140,2023,Regular Season - 22,546,Getafe,715,Granada CF,2,0,FT,"Victor Garcia Verdura, Spain",Estadio Coliseum,Getafe,2,0,H,2,2,1,0,0,22,546.0,12.0,43.0,LLLLL,715.0,20.0,21.0,LLLLL,0,0,5,0,0,0,5,0
1038145,2024-01-31 18:00:00+00:00,1706724000,140,2023,Regular Season - 20,529,Barcelona,727,Osasuna,1,0,FT,"Jorge Figueroa Vazquez, Spain",Estadi Olímpic Lluís Companys,Barcelona,0,0,H,1,1,1,2,0,20,529.0,2.0,85.0,WWWWL,727.0,11.0,45.0,DWDDL,4,0,1,12,1,3,1,6
1038144,2024-01-31 20:00:00+00:00,1706731200,140,2023,Regular Season - 20,530,Atletico Madrid,728,Rayo Vallecano,2,1,FT,"Cesar Soto Grado, Spain",Estádio Cívitas Metropolitano,Madrid,1,1,H,3,1,1,2,0,20,530.0,4.0,76.0,WLWWW,728.0,17.0,38.0,LLWDL,4,0,1,12,1,1,3,4
1038148,2024-02-01 20:00:00+00:00,1706817600,140,2023,Regular Season - 20,546,Getafe,541,Real Madrid,0,2,FT,"Ricardo De Burgos Bengoetxea, Spain",Estadio Coliseum,Getafe,0,1,A,2,-2,2,3,0,20,546.0,12.0,43.0,LLLLL,541.0,1.0,95.0,DDWWW,0,0,5,0,3,2,0,11
1038172,2024-02-02 20:00:00+00:00,1706904000,140,2023,Regular Season - 23,531,Athletic Club,798,Mallorca,4,0,FT,"Jorge Figueroa Vazquez, Spain",San Mamés Barria,Bilbao,2,0,H,4,4,2,4,0,23,531.0,5.0,68.0,WWLDW,798.0,15.0,40.0,WDDWL,3,1,1,10,2,2,1,8
1038178,2024-02-03 13:00:00+00:00,1706965200,140,2023,Regular Season - 23,532,Valencia,723,Almeria,2,1,FT,"Alejandro Muniz Ruiz, Spain",Estadio de Mestalla,Valencia,2,0,H,3,1,2,5,1,23,532.0,9.0,49.0,DLLDL,723.0,19.0,21.0,WDLLW,0,2,3,2,2,1,2,7
1038176,2024-02-03 15:15:00+00:00,1706973300,140,2023,Regular Season - 23,715,Granada CF,534,Las Palmas,1,1,FT,"Mateo Busquets Ferrer, Spain",Estadio Nuevo Los Cármenes,Granada,1,0,D,2,0,2,5,1,23,715.0,20.0,21.0,LLLLL,534.0,16.0,40.0,DDDLL,0,0,5,0,0,3,2,3
1038177,2024-02-03 17:30:00+00:00,1706981400,140,2023,Regular Season - 23,542,Alaves,529,Barcelona,1,3,FT,"Juan Martinez Munuera, Spain",Estadio de Mendizorroza,Vitoria-Gasteiz,0,1,A,4,-2,2,5,1,23,542.0,10.0,46.0,DWLDW,529.0,2.0,85.0,WWWWL,2,2,1,8,4,0,1,12
1038174,2024-02-03 20:00:00+00:00,1706990400,140,2023,Regular Season - 23,547,Girona,548,Real Sociedad,0,0,FT,"Jesus Gil Manzano, Spain",Estadi Municipal de Montilivi,Girona,0,0,D,0,0,2,5,1,23,547.0,3.0,81.0,WWLDW,548.0,6.0,60.0,LWWLW,3,1,1,10,3,0,2,9
1038180,2024-02-04 13:00:00+00:00,1707051600,140,2023,Regular Season - 23,533,Villarreal,724,Cadiz,0,0,FT,"Pablo González Fuertes, Spain",Estadio de la Cerámica,Villarreal,0,0,D,0,0,2,6,1,23,533.0,8.0,53.0,DDWWL,724.0,18.0,33.0,LDWWL,2,2,1,8,2,1,2,7
1038181,2024-02-04 15:15:00+00:00,1707059700,140,2023,Regular Season - 23,727,Osasuna,538,Celta Vigo,0,3,FT,"Javier Alberola Rojas, Spain",Estadio El Sadar,Iruñea,0,2,A,3,-3,2,6,1,23,727.0,11.0,45.0,DWDDL,538.0,13.0,41.0,DWWLW,1,3,1,6,3,1,1,10
1038173,2024-02-04 17:30:00+00:00,1707067800,140,2023,Regular Season - 23,543,Real Betis,546,Getafe,1,1,FT,"Juan Luis Pulido Santana, Spain",Estadio Benito Villamarín,Sevilla,1,1,D,2,0,2,6,1,23,543.0,7.0,57.0,DLDWW,546.0,12.0,43.0,LLLLL,2,2,1,8,0,0,5,0
1038179,2024-02-04 20:00:00+00:00,1707076800,140,2023,Regular Season - 23,541,Real Madrid,530,Atletico Madrid,1,1,FT,"Jose Maria Sanchez Martinez, Spain",Estadio Santiago Bernabéu,Madrid,1,0,D,2,0,2,6,1,23,541.0,1.0,95.0,DDWWW,530.0,4.0,76.0,WLWWW,3,2,0,11,4,0,1,12
1038175,2024-02-05 20:00:00+00:00,1707163200,140,2023,Regular Season - 23,728,Rayo Vallecano,536,Sevilla,1,2,FT,"Francisco Hernandez Maeso, Spain",Estadio de Vallecas,Madrid,1,2,A,3,-1,2,0,0,23,728.0,17.0,38.0,LLWDL,536.0,14.0,41.0,LLLLW,1,1,3,4,1,0,4,3
1038188,2024-02-09 20:00:00+00:00,1707508800,140,2023,Regular Season - 24,724,Cadiz,543,Real Betis,0,2,FT,"Ricardo De Burgos Bengoetxea, Spain",Estadio Nuevo Mirandilla,Cádiz,0,1,A,2,-2,2,4,0,24,724.0,18.0,33.0,LDWWL,543.0,7.0,57.0,DLDWW,2,1,2,7,2,2,1,8
1038186,2024-02-10 13:00:00+00:00,1707570000,140,2023,Regular Season - 24,542,Alaves,533,Villarreal,1,1,FT,"Mario Melero Lopez, Spain",Estadio de Mendizorroza,Vitoria-Gasteiz,1,1,D,2,0,2,5,1,24,542.0,10.0,46.0,DWLDW,533.0,8.0,53.0,DDWWL,2,2,1,8,2,2,1,8
1038191,2024-02-10 15:15:00+00:00,1707578100,140,2023,Regular Season - 24,548,Real Sociedad,727,Osasuna,0,1,FT,"Isidro Diaz de Mera Escuderos, Spain",Reale Arena,Donostia-San Sebastián,0,0,A,1,-1,2,5,1,24,548.0,6.0,60.0,LWWLW,727.0,11.0,45.0,DWDDL,3,0,2,9,1,3,1,6
1038190,2024-02-10 17:30:00+00:00,1707586200,140,2023,Regular Season - 24,541,Real Madrid,547,Girona,4,0,FT,"Juan Martinez Munuera, Spain",Estadio Santiago Bernabéu,Madrid,2,0,H,4,4,2,5,1,24,541.0,1.0,95.0,DDWWW,547.0,3.0,81.0,WWLDW,3,2,0,11,3,1,1,10
1038185,2024-02-10 20:00:00+00:00,1707595200,140,2023,Regular Season - 24,534,Las Palmas,532,Valencia,2,0,FT,"Guillermo Cuadra Fernandez, Spain",Estadio de Gran Canaria,Las Palmas de Gran Canaria,0,0,H,2,2,2,5,1,24,534.0,16.0,40.0,DDDLL,532.0,9.0,49.0,DLLDL,0,3,2,3,0,2,3,2
1038189,2024-02-11 13:00:00+00:00,1707656400,140,2023,Regular Season - 24,546,Getafe,538,Celta Vigo,3,2,FT,"Alejandro Hernandez, Spain",Estadio Coliseum,Getafe,2,0,H,5,1,2,6,1,24,546.0,12.0,43.0,LLLLL,538.0,13.0,41.0,DWWLW,0,0,5,0,3,1,1,10
1038184,2024-02-11 15:15:00+00:00,1707664500,140,2023,Regular Season - 24,798,Mallorca,728,Rayo Vallecano,2,1,FT,"José Luis Munuera Montero, Spain",Estadi Mallorca Son Moix,Palma de Mallorca,0,0,H,3,1,2,6,1,24,798.0,15.0,40.0,WDDWL,728.0,17.0,38.0,LLWDL,2,2,1,8,1,1,3,4
1038187,2024-02-11 17:30:00+00:00,1707672600,140,2023,Regular Season - 24,536,Sevilla,530,Atletico Madrid,1,0,FT,"Javier Iglesias Villanueva, Spain",Estadio Ramón Sánchez Pizjuán,Sevilla,1,0,H,1,1,2,6,1,24,536.0,14.0,41.0,LLLLW,530.0,4.0,76.0,WLWWW,1,0,4,3,4,0,1,12
1038183,2024-02-11 20:00:00+00:00,1707681600,140,2023,Regular Season - 24,529,Barcelona,715,Granada CF,3,3,FT,"Miguel Angel Ortiz Arias, Spain",Estadi Olímpic Lluís Companys,Barcelona,1,1,D,6,0,2,6,1,24,529.0,2.0,85.0,WWWWL,715.0,20.0,21.0,LLLLL,4,0,1,12,0,0,5,0
1038182,2024-02-12 20:00:00+00:00,1707768000,140,2023,Regular Season - 24,723,Almeria,531,Athletic Club,0,0,FT,"Victor Garcia Verdura, Spain",Power Horse Stadium,Almería,0,0,D,0,0,2,0,0,24,723.0,19.0,21.0,WDLLW,531.0,5.0,68.0,WWLDW,2,1,2,7,3,1,1,10
1038199,2024-02-16 20:00:00+00:00,1708113600,140,2023,Regular Season - 25,533,Villarreal,546,Getafe,1,1,FT,"Javier Alberola Rojas, Spain",Estadio de la Cerámica,Villarreal,0,1,D,2,0,2,4,0,25,533.0,8.0,53.0,DDWWL,546.0,12.0,43.0,LLLLL,2,2,1,8,0,0,5,0
1038193,2024-02-17 13:00:00+00:00,1708174800,140,2023,Regular Season - 25,530,Atletico Madrid,534,Las Palmas,5,0,FT,"Jorge Figueroa Vazquez, Spain",Estádio Cívitas Metropolitano,Madrid,2,0,H,5,5,2,5,1,25,530.0,4.0,76.0,WLWWW,534.0,16.0,40.0,DDDLL,4,0,1,12,0,3,2,3
1038198,2024-02-17 15:15:00+00:00,1708182900,140,2023,Regular Season - 25,727,Osasuna,724,Cadiz,2,0,FT,"Francisco Hernandez Maeso, Spain",Estadio El Sadar,Iruñea,0,0,H,2,2,2,5,1,25,727.0,11.0,45.0,DWDDL,724.0,18.0,33.0,LDWWL,1,3,1,6,2,1,2,7
1038197,2024-02-17 17:30:00+00:00,1708191000,140,2023,Regular Season - 25,538,Celta Vigo,529,Barcelona,1,2,FT,"Juan Luis Pulido Santana, Spain",Estadio Abanca-Balaídos,Vigo,0,1,A,3,-1,2,5,1,25,538.0,13.0,41.0,DWWLW,529.0,2.0,85.0,WWWWL,3,1,1,10,4,0,1,12
1038200,2024-02-17 20:00:00+00:00,1708200000,140,2023,Regular Season - 25,532,Valencia,536,Sevilla,0,0,FT,"Cesar Soto Grado, Spain",Estadio de Mestalla,Valencia,0,0,D,0,0,2,5,1,25,532.0,9.0,49.0,DLLDL,536.0,14.0,41.0,LLLLW,0,2,3,2,1,0,4,3
1038195,2024-02-18 13:00:00+00:00,1708261200,140,2023,Regular Season - 25,728,Rayo Vallecano,541,Real Madrid,1,1,FT,"Alejandro Muniz Ruiz, Spain",Estadio de Vallecas,Madrid,1,1,D,2,0,2,6,1,25,728.0,17.0,38.0,LLWDL,541.0,1.0,95.0,DDWWW,1,1,3,4,3,2,0,11
1038196,2024-02-18 15:15:00+00:00,1708269300,140,2023,Regular Season - 25,715,Granada CF,723,Almeria,1,1,FT,"Jesus Gil Manzano, Spain",Estadio Nuevo Los Cármenes,Granada,0,1,D,2,0,2,6,1,25,715.0,20.0,21.0,LLLLL,723.0,19.0,21.0,WDLLW,0,0,5,0,2,1,2,7
1038194,2024-02-18 17:30:00+00:00,1708277400,140,2023,Regular Season - 25,798,Mallorca,548,Real Sociedad,1,2,FT,"Pablo González Fuertes, Spain",Estadi Mallorca Son Moix,Palma de Mallorca,1,1,A,3,-1,2,6,1,25,798.0,15.0,40.0,WDDWL,548.0,6.0,60.0,LWWLW,2,2,1,8,3,0,2,9
1038201,2024-02-18 20:00:00+00:00,1708286400,140,2023,Regular Season - 25,543,Real Betis,542,Alaves,0,0,FT,"Mateo Busquets Ferrer, Spain",Estadio Benito Villamarín,Sevilla,0,0,D,0,0,2,6,1,25,543.0,7.0,57.0,DLDWW,542.0,10.0,46.0,DWLDW,2,2,1,8,2,2,1,8
1038192,2024-02-19 20:00:00+00:00,1708372800,140,2023,Regular Season - 25,531,Athletic Club,547,Girona,3,2,FT,"Jose Maria Sanchez Martinez, Spain",San Mamés Barria,Bilbao,1,0,H,5,1,2,0,0,25,531.0,5.0,68.0,WWLDW,547.0,3.0,81.0,WWLDW,3,1,1,10,3,1,1,10
1038207,2024-02-23 20:00:00+00:00,1708718400,140,2023,Regular Season - 26,548,Real Sociedad,533,Villarreal,1,3,FT,"Javier Iglesias Villanueva, Spain",Reale Arena,Donostia-San Sebastián,0,1,A,4,-2,2,4,0,26,548.0,6.0,60.0,LWWLW,533.0,8.0,53.0,DDWWL,3,0,2,9,2,2,1,8
1038203,2024-02-24 15:15:00+00:00,1708787700,140,2023,Regular Season - 26,529,Barcelona,546,Getafe,4,0,FT,"Alejandro Muniz Ruiz, Spain",Estadi Olímpic Lluís Companys,Barcelona,1,0,H,4,4,2,5,1,26,529.0,2.0,85.0,WWWWL,546.0,12.0,43.0,LLLLL,4,0,1,12,0,0,5,0
1038210,2024-02-24 17:30:00+00:00,1708795800,140,2023,Regular Season - 26,542,Alaves,798,Mallorca,1,1,FT,"Victor Garcia Verdura, Spain",Estadio de Mendizorroza,Vitoria-Gasteiz,0,0,D,2,0,2,5,1,26,542.0,10.0,46.0,DWLDW,798.0,15.0,40.0,WDDWL,2,2,1,8,2,2,1,8
1038202,2024-02-24 20:00:00+00:00,1708804800,140,2023,Regular Season - 26,723,Almeria,530,Atletico Madrid,2,2,FT,"Javier Alberola Rojas, Spain",Power Horse Stadium,Almería,1,1,D,4,0,2,5,1,26,723.0,19.0,21.0,WDLLW,530.0,4.0,76.0,WLWWW,2,1,2,7,4,0,1,12
1038204,2024-02-25 13:00:00+00:00,1708866000,140,2023,Regular Season - 26,724,Cadiz,538,Celta Vigo,2,2,FT,"Miguel Angel Ortiz Arias, Spain",Estadio Nuevo Mirandilla,Cádiz,0,1,D,4,0,2,6,1,26,724.0,18.0,33.0,LDWWL,538.0,13.0,41.0,DWWLW,2,1,2,7,3,1,1,10
1038211,2024-02-25 15:15:00+00:00,1708874100,140,2023,Regular Season - 26,543,Real Betis,531,Athletic Club,3,1,FT,"Guillermo Cuadra Fernandez, Spain",Estadio Benito Villamarín,Sevilla,2,1,H,4,2,2,6,1,26,543.0,7.0,57.0,DLDWW,531.0,5.0,68.0,WWLDW,2,2,1,8,3,1,1,10
1038209,2024-02-25 17:30:00+00:00,1708882200,140,2023,Regular Season - 26,534,Las Palmas,727,Osasuna,1,1,FT,"José Luis Munuera Montero, Spain",Estadio de Gran Canaria,Las Palmas de Gran Canaria,0,0,D,2,0,2,6,1,26,534.0,16.0,40.0,DDDLL,727.0,11.0,45.0,DWDDL,0,3,2,3,1,3,1,6
1038206,2024-02-25 20:00:00+00:00,1708891200,140,2023,Regular Season - 26,541,Real Madrid,536,Sevilla,1,0,FT,"Isidro Diaz de Mera Escuderos, Spain",Estadio Santiago Bernabéu,Madrid,0,0,H,1,1,2,6,1,26,541.0,1.0,95.0,DDWWW,536.0,14.0,41.0,LLLLW,3,2,0,11,1,0,4,3
1038205,2024-02-26 20:00:00+00:00,1708977600,140,2023,Regular Season - 26,547,Girona,728,Rayo Vallecano,3,0,FT,"Ricardo De Burgos Bengoetxea, Spain",Estadi Municipal de Montilivi,Girona,0,0,H,3,3,2,0,0,26,547.0,3.0,81.0,WWLDW,728.0,17.0,38.0,LLWDL,3,1,1,10,1,1,3,4
1038215,2024-03-01 20:00:00+00:00,1709323200,140,2023,Regular Season - 27,538,Celta Vigo,723,Almeria,1,0,FT,"Jose Maria Sanchez Martinez, Spain",Estadio Abanca-Balaídos,Vigo,0,0,H,1,1,3,4,0,27,538.0,13.0,41.0,DWWLW,723.0,19.0,21.0,WDLLW,3,1,1,10,2,1,2,7
1038219,2024-03-02 13:00:00+00:00,1709384400,140,2023,Regular Season - 27,536,Sevilla,548,Real Sociedad,3,2,FT,"Mateo Busquets Ferrer, Spain",Estadio Ramón Sánchez Pizjuán,Sevilla,2,1,H,5,1,3,5,1,27,536.0,14.0,41.0,LLLLW,548.0,6.0,60.0,LWWLW,1,0,4,3,3,0,2,9
1038216,2024-03-02 15:15:00+00:00,1709392500,140,2023,Regular Season - 27,728,Rayo Vallecano,724,Cadiz,1,1,FT,"Javier Alberola Rojas, Spain",Estadio de Vallecas,Madrid,0,0,D,2,0,3,5,1,27,728.0,17.0,38.0,LLWDL,724.0,18.0,33.0,LDWWL,1,1,3,4,2,1,2,7
1038214,2024-03-02 17:30:00+00:00,1709400600,140,2023,Regular Season - 27,546,Getafe,534,Las Palmas,3,3,FT,"Pablo González Fuertes, Spain",Estadio Coliseum,Getafe,3,1,D,6,0,3,5,1,27,546.0,12.0,43.0,LLLLL,534.0,16.0,40.0,DDDLL,0,0,5,0,0,3,2,3
1038218,2024-03-02 20:00:00+00:00,1709409600,140,2023,Regular Season - 27,532,Valencia,541,Real Madrid,2,2,FT,"Jesus Gil Manzano, Spain",Estadio de Mestalla,Valencia,2,1,D,4,0,3,5,1,27,532.0,9.0,49.0,DLLDL,541.0,1.0,95.0,DDWWW,0,2,3,2,3,2,0,11
1038220,2024-03-03 13:00:00+00:00,1709470800,140,2023,Regular Season - 27,533,Villarreal,715,Granada CF,5,1,FT,"Juan Luis Pulido Santana, Spain",Estadio de la Cerámica,Villarreal,3,0,H,6,4,3,6,1,27,533.0,8.0,53.0,DDWWL,715.0,20.0,21.0,LLLLL,2,2,1,8,0,0,5,0
1038213,2024-03-03 15:15:00+00:00,1709478900,140,2023,Regular Season - 27,530,Atletico Madrid,543,Real Betis,2,1,FT,"Cesar Soto Grado, Spain",Estádio Cívitas Metropolitano,Madrid,2,0,H,3,1,3,6,1,27,530.0,4.0,76.0,WLWWW,543.0,7.0,57.0,DLDWW,4,0,1,12,2,2,1,8
1038217,2024-03-03 17:30:00+00:00,1709487000,140,2023,Regular Season - 27,798,Mallorca,547,Girona,1,0,FT,"Francisco Hernandez Maeso, Spain",Estadi Mallorca Son Moix,Palma de Mallorca,1,0,H,1,1,3,6,1,27,798.0,15.0,40.0,WDDWL,547.0,3.0,81.0,WWLDW,2,2,1,8,3,1,1,10
1038212,2024-03-03 20:00:00+00:00,1709496000,140,2023,Regular Season - 27,531,Athletic Club,529,Barcelona,0,0,FT,"Alejandro Hernandez, Spain",San Mamés Barria,Bilbao,0,0,D,0,0,3,6,1,27,531.0,5.0,68.0,WWLDW,529.0,2.0,85.0,WWWWL,3,1,1,10,4,0,1,12
1038221,2024-03-04 20:00:00+00:00,1709582400,140,2023,Regular Season - 27,727,Osasuna,542,Alaves,1,0,FT,"Jorge Figueroa Vazquez, Spain",Estadio El Sadar,Iruñea,0,0,H,1,1,3,0,0,27,727.0,11.0,45.0,DWDDL,542.0,10.0,46.0,DWLDW,1,3,1,6,2,2,1,8
1038223,2024-03-08 20:00:00+00:00,1709928000,140,2023,Regular Season - 28,529,Barcelona,798,Mallorca,1,0,FT,"Javier Iglesias Villanueva, Spain",Estadi Olímpic Lluís Companys,Barcelona,0,0,H,1,1,3,4,0,28,529.0,2.0,85.0,WWWWL,798.0,15.0,40.0,WDDWL,4,0,1,12,2,2,1,8
1038231,2024-03-09 13:00:00+00:00,1709989200,140,2023,Regular Season - 28,532,Valencia,546,Getafe,1,0,FT,"Juan Luis Pulido Santana, Spain",Estadio de Mestalla,Valencia,1,0,H,1,1,3,5,1,28,532.0,9.0,49.0,DLLDL,546.0,12.0,43.0,LLLLL,0,2,3,2,0,0,5,0
1038229,2024-03-09 15:15:00+00:00,1709997300,140,2023,Regular Season - 28,724,Cadiz,530,Atletico Madrid,2,0,FT,"Pablo González Fuertes, Spain",Estadio Nuevo Mirandilla,Cádiz,1,0,H,2,2,3,5,1,28,724.0,18.0,33.0,LDWWL,530.0,4.0,76.0,WLWWW,2,1,2,7,4,0,1,12
1038226,2024-03-09 17:30:00+00:00,1710005400,140,2023,Regular Season - 28,715,Granada CF,548,Real Sociedad,2,3,FT,"Juan Martinez Munuera, Spain",Estadio Nuevo Los Cármenes,Granada,2,1,A,5,-1,3,5,1,28,715.0,20.0,21.0,LLLLL,548.0,6.0,60.0,LWWLW,0,0,5,0,3,0,2,9
1038225,2024-03-09 20:00:00+00:00,1710014400,140,2023,Regular Season - 28,547,Girona,727,Osasuna,2,0,FT,"Mateo Busquets Ferrer, Spain",Estadi Municipal de Montilivi,Girona,1,0,H,2,2,3,5,1,28,547.0,3.0,81.0,WWLDW,727.0,11.0,45.0,DWDDL,3,1,1,10,1,3,1,6
1038227,2024-03-10 13:00:00+00:00,1710075600,140,2023,Regular Season - 28,542,Alaves,728,Rayo Vallecano,1,0,FT,"José Luis Munuera Montero, Spain",Estadio de Mendizorroza,Vitoria-Gasteiz,1,0,H,1,1,3,6,1,28,542.0,10.0,46.0,DWLDW,728.0,17.0,38.0,LLWDL,2,2,1,8,1,1,3,4
1038228,2024-03-10 15:15:00+00:00,1710083700,140,2023,Regular Season - 28,534,Las Palmas,531,Athletic Club,0,2,FT,"Miguel Angel Ortiz Arias, Spain",Estadio de Gran Canaria,Las Palmas de Gran Canaria,0,1,A,2,-2,3,6,1,28,534.0,16.0,40.0,DDDLL,531.0,5.0,68.0,WWLDW,0,3,2,3,3,1,1,10
1038230,2024-03-10 17:30:00+00:00,1710091800,140,2023,Regular Season - 28,541,Real Madrid,538,Celta Vigo,4,0,FT,"Mario Melero Lopez, Spain",Estadio Santiago Bernabéu,Madrid,1,0,H,4,4,3,6,1,28,541.0,1.0,95.0,DDWWW,538.0,13.0,41.0,DWWLW,3,2,0,11,3,1,1,10
1038224,2024-03-10 20:00:00+00:00,1710100800,140,2023,Regular Season - 28,543,Real Betis,533,Villarreal,2,3,FT,"Alejandro Hernandez, Spain",Estadio Benito Villamarín,Sevilla,2,1,A,5,-1,3,6,1,28,543.0,7.0,57.0,DLDWW,533.0,8.0,53.0,DDWWL,2,2,1,8,2,2,1,8
1038222,2024-03-11 20:00:00+00:00,1710187200,140,2023,Regular Season - 28,723,Almeria,536,Sevilla,2,2,FT,"Ricardo De Burgos Bengoetxea, Spain",Power Horse Stadium,Almería,1,0,D,4,0,3,0,0,28,723.0,19.0,21.0,WDLLW,536.0,14.0,41.0,LLLLW,2,1,2,7,1,0,4,3
1038237,2024-03-15 20:00:00+00:00,1710532800,140,2023,Regular Season - 29,548,Real Sociedad,724,Cadiz,2,0,FT,"Cesar Soto Grado, Spain",Reale Arena,Donostia-San Sebastián,1,0,H,2,2,3,4,0,29,548.0,6.0,60.0,LWWLW,724.0,18.0,33.0,LDWWL,3,0,2,9,2,1,2,7
1038240,2024-03-16 13:00:00+00:00,1710594000,140,2023,Regular Season - 29,798,Mallorca,715,Granada CF,1,0,FT,"Ricardo De Burgos Bengoetxea, Spain",Estadi Mallorca Son Moix,Palma de Mallorca,0,0,H,1,1,3,5,1,29,798.0,15.0,40.0,WDDWL,715.0,20.0,21.0,LLLLL,2,2,1,8,0,0,5,0
1038234,2024-03-16 15:15:00+00:00,1710602100,140,2023,Regular Season - 29,727,Osasuna,541,Real Madrid,2,4,FT,"Juan Martinez Munuera, Spain",Estadio El Sadar,Iruñea,1,2,A,6,-2,3,5,1,29,727.0,11.0,45.0,DWDDL,541.0,1.0,95.0,DDWWW,1,3,1,6,3,2,0,11
1038233,2024-03-16 17:30:00+00:00,1710610200,140,2023,Regular Season - 29,546,Getafe,547,Girona,1,0,FT,"José Luis Munuera Montero, Spain",Estadio Coliseum,Getafe,1,0,H,1,1,3,5,1,29,546.0,12.0,43.0,LLLLL,547.0,3.0,81.0,WWLDW,0,0,5,0,3,1,1,10
1038241,2024-03-16 20:00:00+00:00,1710619200,140,2023,Regular Season - 29,531,Athletic Club,542,Alaves,2,0,FT,"Alejandro Muniz Ruiz, Spain",San Mamés Barria,Bilbao,2,0,H,2,2,3,5,1,29,531.0,5.0,68.0,WWLDW,542.0,10.0,46.0,DWLDW,3,1,1,10,2,2,1,8
1038238,2024-03-17 13:00:00+00:00,1710680400,140,2023,Regular Season - 29,536,Sevilla,538,Celta Vigo,1,2,FT,"Francisco Hernandez Maeso, Spain",Estadio Ramón Sánchez Pizjuán,Sevilla,1,0,A,3,-1,3,6,1,29,536.0,14.0,41.0,LLLLW,538.0,13.0,41.0,DWWLW,1,0,4,3,3,1,1,10
1038239,2024-03-17 15:15:00+00:00,1710688500,140,2023,Regular Season - 29,533,Villarreal,532,Valencia,1,0,FT,"Jorge Figueroa Vazquez, Spain",Estadio de la Cerámica,Villarreal,0,0,H,1,1,3,6,1,29,533.0,8.0,53.0,DDWWL,532.0,9.0,49.0,DLLDL,2,2,1,8,0,2,3,2
1038235,2024-03-17 15:15:00+00:00,1710688500,140,2023,Regular Season - 29,534,Las Palmas,723,Almeria,0,1,FT,"Victor Garcia Verdura, Spain",Estadio de Gran Canaria,Las Palmas de Gran Canaria,0,1,A,1,-1,3,6,1,29,534.0,16.0,40.0,DDDLL,723.0,19.0,21.0,WDLLW,0,3,2,3,2,1,2,7
1038236,2024-03-17 17:30:00+00:00,1710696600,140,2023,Regular Season - 29,728,Rayo Vallecano,543,Real Betis,2,0,FT,"Juan Luis Pulido Santana, Spain",Estadio de Vallecas,Madrid,1,0,H,2,2,3,6,1,29,728.0,17.0,38.0,LLWDL,543.0,7.0,57.0,DLDWW,1,1,3,4,2,2,1,8
1038232,2024-03-17 20:00:00+00:00,1710705600,140,2023,Regular Season - 29,530,Atletico Madrid,529,Barcelona,0,3,FT,"Jose Maria Sanchez Martinez, Spain",Estádio Cívitas Metropolitano,Madrid,0,1,A,3,-3,3,6,1,29,530.0,4.0,76.0,WLWWW,529.0,2.0,85.0,WWWWL,4,0,1,12,4,0,1,12
1038244,2024-03-29 20:00:00+00:00,1711742400,140,2023,Regular Season - 30,724,Cadiz,715,Granada CF,1,0,FT,"Guillermo Cuadra Fernandez, Spain",Estadio Nuevo Mirandilla,Cádiz,0,0,H,1,1,3,4,0,30,724.0,18.0,33.0,LDWWL,715.0,20.0,21.0,LLLLL,2,1,2,7,0,0,5,0
1038246,2024-03-30 13:00:00+00:00,1711803600,140,2023,Regular Season - 30,546,Getafe,536,Sevilla,0,1,FT,"Javier Iglesias Villanueva, Spain",Estadio Coliseum,Getafe,0,1,A,1,-1,3,5,1,30,546.0,12.0,43.0,LLLLL,536.0,14.0,41.0,LLLLW,0,0,5,0,1,0,4,3
1038242,2024-03-30 15:15:00+00:00,1711811700,140,2023,Regular Season - 30,723,Almeria,727,Osasuna,0,3,FT,"Pablo González Fuertes, Spain",Power Horse Stadium,Almería,0,2,A,3,-3,3,5,1,30,723.0,19.0,21.0,WDLLW,727.0,11.0,45.0,DWDDL,2,1,2,7,1,3,1,6
1038251,2024-03-30 17:30:00+00:00,1711819800,140,2023,Regular Season - 30,532,Valencia,798,Mallorca,0,0,FT,"Miguel Angel Ortiz Arias, Spain",Estadio de Mestalla,Valencia,0,0,D,0,0,3,5,1,30,532.0,9.0,49.0,DLLDL,798.0,15.0,40.0,WDDWL,0,2,3,2,2,2,1,8
1038243,2024-03-30 20:00:00+00:00,1711828800,140,2023,Regular Season - 30,529,Barcelona,534,Las Palmas,1,0,FT,"Mateo Busquets Ferrer, Spain",Estadi Olímpic Lluís Companys,Barcelona,0,0,H,1,1,3,5,1,30,529.0,2.0,85.0,WWWWL,534.0,16.0,40.0,DDDLL,4,0,1,12,0,3,2,3
1038245,2024-03-31 12:00:00+00:00,1711886400,140,2023,Regular Season - 30,538,Celta Vigo,728,Rayo Vallecano,0,0,FT,"Alejandro Hernandez, Spain",Estadio Abanca-Balaídos,Vigo,0,0,D,0,0,3,6,1,30,538.0,13.0,41.0,DWWLW,728.0,17.0,38.0,LLWDL,3,1,1,10,1,1,3,4
1038250,2024-03-31 14:15:00+00:00,1711894500,140,2023,Regular Season - 30,547,Girona,543,Real Betis,3,2,FT,"Jesus Gil Manzano, Spain",Estadi Municipal de Montilivi,Girona,1,1,H,5,1,3,6,1,30,547.0,3.0,81.0,WWLDW,543.0,7.0,57.0,DLDWW,3,1,1,10,2,2,1,8
1038247,2024-03-31 16:30:00+00:00,1711902600,140,2023,Regular Season - 30,542,Alaves,548,Real Sociedad,0,1,FT,"Francisco Hernandez Maeso, Spain",Estadio de Mendizorroza,Vitoria-Gasteiz,0,0,A,1,-1,3,6,1,30,542.0,10.0,46.0,DWLDW,548.0,6.0,60.0,LWWLW,2,2,1,8,3,0,2,9
1038248,2024-03-31 19:00:00+00:00,1711911600,140,2023,Regular Season - 30,541,Real Madrid,531,Athletic Club,2,0,FT,"Javier Alberola Rojas, Spain",Estadio Santiago Bernabéu,Madrid,1,0,H,2,2,3,6,1,30,541.0,1.0,95.0,DDWWW,531.0,5.0,68.0,WWLDW,3,2,0,11,3,1,1,10
1038249,2024-04-01 19:00:00+00:00,1711998000,140,2023,Regular Season - 30,533,Villarreal,530,Atletico Madrid,1,2,FT,"Mario Melero Lopez, Spain",Estadio de la Cerámica,Villarreal,0,1,A,3,-1,4,0,0,30,533.0,8.0,53.0,DDWWL,530.0,4.0,76.0,WLWWW,2,2,1,8,4,0,1,12
1038208,2024-04-04 18:00:00+00:00,1712253600,140,2023,Regular Season - 26,715,Granada CF,532,Valencia,0,1,FT,"Alejandro Hernandez, Spain",Estadio Nuevo Los Cármenes,Granada,0,0,A,1,-1,4,3,0,26,715.0,20.0,21.0,LLLLL,532.0,9.0,49.0,DLLDL,0,0,5,0,0,2,3,2
1038254,2024-04-12 19:00:00+00:00,1712948400,140,2023,Regular Season - 31,543,Real Betis,538,Celta Vigo,2,1,FT,"Juan Martinez Munuera, Spain",Estadio Benito Villamarín,Sevilla,0,0,H,3,1,4,4,0,31,543.0,7.0,57.0,DLDWW,538.0,13.0,41.0,DWWLW,2,2,1,8,3,1,1,10
1038253,2024-04-13 12:00:00+00:00,1713009600,140,2023,Regular Season - 31,530,Atletico Madrid,547,Girona,3,1,FT,"Ricardo De Burgos Bengoetxea, Spain",Estádio Cívitas Metropolitano,Madrid,2,1,H,4,2,4,5,1,31,530.0,4.0,76.0,WLWWW,547.0,3.0,81.0,WWLDW,4,0,1,12,3,1,1,10
1038260,2024-04-13 14:15:00+00:00,1713017700,140,2023,Regular Season - 31,728,Rayo Vallecano,546,Getafe,0,0,FT,"Jorge Figueroa Vazquez, Spain",Estadio de Vallecas,Madrid,0,0,D,0,0,4,5,1,31,728.0,17.0,38.0,LLWDL,546.0,12.0,43.0,LLLLL,1,1,3,4,0,0,5,0
1038255,2024-04-13 16:30:00+00:00,1713025800,140,2023,Regular Season - 31,798,Mallorca,541,Real Madrid,0,1,FT,"Jose Maria Sanchez Martinez, Spain",Estadi Mallorca Son Moix,Palma de Mallorca,0,0,A,1,-1,4,5,1,31,798.0,15.0,40.0,WDDWL,541.0,1.0,95.0,DDWWW,2,2,1,8,3,2,0,11
1038259,2024-04-13 19:00:00+00:00,1713034800,140,2023,Regular Season - 31,724,Cadiz,529,Barcelona,0,1,FT,"Juan Luis Pulido Santana, Spain",Estadio Nuevo Mirandilla,Cádiz,0,1,A,1,-1,4,5,1,31,724.0,18.0,33.0,LDWWL,529.0,2.0,85.0,WWWWL,2,1,2,7,4,0,1,12
1038257,2024-04-14 12:00:00+00:00,1713096000,140,2023,Regular Season - 31,534,Las Palmas,536,Sevilla,0,2,FT,"Alejandro Muniz Ruiz, Spain",Estadio de Gran Canaria,Las Palmas de Gran Canaria,0,1,A,2,-2,4,6,1,31,534.0,16.0,40.0,DDDLL,536.0,14.0,41.0,LLLLW,0,3,2,3,1,0,4,3
1038261,2024-04-14 14:15:00+00:00,1713104100,140,2023,Regular Season - 31,715,Granada CF,542,Alaves,2,0,FT,"Victor Garcia Verdura, Spain",Estadio Nuevo Los Cármenes,Granada,2,0,H,2,2,4,6,1,31,715.0,20.0,21.0,LLLLL,542.0,10.0,46.0,DWLDW,0,0,5,0,2,2,1,8
1038252,2024-04-14 16:30:00+00:00,1713112200,140,2023,Regular Season - 31,531,Athletic Club,533,Villarreal,1,1,FT,"Guillermo Cuadra Fernandez, Spain",San Mamés Barria,Bilbao,0,0,D,2,0,4,6,1,31,531.0,5.0,68.0,WWLDW,533.0,8.0,53.0,DDWWL,3,1,1,10,2,2,1,8
1038258,2024-04-14 19:00:00+00:00,1713121200,140,2023,Regular Season - 31,548,Real Sociedad,723,Almeria,2,2,FT,"Isidro Diaz de Mera Escuderos, Spain",Reale Arena,Donostia-San Sebastián,1,1,D,4,0,4,6,1,31,548.0,6.0,60.0,LWWLW,723.0,19.0,21.0,WDLLW,3,0,2,9,2,1,2,7
1038256,2024-04-15 19:00:00+00:00,1713207600,140,2023,Regular Season - 31,727,Osasuna,532,Valencia,0,1,FT,"José Luis Munuera Montero, Spain",Estadio El Sadar,Iruñea,0,1,A,1,-1,4,0,0,31,727.0,11.0,45.0,DWDDL,532.0,9.0,49.0,DLLDL,1,3,1,6,0,2,3,2
1038263,2024-04-19 19:00:00+00:00,1713553200,140,2023,Regular Season - 32,531,Athletic Club,715,Granada CF,1,1,FT,"Javier Iglesias Villanueva, Spain",San Mamés Barria,Bilbao,1,1,D,2,0,4,4,0,32,531.0,5.0,68.0,WWLDW,715.0,20.0,21.0,LLLLL,3,1,1,10,0,0,5,0
1038264,2024-04-20 12:00:00+00:00,1713614400,140,2023,Regular Season - 32,538,Celta Vigo,534,Las Palmas,4,1,FT,"Francisco Hernandez Maeso, Spain",Estadio Abanca-Balaídos,Vigo,2,1,H,5,3,4,5,1,32,538.0,13.0,41.0,DWWLW,534.0,16.0,40.0,DDDLL,3,1,1,10,0,3,2,3
1038271,2024-04-20 14:15:00+00:00,1713622500,140,2023,Regular Season - 32,728,Rayo Vallecano,727,Osasuna,2,1,FT,"Mario Melero Lopez, Spain",Estadio de Vallecas,Madrid,0,1,H,3,1,4,5,1,32,728.0,17.0,38.0,LLWDL,727.0,11.0,45.0,DWDDL,1,1,3,4,1,3,1,6
1038268,2024-04-20 16:30:00+00:00,1713630600,140,2023,Regular Season - 32,532,Valencia,543,Real Betis,1,2,FT,"Mateo Busquets Ferrer, Spain",Estadio de Mestalla,Valencia,0,1,A,3,-1,4,5,1,32,532.0,9.0,49.0,DLLDL,543.0,7.0,57.0,DLDWW,0,2,3,2,2,2,1,8
1038269,2024-04-20 19:00:00+00:00,1713639600,140,2023,Regular Season - 32,547,Girona,724,Cadiz,4,1,FT,"Javier Alberola Rojas, Spain",Estadi Municipal de Montilivi,Girona,2,0,H,5,3,4,5,1,32,547.0,3.0,81.0,WWLDW,724.0,18.0,33.0,LDWWL,3,1,1,10,2,1,2,7
1038265,2024-04-21 12:00:00+00:00,1713700800,140,2023,Regular Season - 32,546,Getafe,548,Real Sociedad,1,1,FT,"Victor Garcia Verdura, Spain",Estadio Coliseum,Getafe,1,1,D,2,0,4,6,1,32,546.0,12.0,43.0,LLLLL,548.0,6.0,60.0,LWWLW,0,0,5,0,3,0,2,9
1038262,2024-04-21 14:15:00+00:00,1713708900,140,2023,Regular Season - 32,723,Almeria,533,Villarreal,1,2,FT,"Miguel Angel Ortiz Arias, Spain",Power Horse Stadium,Almería,1,1,A,3,-1,4,6,1,32,723.0,19.0,21.0,WDLLW,533.0,8.0,53.0,DDWWL,2,1,2,7,2,2,1,8
1038266,2024-04-21 16:30:00+00:00,1713717000,140,2023,Regular Season - 32,542,Alaves,530,Atletico Madrid,2,0,FT,"Jesus Gil Manzano, Spain",Estadio de Mendizorroza,Vitoria-Gasteiz,1,0,H,2,2,4,6,1,32,542.0,10.0,46.0,DWLDW,530.0,4.0,76.0,WLWWW,2,2,1,8,4,0,1,12
1038267,2024-04-21 19:00:00+00:00,1713726000,140,2023,Regular Season - 32,541,Real Madrid,529,Barcelona,3,2,FT,"Cesar Soto Grado, Spain",Estadio Santiago Bernabéu,Madrid,1,1,H,5,1,4,6,1,32,541.0,1.0,95.0,DDWWW,529.0,2.0,85.0,WWWWL,3,2,0,11,4,0,1,12
1038270,2024-04-22 19:00:00+00:00,1713812400,140,2023,Regular Season - 32,536,Sevilla,798,Mallorca,2,1,FT,"Alejandro Hernandez, Spain",Estadio Ramón Sánchez Pizjuán,Sevilla,0,0,H,3,1,4,0,0,32,536.0,14.0,41.0,LLLLW,798.0,15.0,40.0,WDDWL,1,0,4,3,2,2,1,8
1038281,2024-04-26 19:00:00+00:00,1714158000,140,2023,Regular Season - 33,548,Real Sociedad,541,Real Madrid,0,1,FT,"José Luis Munuera Montero, Spain",Reale Arena,Donostia-San Sebastián,0,1,A,1,-1,4,4,0,33,548.0,6.0,60.0,LWWLW,541.0,1.0,95.0,DDWWW,3,0,2,9,3,2,0,11
1038279,2024-04-27 12:00:00+00:00,1714219200,140,2023,Regular Season - 33,534,Las Palmas,547,Girona,0,2,FT,"Jorge Figueroa Vazquez, Spain",Estadio de Gran Canaria,Las Palmas de Gran Canaria,0,1,A,2,-2,4,5,1,33,534.0,16.0,40.0,DDDLL,547.0,3.0,81.0,WWLDW,0,3,2,3,3,1,1,10
1038272,2024-04-27 14:15:00+00:00,1714227300,140,2023,Regular Season - 33,723,Almeria,546,Getafe,1,3,FT,"Guillermo Cuadra Fernandez, Spain",Power Horse Stadium,Almería,1,1,A,4,-2,4,5,1,33,723.0,19.0,21.0,WDLLW,546.0,12.0,43.0,LLLLL,2,1,2,7,0,0,5,0
1038277,2024-04-27 16:30:00+00:00,1714235400,140,2023,Regular Season - 33,542,Alaves,538,Celta Vigo,3,0,FT,"Juan Luis Pulido Santana, Spain",Estadio de Mendizorroza,Vitoria-Gasteiz,0,0,H,3,3,4,5,1,33,542.0,10.0,46.0,DWLDW,538.0,13.0,41.0,DWWLW,2,2,1,8,3,1,1,10
1038278,2024-04-27 19:00:00+00:00,1714244400,140,2023,Regular Season - 33,530,Atletico Madrid,531,Athletic Club,3,1,FT,"Juan Martinez Munuera, Spain",Estádio Cívitas Metropolitano,Madrid,1,1,H,4,2,4,5,1,33,530.0,4.0,76.0,WLWWW,531.0,5.0,68.0,WWLDW,4,0,1,12,3,1,1,10
1038275,2024-04-28 12:00:00+00:00,1714305600,140,2023,Regular Season - 33,724,Cadiz,798,Mallorca,1,1,FT,"Isidro Diaz de Mera Escuderos, Spain",Estadio Nuevo Mirandilla,Cádiz,0,1,D,2,0,4,6,1,33,724.0,18.0,33.0,LDWWL,798.0,15.0,40.0,WDDWL,2,1,2,7,2,2,1,8
1038276,2024-04-28 14:15:00+00:00,1714313700,140,2023,Regular Season - 33,715,Granada CF,727,Osasuna,3,0,FT,"Alejandro Muniz Ruiz, Spain",Estadio Nuevo Los Cármenes,Granada,1,0,H,3,3,4,6,1,33,715.0,20.0,21.0,LLLLL,727.0,11.0,45.0,DWDDL,0,0,5,0,1,3,1,6
1038280,2024-04-28 16:30:00+00:00,1714321800,140,2023,Regular Season - 33,533,Villarreal,728,Rayo Vallecano,3,0,FT,"Pablo González Fuertes, Spain",Estadio de la Cerámica,Villarreal,1,0,H,3,3,4,6,1,33,533.0,8.0,53.0,DDWWL,728.0,17.0,38.0,LLWDL,2,2,1,8,1,1,3,4
1038274,2024-04-28 19:00:00+00:00,1714330800,140,2023,Regular Season - 33,543,Real Betis,536,Sevilla,1,1,FT,"Jose Maria Sanchez Martinez, Spain",Estadio Benito Villamarín,Sevilla,1,0,D,2,0,4,6,1,33,543.0,7.0,57.0,DLDWW,536.0,14.0,41.0,LLLLW,2,2,1,8,1,0,4,3
1038273,2024-04-29 19:00:00+00:00,1714417200,140,2023,Regular Season - 33,529,Barcelona,532,Valencia,4,2,FT,"Ricardo De Burgos Bengoetxea, Spain",Estadi Olímpic Lluís Companys,Barcelona,1,2,H,6,2,4,0,0,33,529.0,2.0,85.0,WWWWL,532.0,9.0,49.0,DLLDL,4,0,1,12,0,2,3,2
1038284,2024-05-03 19:00:00+00:00,1714762800,140,2023,Regular Season - 34,546,Getafe,531,Athletic Club,0,2,FT,"Jesus Gil Manzano, Spain",Estadio Coliseum,Getafe,0,1,A,2,-2,5,4,0,34,546.0,12.0,43.0,LLLLL,531.0,5.0,68.0,WWLDW,0,0,5,0,3,1,1,10
1038290,2024-05-04 12:00:00+00:00,1714824000,140,2023,Regular Season - 34,548,Real Sociedad,534,Las Palmas,2,0,FT,"Miguel Angel Ortiz Arias, Spain",Reale Arena,Donostia-San Sebastián,2,0,H,2,2,5,5,1,34,548.0,6.0,60.0,LWWLW,534.0,16.0,40.0,DDDLL,3,0,2,9,0,3,2,3
1038288,2024-05-04 14:15:00+00:00,1714832100,140,2023,Regular Season - 34,541,Real Madrid,724,Cadiz,3,0,FT,"Javier Iglesias Villanueva, Spain",Estadio Santiago Bernabéu,Madrid,0,0,H,3,3,5,5,1,34,541.0,1.0,95.0,DDWWW,724.0,18.0,33.0,LDWWL,3,2,0,11,2,1,2,7
1038286,2024-05-04 16:30:00+00:00,1714840200,140,2023,Regular Season - 34,547,Girona,529,Barcelona,4,2,FT,"Alejandro Hernandez, Spain",Estadi Municipal de Montilivi,Girona,1,2,H,6,2,5,5,1,34,547.0,3.0,81.0,WWLDW,529.0,2.0,85.0,WWWWL,3,1,1,10,4,0,1,12
1038285,2024-05-04 19:00:00+00:00,1714849200,140,2023,Regular Season - 34,798,Mallorca,530,Atletico Madrid,0,1,FT,"Javier Alberola Rojas, Spain",Estadi Mallorca Son Moix,Palma de Mallorca,0,1,A,1,-1,5,5,1,34,798.0,15.0,40.0,WDDWL,530.0,4.0,76.0,WLWWW,2,2,1,8,4,0,1,12
1038287,2024-05-05 12:00:00+00:00,1714910400,140,2023,Regular Season - 34,727,Osasuna,543,Real Betis,0,2,FT,"Victor Garcia Verdura, Spain",Estadio El Sadar,Iruñea,0,2,A,2,-2,5,6,1,34,727.0,11.0,45.0,DWDDL,543.0,7.0,57.0,DLDWW,1,3,1,6,2,2,1,8
1038282,2024-05-05 14:15:00+00:00,1714918500,140,2023,Regular Season - 34,538,Celta Vigo,533,Villarreal,3,2,FT,"Cesar Soto Grado, Spain",Estadio Abanca-Balaídos,Vigo,2,1,H,5,1,5,6,1,34,538.0,13.0,41.0,DWWLW,533.0,8.0,53.0,DDWWL,3,1,1,10,2,2,1,8
1038291,2024-05-05 16:30:00+00:00,1714926600,140,2023,Regular Season - 34,532,Valencia,542,Alaves,0,1,FT,"Mario Melero Lopez, Spain",Estadio de Mestalla,Valencia,0,0,A,1,-1,5,6,1,34,532.0,9.0,49.0,DLLDL,542.0,10.0,46.0,DWLDW,0,2,3,2,2,2,1,8
1038289,2024-05-05 19:00:00+00:00,1714935600,140,2023,Regular Season - 34,536,Sevilla,715,Granada CF,3,0,FT,"Mateo Busquets Ferrer, Spain",Estadio Ramón Sánchez Pizjuán,Sevilla,1,0,H,3,3,5,6,1,34,536.0,14.0,41.0,LLLLW,715.0,20.0,21.0,LLLLL,1,0,4,3,0,0,5,0
1038283,2024-05-05 19:00:00+00:00,1714935600,140,2023,Regular Season - 34,728,Rayo Vallecano,723,Almeria,0,1,FT,"Francisco Hernandez Maeso, Spain",Estadio de Vallecas,Madrid,0,1,A,1,-1,5,6,1,34,728.0,17.0,38.0,LLWDL,723.0,19.0,21.0,WDLLW,1,1,3,4,2,1,2,7
1038297,2024-05-10 19:00:00+00:00,1715367600,140,2023,Regular Season - 35,542,Alaves,547,Girona,2,2,FT,"José Luis Munuera Montero, Spain",Estadio de Mendizorroza,Vitoria-Gasteiz,1,2,D,4,0,5,4,0,35,542.0,10.0,46.0,DWLDW,547.0,3.0,81.0,WWLDW,2,2,1,8,3,1,1,10
1038301,2024-05-11 12:00:00+00:00,1715428800,140,2023,Regular Season - 35,798,Mallorca,534,Las Palmas,1,0,FT,"Juan Martinez Munuera, Spain",Estadi Mallorca Son Moix,Palma de Mallorca,1,0,H,1,1,5,5,1,35,798.0,15.0,40.0,WDDWL,534.0,16.0,40.0,DDDLL,2,2,1,8,0,3,2,3
1038300,2024-05-11 14:15:00+00:00,1715436900,140,2023,Regular Season - 35,533,Villarreal,536,Sevilla,3,2,FT,"Isidro Diaz de Mera Escuderos, Spain",Estadio de la Cerámica,Villarreal,1,2,H,5,1,5,5,1,35,533.0,8.0,53.0,DDWWL,536.0,14.0,41.0,LLLLW,2,2,1,8,1,0,4,3
1038296,2024-05-11 16:30:00+00:00,1715445000,140,2023,Regular Season - 35,715,Granada CF,541,Real Madrid,0,4,FT,"Pablo González Fuertes, Spain",Estadio Nuevo Los Cármenes,Granada,0,2,A,4,-4,5,5,1,35,715.0,20.0,21.0,LLLLL,541.0,1.0,95.0,DDWWW,0,0,5,0,3,2,0,11
1038292,2024-05-11 19:00:00+00:00,1715454000,140,2023,Regular Season - 35,531,Athletic Club,727,Osasuna,2,2,FT,"Jose Maria Sanchez Martinez, Spain",San Mamés Barria,Bilbao,0,1,D,4,0,5,5,1,35,531.0,5.0,68.0,WWLDW,727.0,11.0,45.0,DWDDL,3,1,1,10,1,3,1,6
1038295,2024-05-12 12:00:00+00:00,1715515200,140,2023,Regular Season - 35,724,Cadiz,546,Getafe,1,0,FT,"Ricardo De Burgos Bengoetxea, Spain",Estadio Nuevo Mirandilla,Cádiz,1,0,H,1,1,5,6,1,35,724.0,18.0,33.0,LDWWL,546.0,12.0,43.0,LLLLL,2,1,2,7,0,0,5,0
1038293,2024-05-12 14:15:00+00:00,1715523300,140,2023,Regular Season - 35,530,Atletico Madrid,538,Celta Vigo,1,0,FT,"Jorge Figueroa Vazquez, Spain",Estádio Cívitas Metropolitano,Madrid,0,0,H,1,1,5,6,1,35,530.0,4.0,76.0,WLWWW,538.0,13.0,41.0,DWWLW,4,0,1,12,3,1,1,10
1038299,2024-05-12 16:30:00+00:00,1715531400,140,2023,Regular Season - 35,532,Valencia,728,Rayo Vallecano,0,0,FT,"Juan Luis Pulido Santana, Spain",Estadio de Mestalla,Valencia,0,0,D,0,0,5,6,1,35,532.0,9.0,49.0,DLLDL,728.0,17.0,38.0,LLWDL,0,2,3,2,1,1,3,4
1038298,2024-05-12 19:00:00+00:00,1715540400,140,2023,Regular Season - 35,543,Real Betis,723,Almeria,3,2,FT,"Alejandro Muniz Ruiz, Spain",Estadio Benito Villamarín,Sevilla,2,1,H,5,1,5,6,1,35,543.0,7.0,57.0,DLDWW,723.0,19.0,21.0,WDLLW,2,2,1,8,2,1,2,7
1038294,2024-05-13 19:00:00+00:00,1715626800,140,2023,Regular Season - 35,529,Barcelona,548,Real Sociedad,2,0,FT,"Guillermo Cuadra Fernandez, Spain",Estadi Olímpic Lluís Companys,Barcelona,1,0,H,2,2,5,0,0,35,529.0,2.0,85.0,WWWWL,548.0,6.0,60.0,LWWLW,4,0,1,12,3,0,2,9
1038309,2024-05-14 17:30:00+00:00,1715707800,140,2023,Regular Season - 36,727,Osasuna,798,Mallorca,1,1,FT,"Francisco Hernandez Maeso, Spain",Estadio El Sadar,Iruñea,1,0,D,2,0,5,1,0,36,727.0,11.0,45.0,DWDDL,798.0,15.0,40.0,WDDWL,1,3,1,6,2,2,1,8
1038311,2024-05-14 19:30:00+00:00,1715715000,140,2023,Regular Season - 36,541,Real Madrid,542,Alaves,5,0,FT,"Mateo Busquets Ferrer, Spain",Estadio Santiago Bernabéu,Madrid,3,0,H,5,5,5,1,0,36,541.0,1.0,95.0,DDWWW,542.0,10.0,46.0,DWLDW,3,2,0,11,2,2,1,8
1038303,2024-05-14 20:00:00+00:00,1715716800,140,2023,Regular Season - 36,547,Girona,533,Villarreal,0,1,FT,"Jose Maria Sanchez Martinez, Spain",Estadi Municipal de Montilivi,Girona,0,0,A,1,-1,5,1,0,36,547.0,3.0,81.0,WWLDW,533.0,8.0,53.0,DDWWL,3,1,1,10,2,2,1,8
1038308,2024-05-15 17:30:00+00:00,1715794200,140,2023,Regular Season - 36,536,Sevilla,724,Cadiz,0,1,FT,"Miguel Angel Ortiz Arias, Spain",Estadio Ramón Sánchez Pizjuán,Sevilla,0,0,A,1,-1,5,2,0,36,536.0,14.0,41.0,LLLLW,724.0,18.0,33.0,LDWWL,1,0,4,3,2,1,2,7
1038310,2024-05-15 17:30:00+00:00,1715794200,140,2023,Regular Season - 36,728,Rayo Vallecano,715,Granada CF,2,1,FT,"Isidro Diaz de Mera Escuderos, Spain",Estadio de Vallecas,Madrid,1,0,H,3,1,5,2,0,36,728.0,17.0,38.0,LLWDL,715.0,20.0,21.0,LLLLL,1,1,3,4,0,0,5,0
1038306,2024-05-15 20:00:00+00:00,1715803200,140,2023,Regular Season - 36,546,Getafe,530,Atletico Madrid,0,3,FT,"Mario Melero Lopez, Spain",Estadio Coliseum,Getafe,0,2,A,3,-3,5,2,0,36,546.0,12.0,43.0,LLLLL,530.0,4.0,76.0,WLWWW,0,0,5,0,4,0,1,12
1038305,2024-05-15 20:00:00+00:00,1715803200,140,2023,Regular Season - 36,538,Celta Vigo,531,Athletic Club,2,1,FT,"Victor Garcia Verdura, Spain",Estadio Abanca-Balaídos,Vigo,0,1,H,3,1,5,2,0,36,538.0,13.0,41.0,DWWLW,531.0,5.0,68.0,WWLDW,3,1,1,10,3,1,1,10
1038307,2024-05-16 17:30:00+00:00,1715880600,140,2023,Regular Season - 36,534,Las Palmas,543,Real Betis,2,2,FT,"Javier Iglesias Villanueva, Spain",Estadio de Gran Canaria,Las Palmas de Gran Canaria,1,1,D,4,0,5,3,0,36,534.0,16.0,40.0,DDDLL,543.0,7.0,57.0,DLDWW,0,3,2,3,2,2,1,8
1038302,2024-05-16 19:30:00+00:00,1715887800,140,2023,Regular Season - 36,723,Almeria,529,Barcelona,0,2,FT,"Javier Alberola Rojas, Spain",Power Horse Stadium,Almería,0,1,A,2,-2,5,3,0,36,723.0,19.0,21.0,WDLLW,529.0,2.0,85.0,WWWWL,2,1,2,7,4,0,1,12
1038304,2024-05-16 20:00:00+00:00,1715889600,140,2023,Regular Season - 36,548,Real Sociedad,532,Valencia,1,0,FT,"Cesar Soto Grado, Spain",Reale Arena,Donostia-San Sebastián,1,0,H,1,1,5,3,0,36,548.0,6.0,60.0,LWWLW,532.0,9.0,49.0,DLLDL,3,0,2,9,0,2,3,2
1038317,2024-05-18 19:00:00+00:00,1716058800,140,2023,Regular Season - 37,542,Alaves,546,Getafe,1,0,FT,"Jorge Figueroa Vazquez, Spain",Estadio de Mendizorroza,Vitoria-Gasteiz,1,0,H,1,1,5,5,1,37,542.0,10.0,46.0,DWLDW,546.0,12.0,43.0,LLLLL,2,2,1,8,0,0,5,0
1038319,2024-05-19 17:00:00+00:00,1716138000,140,2023,Regular Season - 37,715,Granada CF,538,Celta Vigo,1,2,FT,"Javier Alberola Rojas, Spain",Estadio Nuevo Los Cármenes,Granada,0,0,A,3,-1,5,6,1,37,715.0,20.0,21.0,LLLLL,538.0,13.0,41.0,DWWLW,0,0,5,0,3,1,1,10
1038318,2024-05-19 17:00:00+00:00,1716138000,140,2023,Regular Season - 37,798,Mallorca,723,Almeria,2,2,FT,"Ricardo De Burgos Bengoetxea, Spain",Estadi Mallorca Son Moix,Palma de Mallorca,1,1,D,4,0,5,6,1,37,798.0,15.0,40.0,WDDWL,723.0,19.0,21.0,WDLLW,2,2,1,8,2,1,2,7
1038316,2024-05-19 17:00:00+00:00,1716138000,140,2023,Regular Season - 37,724,Cadiz,534,Las Palmas,0,0,FT,"Cesar Soto Grado, Spain",Estadio Nuevo Mirandilla,Cádiz,0,0,D,0,0,5,6,1,37,724.0,18.0,33.0,LDWWL,534.0,16.0,40.0,DDDLL,2,1,2,7,0,3,2,3
1038321,2024-05-19 17:00:00+00:00,1716138000,140,2023,Regular Season - 37,533,Villarreal,541,Real Madrid,4,4,FT,"Alejandro Hernandez, Spain",Estadio de la Cerámica,Villarreal,1,4,D,8,0,5,6,1,37,533.0,8.0,53.0,DDWWL,541.0,1.0,95.0,DDWWW,2,2,1,8,3,2,0,11
1038315,2024-05-19 17:00:00+00:00,1716138000,140,2023,Regular Season - 37,543,Real Betis,548,Real Sociedad,0,2,FT,"Miguel Martinez Munuera, Spain",Estadio Benito Villamarín,Sevilla,0,2,A,2,-2,5,6,1,37,543.0,7.0,57.0,DLDWW,548.0,6.0,60.0,LWWLW,2,2,1,8,3,0,2,9
1038312,2024-05-19 17:00:00+00:00,1716138000,140,2023,Regular Season - 37,531,Athletic Club,536,Sevilla,2,0,FT,"Juan Luis Pulido Santana, Spain",San Mamés Barria,Bilbao,2,0,H,2,2,5,6,1,37,531.0,5.0,68.0,WWLDW,536.0,14.0,41.0,LLLLW,3,1,1,10,1,0,4,3
1038313,2024-05-19 17:00:00+00:00,1716138000,140,2023,Regular Season - 37,530,Atletico Madrid,727,Osasuna,1,4,FT,"Pablo González Fuertes, Spain",Estádio Cívitas Metropolitano,Madrid,0,1,A,5,-3,5,6,1,37,530.0,4.0,76.0,WLWWW,727.0,11.0,45.0,DWDDL,4,0,1,12,1,3,1,6
1038314,2024-05-19 17:00:00+00:00,1716138000,140,2023,Regular Season - 37,529,Barcelona,728,Rayo Vallecano,3,0,FT,"Jesus Gil Manzano, Spain",Estadi Olímpic Lluís Companys,Barcelona,1,0,H,3,3,5,6,1,37,529.0,2.0,85.0,WWWWL,728.0,17.0,38.0,LLWDL,4,0,1,12,1,1,3,4
1038320,2024-05-19 17:00:00+00:00,1716138000,140,2023,Regular Season - 37,532,Valencia,547,Girona,1,3,FT,"Guillermo Cuadra Fernandez, Spain",Estadio de Mestalla,Valencia,0,1,A,4,-2,5,6,1,37,532.0,9.0,49.0,DLLDL,547.0,3.0,81.0,WWLDW,0,2,3,2,3,1,1,10
1038325,2024-05-24 19:00:00+00:00,1716577200,140,2023,Regular Season - 38,547,Girona,715,Granada CF,7,0,FT,"Alejandro Muniz Ruiz, Spain",Estadi Municipal de Montilivi,Girona,3,0,H,7,7,5,4,0,38,547.0,3.0,81.0,WWLDW,715.0,20.0,21.0,LLLLL,3,1,1,10,0,0,5,0
1038326,2024-05-25 12:00:00+00:00,1716638400,140,2023,Regular Season - 38,727,Osasuna,533,Villarreal,1,1,FT,"Mario Melero Lopez, Spain",Estadio El Sadar,Iruñea,1,0,D,2,0,5,5,1,38,727.0,11.0,45.0,DWDDL,533.0,8.0,53.0,DDWWL,1,3,1,6,2,2,1,8
1038328,2024-05-25 14:15:00+00:00,1716646500,140,2023,Regular Season - 38,548,Real Sociedad,530,Atletico Madrid,0,2,FT,"Jose Maria Sanchez Martinez, Spain",Reale Arena,Donostia-San Sebastián,0,1,A,2,-2,5,5,1,38,548.0,6.0,60.0,LWWLW,530.0,4.0,76.0,WLWWW,3,0,2,9,4,0,1,12
1038322,2024-05-25 16:30:00+00:00,1716654600,140,2023,Regular Season - 38,723,Almeria,724,Cadiz,6,1,FT,"Mateo Busquets Ferrer, Spain",Power Horse Stadium,Almería,0,1,H,7,5,5,5,1,38,723.0,19.0,21.0,WDLLW,724.0,18.0,33.0,LDWWL,2,1,2,7,2,1,2,7
1038327,2024-05-25 16:30:00+00:00,1716654600,140,2023,Regular Season - 38,728,Rayo Vallecano,531,Athletic Club,0,1,FT,"José Luis Munuera Montero, Spain",Estadio de Vallecas,Madrid,0,0,A,1,-1,5,5,1,38,728.0,17.0,38.0,LLWDL,531.0,5.0,68.0,WWLDW,1,1,3,4,3,1,1,10
1038330,2024-05-25 19:00:00+00:00,1716663600,140,2023,Regular Season - 38,541,Real Madrid,543,Real Betis,0,0,FT,"Isidro Diaz de Mera Escuderos, Spain",Estadio Santiago Bernabéu,Madrid,0,0,D,0,0,5,5,1,38,541.0,1.0,95.0,DDWWW,543.0,7.0,57.0,DLDWW,3,2,0,11,2,2,1,8
1038324,2024-05-26 12:00:00+00:00,1716724800,140,2023,Regular Season - 38,546,Getafe,798,Mallorca,1,2,FT,"Victor Garcia Verdura, Spain",Estadio Coliseum,Getafe,0,0,A,3,-1,5,6,1,38,546.0,12.0,43.0,LLLLL,798.0,15.0,40.0,WDDWL,0,0,5,0,2,2,1,8
1038323,2024-05-26 14:15:00+00:00,1716732900,140,2023,Regular Season - 38,538,Celta Vigo,532,Valencia,2,2,FT,"Miguel Angel Ortiz Arias, Spain",Abanca-Balaídos,Vigo,0,1,D,4,0,5,6,1,38,538.0,13.0,41.0,DWWLW,532.0,9.0,49.0,DLLDL,3,1,1,10,0,2,3,2
1038331,2024-05-26 14:15:00+00:00,1716732900,140,2023,Regular Season - 38,534,Las Palmas,542,Alaves,1,1,FT,"Francisco Hernandez Maeso, Spain",Estadio de Gran Canaria,Las Palmas de Gran Canaria,0,0,D,2,0,5,6,1,38,534.0,16.0,40.0,DDDLL,542.0,10.0,46.0,DWLDW,0,3,2,3,2,2,1,8
1038329,2024-05-26 19:00:00+00:00,1716750000,140,2023,Regular Season - 38,536,Sevilla,529,Barcelona,1,2,FT,"Javier Iglesias Villanueva, Spain",Estadio Ramón Sánchez Pizjuán,Sevilla,1,1,A,3,-1,5,6,1,38,536.0,14.0,41.0,LLLLW,529.0,2.0,85.0,WWWWL,1,0,4,3,4,0,1,12
871164,2022-08-05 18:30:00+00:00,1659724200,78,2022,Regular Season - 1,169,Eintracht Frankfurt,157,Bayern Munich,1,6,FT,D. Aytekin,Deutsche Bank Park,Frankfurt am Main,0,5,A,7,-5,8,4,0,1,169.0,7.0,50.0,WDWLD,157.0,1.0,71.0,WLWWW,2,2,1,8,4,0,1,12
871169,2022-08-06 13:30:00+00:00,1659792600,78,2022,Regular Season - 1,161,VfL Wolfsburg,162,Werder Bremen,2,2,FT,S. Stegemann,VOLKSWAGEN ARENA,Wolfsburg,1,2,D,4,0,8,5,1,1,161.0,8.0,49.0,LLWLW,162.0,13.0,36.0,LDLLL,2,0,3,6,0,1,4,1
871168,2022-08-06 13:30:00+00:00,1659792600,78,2022,Regular Season - 1,163,Borussia Monchengladbach,167,1899 Hoffenheim,3,1,FT,D. Siebert,Stadion im BORUSSIA-PARK,Mönchengladbach,1,1,H,4,2,8,5,1,1,163.0,10.0,43.0,WDLWL,167.0,12.0,36.0,DWLWL,2,1,2,7,2,1,2,7
871171,2022-08-06 13:30:00+00:00,1659792600,78,2022,Regular Season - 1,170,FC Augsburg,160,SC Freiburg,0,4,FT,B. Dankert,WWK Arena,Augsburg,0,0,A,4,-4,8,5,1,1,170.0,15.0,34.0,LLLWD,160.0,5.0,59.0,LWLLW,1,1,3,4,2,0,3,6
871170,2022-08-06 13:30:00+00:00,1659792600,78,2022,Regular Season - 1,176,Vfl Bochum,164,FSV Mainz 05,1,2,FT,F. Zwayer,Vonovia Ruhrstadion,Bochum,1,1,A,3,-1,8,5,1,1,176.0,14.0,35.0,WDWLD,164.0,9.0,46.0,DLLLL,2,2,1,8,0,1,4,1
871166,2022-08-06 13:30:00+00:00,1659792600,78,2022,Regular Season - 1,182,Union Berlin,159,Hertha Berlin,3,1,FT,M. Fritz,Stadion An der Alten Försterei,Berlin,1,0,H,4,2,8,5,1,1,182.0,4.0,62.0,WLWLD,159.0,18.0,29.0,WDLWL,2,1,2,7,2,1,2,7
871165,2022-08-06 16:30:00+00:00,1659803400,78,2022,Regular Season - 1,165,Borussia Dortmund,168,Bayer Leverkusen,1,0,FT,F. Brych,SIGNAL IDUNA PARK,Dortmund,1,0,H,1,1,8,5,1,1,165.0,2.0,71.0,DWWWD,168.0,6.0,50.0,LDDLD,3,2,0,11,0,3,2,3
871172,2022-08-07 13:30:00+00:00,1659879000,78,2022,Regular Season - 1,172,VfB Stuttgart,173,RB Leipzig,1,1,FT,T. Stieler,Mercedes-Benz-Arena,Stuttgart,1,1,D,2,0,8,6,1,1,172.0,16.0,33.0,DWDLW,173.0,3.0,66.0,WWWWW,2,2,1,8,5,0,0,15
871167,2022-08-07 15:30:00+00:00,1659886200,78,2022,Regular Season - 1,192,1. FC Köln,174,FC Schalke 04,3,1,FT,R. Schröder,RheinEnergieStadion,Köln,0,0,H,4,2,8,6,1,1,192.0,11.0,42.0,LDWWL,174.0,17.0,31.0,LDLWW,2,1,2,7,2,1,2,7
871176,2022-08-12 18:30:00+00:00,1660329000,78,2022,Regular Season - 2,160,SC Freiburg,165,Borussia Dortmund,1,3,FT,T. Welz,Europa-Park Stadion,Freiburg im Breisgau,1,0,A,4,-2,8,4,0,2,160.0,5.0,59.0,LWLLW,165.0,2.0,71.0,DWWWD,2,0,3,6,3,2,0,11
871179,2022-08-13 13:30:00+00:00,1660397400,78,2022,Regular Season - 2,159,Hertha Berlin,169,Eintracht Frankfurt,1,1,FT,F. Willenborg,Olympiastadion Berlin,Berlin,1,0,D,2,0,8,5,1,2,159.0,18.0,29.0,WDLWL,169.0,7.0,50.0,WDWLD,2,1,2,7,2,2,1,8
871181,2022-08-13 13:30:00+00:00,1660397400,78,2022,Regular Season - 2,162,Werder Bremen,172,VfB Stuttgart,2,2,FT,R. Hartmann,wohninvest WESERSTADION,Bremen,1,1,D,4,0,8,5,1,2,162.0,13.0,36.0,LDLLL,172.0,16.0,33.0,DWDLW,0,1,4,1,2,2,1,8
871178,2022-08-13 13:30:00+00:00,1660397400,78,2022,Regular Season - 2,167,1899 Hoffenheim,176,Vfl Bochum,3,2,FT,P. Ittrich,PreZero Arena,Sinsheim,2,2,H,5,1,8,5,1,2,167.0,12.0,36.0,DWLWL,176.0,14.0,35.0,WDWLD,2,1,2,7,2,2,1,8
871174,2022-08-13 13:30:00+00:00,1660397400,78,2022,Regular Season - 2,168,Bayer Leverkusen,170,FC Augsburg,1,2,FT,B. Cortus,BayArena,Leverkusen,1,1,A,3,-1,8,5,1,2,168.0,6.0,50.0,LDDLD,170.0,15.0,34.0,LLLWD,0,3,2,3,1,1,3,4
871175,2022-08-13 13:30:00+00:00,1660397400,78,2022,Regular Season - 2,173,RB Leipzig,192,1. FC Köln,2,2,FT,B. Brand,Red Bull Arena,Leipzig,1,1,D,4,0,8,5,1,2,173.0,3.0,66.0,WWWWW,192.0,11.0,42.0,LDWWL,5,0,0,15,2,1,2,7
871180,2022-08-13 16:30:00+00:00,1660408200,78,2022,Regular Season - 2,174,FC Schalke 04,163,Borussia Monchengladbach,2,2,FT,S. Jablonski,VELTINS-Arena,Gelsenkirchen,1,0,D,4,0,8,5,1,2,174.0,17.0,31.0,LDLWW,163.0,10.0,43.0,WDLWL,2,1,2,7,2,1,2,7
871177,2022-08-14 13:30:00+00:00,1660483800,78,2022,Regular Season - 2,164,FSV Mainz 05,182,Union Berlin,0,0,FT,D. Schlager,MEWA ARENA,Mainz,0,0,D,0,0,8,6,1,2,164.0,9.0,46.0,DLLLL,182.0,4.0,62.0,WLWLD,0,1,4,1,2,1,2,7
871173,2022-08-14 15:30:00+00:00,1660491000,78,2022,Regular Season - 2,157,Bayern Munich,161,VfL Wolfsburg,2,0,FT,H. Osmers,Allianz Arena,München,2,0,H,2,2,8,6,1,2,157.0,1.0,71.0,WLWWW,161.0,8.0,49.0,LLWLW,4,0,1,12,2,0,3,6
871185,2022-08-19 18:30:00+00:00,1660933800,78,2022,Regular Season - 3,163,Borussia Monchengladbach,159,Hertha Berlin,1,0,FT,M. Jöllenbeck,Stadion im BORUSSIA-PARK,Mönchengladbach,1,0,H,1,1,8,4,0,3,163.0,10.0,43.0,WDLWL,159.0,18.0,29.0,WDLWL,2,1,2,7,2,1,2,7
871187,2022-08-20 13:30:00+00:00,1661002200,78,2022,Regular Season - 3,161,VfL Wolfsburg,174,FC Schalke 04,0,0,FT,F. Zwayer,VOLKSWAGEN ARENA,Wolfsburg,0,0,D,0,0,8,5,1,3,161.0,8.0,49.0,LLWLW,174.0,17.0,31.0,LDLWW,2,0,3,6,2,1,2,7
871182,2022-08-20 13:30:00+00:00,1661002200,78,2022,Regular Season - 3,165,Borussia Dortmund,162,Werder Bremen,2,3,FT,F. Badstübner,SIGNAL IDUNA PARK,Dortmund,1,0,A,5,-1,8,5,1,3,165.0,2.0,71.0,DWWWD,162.0,13.0,36.0,LDLLL,3,2,0,11,0,1,4,1
871183,2022-08-20 13:30:00+00:00,1661002200,78,2022,Regular Season - 3,168,Bayer Leverkusen,167,1899 Hoffenheim,0,3,FT,T. Reichel,BayArena,Leverkusen,0,2,A,3,-3,8,5,1,3,168.0,6.0,50.0,LDDLD,167.0,12.0,36.0,DWLWL,0,3,2,3,2,1,2,7
871189,2022-08-20 13:30:00+00:00,1661002200,78,2022,Regular Season - 3,170,FC Augsburg,164,FSV Mainz 05,1,2,FT,S. Stegemann,WWK Arena,Augsburg,1,1,A,3,-1,8,5,1,3,170.0,15.0,34.0,LLLWD,164.0,9.0,46.0,DLLLL,1,1,3,4,0,1,4,1
871190,2022-08-20 13:30:00+00:00,1661002200,78,2022,Regular Season - 3,172,VfB Stuttgart,160,SC Freiburg,0,1,FT,F. Brych,Mercedes-Benz-Arena,Stuttgart,0,1,A,1,-1,8,5,1,3,172.0,16.0,33.0,DWDLW,160.0,5.0,59.0,LWLLW,2,2,1,8,2,0,3,6
871184,2022-08-20 16:30:00+00:00,1661013000,78,2022,Regular Season - 3,182,Union Berlin,173,RB Leipzig,2,1,FT,D. Aytekin,Stadion An der Alten Försterei,Berlin,2,0,H,3,1,8,5,1,3,182.0,4.0,62.0,WLWLD,173.0,3.0,66.0,WWWWW,2,1,2,7,5,0,0,15
871186,2022-08-21 13:30:00+00:00,1661088600,78,2022,Regular Season - 3,169,Eintracht Frankfurt,192,1. FC Köln,1,1,FT,M. Petersen,Deutsche Bank Park,Frankfurt am Main,0,0,D,2,0,8,6,1,3,169.0,7.0,50.0,WDWLD,192.0,11.0,42.0,LDWWL,2,2,1,8,2,1,2,7
871188,2022-08-21 15:30:00+00:00,1661095800,78,2022,Regular Season - 3,176,Vfl Bochum,157,Bayern Munich,0,7,FT,D. Siebert,Vonovia Ruhrstadion,Bochum,0,4,A,7,-7,8,6,1,3,176.0,14.0,35.0,WDWLD,157.0,1.0,71.0,WLWWW,2,2,1,8,4,0,1,12
871193,2022-08-26 18:30:00+00:00,1661538600,78,2022,Regular Season - 4,160,SC Freiburg,176,Vfl Bochum,1,0,FT,M. Fritz,Europa-Park Stadion,Freiburg im Breisgau,0,0,H,1,1,8,4,0,4,160.0,5.0,59.0,LWLLW,176.0,14.0,35.0,WDWLD,2,0,3,6,2,2,1,8
871197,2022-08-27 13:30:00+00:00,1661607000,78,2022,Regular Season - 4,159,Hertha Berlin,165,Borussia Dortmund,0,1,FT,T. Stieler,Olympiastadion Berlin,Berlin,0,1,A,1,-1,8,5,1,4,159.0,18.0,29.0,WDLWL,165.0,2.0,71.0,DWWWD,2,1,2,7,3,2,0,11
871195,2022-08-27 13:30:00+00:00,1661607000,78,2022,Regular Season - 4,164,FSV Mainz 05,168,Bayer Leverkusen,0,3,FT,C. Dingert,MEWA ARENA,Mainz,0,3,A,3,-3,8,5,1,4,164.0,9.0,46.0,DLLLL,168.0,6.0,50.0,LDDLD,0,1,4,1,0,3,2,3
871196,2022-08-27 13:30:00+00:00,1661607000,78,2022,Regular Season - 4,167,1899 Hoffenheim,170,FC Augsburg,1,0,FT,T. Welz,PreZero Arena,Sinsheim,1,0,H,1,1,8,5,1,4,167.0,12.0,36.0,DWLWL,170.0,15.0,34.0,LLLWD,2,1,2,7,1,1,3,4
871192,2022-08-27 13:30:00+00:00,1661607000,78,2022,Regular Season - 4,173,RB Leipzig,161,VfL Wolfsburg,2,0,FT,B. Dankert,Red Bull Arena,Leipzig,1,0,H,2,2,8,5,1,4,173.0,3.0,66.0,WWWWW,161.0,8.0,49.0,LLWLW,5,0,0,15,2,0,3,6
871198,2022-08-27 13:30:00+00:00,1661607000,78,2022,Regular Season - 4,174,FC Schalke 04,182,Union Berlin,1,6,FT,R. Hartmann,VELTINS-Arena,Gelsenkirchen,1,3,A,7,-5,8,5,1,4,174.0,17.0,31.0,LDLWW,182.0,4.0,62.0,WLWLD,2,1,2,7,2,1,2,7
871191,2022-08-27 16:30:00+00:00,1661617800,78,2022,Regular Season - 4,157,Bayern Munich,163,Borussia Monchengladbach,1,1,FT,D. Schlager,Allianz Arena,München,0,1,D,2,0,8,5,1,4,157.0,1.0,71.0,WLWWW,163.0,10.0,43.0,WDLWL,4,0,1,12,2,1,2,7
871194,2022-08-28 13:30:00+00:00,1661693400,78,2022,Regular Season - 4,192,1. FC Köln,172,VfB Stuttgart,0,0,FT,H. Osmers,RheinEnergieStadion,Köln,0,0,D,0,0,8,6,1,4,192.0,11.0,42.0,LDWWL,172.0,16.0,33.0,DWDLW,2,1,2,7,2,2,1,8
871199,2022-08-28 15:30:00+00:00,1661700600,78,2022,Regular Season - 4,162,Werder Bremen,169,Eintracht Frankfurt,3,4,FT,P. Ittrich,wohninvest WESERSTADION,Bremen,2,3,A,7,-1,8,6,1,4,162.0,13.0,36.0,LDLLL,169.0,7.0,50.0,WDWLD,0,1,4,1,2,2,1,8
871200,2022-09-02 18:30:00+00:00,1662143400,78,2022,Regular Season - 5,165,Borussia Dortmund,167,1899 Hoffenheim,1,0,FT,D. Siebert,SIGNAL IDUNA PARK,Dortmund,1,0,H,1,1,9,4,0,5,165.0,2.0,71.0,DWWWD,167.0,12.0,36.0,DWLWL,3,2,0,11,2,1,2,7
871205,2022-09-03 13:30:00+00:00,1662211800,78,2022,Regular Season - 5,161,VfL Wolfsburg,192,1. FC Köln,2,4,FT,M. Jöllenbeck,VOLKSWAGEN ARENA,Wolfsburg,1,3,A,6,-2,9,5,1,5,161.0,8.0,49.0,LLWLW,192.0,11.0,42.0,LDWWL,2,0,3,6,2,1,2,7
871201,2022-09-03 13:30:00+00:00,1662211800,78,2022,Regular Season - 5,168,Bayer Leverkusen,160,SC Freiburg,2,3,FT,S. Stegemann,BayArena,Leverkusen,1,0,A,5,-1,9,5,1,5,168.0,6.0,50.0,LDDLD,160.0,5.0,59.0,LWLLW,0,3,2,3,2,0,3,6
871208,2022-09-03 13:30:00+00:00,1662211800,78,2022,Regular Season - 5,172,VfB Stuttgart,174,FC Schalke 04,1,1,FT,F. Badstübner,Mercedes-Benz-Arena,Stuttgart,1,1,D,2,0,9,5,1,5,172.0,16.0,33.0,DWDLW,174.0,17.0,31.0,LDLWW,2,2,1,8,2,1,2,7
871206,2022-09-03 13:30:00+00:00,1662211800,78,2022,Regular Season - 5,176,Vfl Bochum,162,Werder Bremen,0,2,FT,R. Schröder,Vonovia Ruhrstadion,Bochum,0,0,A,2,-2,9,5,1,5,176.0,14.0,35.0,WDWLD,162.0,13.0,36.0,LDLLL,2,2,1,8,0,1,4,1
871202,2022-09-03 13:30:00+00:00,1662211800,78,2022,Regular Season - 5,182,Union Berlin,157,Bayern Munich,1,1,FT,F. Willenborg,Stadion An der Alten Försterei,Berlin,1,1,D,2,0,9,5,1,5,182.0,4.0,62.0,WLWLD,157.0,1.0,71.0,WLWWW,2,1,2,7,4,0,1,12
871204,2022-09-03 16:30:00+00:00,1662222600,78,2022,Regular Season - 5,169,Eintracht Frankfurt,173,RB Leipzig,4,0,FT,F. Brych,Deutsche Bank Park,Frankfurt am Main,2,0,H,4,4,9,5,1,5,169.0,7.0,50.0,WDWLD,173.0,3.0,66.0,WWWWW,2,2,1,8,5,0,0,15
871207,2022-09-04 13:30:00+00:00,1662298200,78,2022,Regular Season - 5,170,FC Augsburg,159,Hertha Berlin,0,2,FT,H. Osmers,WWK Arena,Augsburg,0,0,A,2,-2,9,6,1,5,170.0,15.0,34.0,LLLWD,159.0,18.0,29.0,WDLWL,1,1,3,4,2,1,2,7
871203,2022-09-04 15:30:00+00:00,1662305400,78,2022,Regular Season - 5,163,Borussia Monchengladbach,164,FSV Mainz 05,0,1,FT,D. Aytekin,Stadion im BORUSSIA-PARK,Mönchengladbach,0,0,A,1,-1,9,6,1,5,163.0,10.0,43.0,WDLWL,164.0,9.0,46.0,DLLLL,2,1,2,7,0,1,4,1
871217,2022-09-09 18:30:00+00:00,1662748200,78,2022,Regular Season - 6,162,Werder Bremen,170,FC Augsburg,0,1,FT,M. Petersen,wohninvest WESERSTADION,Bremen,0,0,A,1,-1,9,4,0,6,162.0,13.0,36.0,LDLLL,170.0,15.0,34.0,LLLWD,0,1,4,1,1,1,3,4
871210,2022-09-10 13:30:00+00:00,1662816600,78,2022,Regular Season - 6,173,RB Leipzig,165,Borussia Dortmund,3,0,FT,S. Jablonski,Red Bull Arena,Leipzig,2,0,H,3,3,9,5,1,6,173.0,3.0,66.0,WWWWW,165.0,2.0,71.0,DWWWD,5,0,0,15,3,2,0,11
871214,2022-09-10 13:30:00+00:00,1662816600,78,2022,Regular Season - 6,169,Eintracht Frankfurt,161,VfL Wolfsburg,0,1,FT,T. Reichel,Deutsche Bank Park,Frankfurt am Main,0,0,A,1,-1,9,5,1,6,169.0,7.0,50.0,WDWLD,161.0,8.0,49.0,LLWLW,2,2,1,8,2,0,3,6
871209,2022-09-10 13:30:00+00:00,1662816600,78,2022,Regular Season - 6,157,Bayern Munich,172,VfB Stuttgart,2,2,FT,C. Dingert,Allianz Arena,München,1,0,D,4,0,9,5,1,6,157.0,1.0,71.0,WLWWW,172.0,16.0,33.0,DWDLW,4,0,1,12,2,2,1,8
871215,2022-09-10 13:30:00+00:00,1662816600,78,2022,Regular Season - 6,159,Hertha Berlin,168,Bayer Leverkusen,2,2,FT,B. Brand,Olympiastadion Berlin,Berlin,0,0,D,4,0,9,5,1,6,159.0,18.0,29.0,WDLWL,168.0,6.0,50.0,LDDLD,2,1,2,7,0,3,2,3
871213,2022-09-10 13:30:00+00:00,1662816600,78,2022,Regular Season - 6,167,1899 Hoffenheim,164,FSV Mainz 05,4,1,FT,D. Schlager,PreZero Arena,Sinsheim,0,0,H,5,3,9,5,1,6,167.0,12.0,36.0,DWLWL,164.0,9.0,46.0,DLLLL,2,1,2,7,0,1,4,1
871216,2022-09-10 16:30:00+00:00,1662827400,78,2022,Regular Season - 6,174,FC Schalke 04,176,Vfl Bochum,3,1,FT,F. Zwayer,VELTINS-Arena,Gelsenkirchen,1,0,H,4,2,9,5,1,6,174.0,17.0,31.0,LDLWW,176.0,14.0,35.0,WDWLD,2,1,2,7,2,2,1,8
871212,2022-09-11 13:30:00+00:00,1662903000,78,2022,Regular Season - 6,192,1. FC Köln,182,Union Berlin,0,1,FT,B. Cortus,RheinEnergieStadion,Köln,0,1,A,1,-1,9,6,1,6,192.0,11.0,42.0,LDWWL,182.0,4.0,62.0,WLWLD,2,1,2,7,2,1,2,7
871211,2022-09-11 15:30:00+00:00,1662910200,78,2022,Regular Season - 6,160,SC Freiburg,163,Borussia Monchengladbach,0,0,FT,T. Stieler,Europa-Park Stadion,Freiburg im Breisgau,0,0,D,0,0,9,6,1,6,160.0,5.0,59.0,LWLLW,163.0,10.0,43.0,WDLWL,2,0,3,6,2,1,2,7
871222,2022-09-16 18:30:00+00:00,1663353000,78,2022,Regular Season - 7,164,FSV Mainz 05,159,Hertha Berlin,1,1,FT,F. Willenborg,MEWA ARENA,Mainz,0,1,D,2,0,9,4,0,7,164.0,9.0,46.0,DLLLL,159.0,18.0,29.0,WDLWL,0,1,4,1,2,1,2,7
871225,2022-09-17 13:30:00+00:00,1663421400,78,2022,Regular Season - 7,172,VfB Stuttgart,169,Eintracht Frankfurt,1,3,FT,D. Siebert,Mercedes-Benz-Arena,Stuttgart,0,1,A,4,-2,9,5,1,7,172.0,16.0,33.0,DWDLW,169.0,7.0,50.0,WDWLD,2,2,1,8,2,2,1,8
871218,2022-09-17 13:30:00+00:00,1663421400,78,2022,Regular Season - 7,170,FC Augsburg,157,Bayern Munich,1,0,FT,M. Fritz,WWK Arena,Augsburg,0,0,H,1,1,9,5,1,7,170.0,15.0,34.0,LLLWD,157.0,1.0,71.0,WLWWW,1,1,3,4,4,0,1,12
871226,2022-09-17 13:30:00+00:00,1663421400,78,2022,Regular Season - 7,165,Borussia Dortmund,174,FC Schalke 04,1,0,FT,F. Brych,SIGNAL IDUNA PARK,Dortmund,0,0,H,1,1,9,5,1,7,165.0,2.0,71.0,DWWWD,174.0,17.0,31.0,LDLWW,3,2,0,11,2,1,2,7
871220,2022-09-17 13:30:00+00:00,1663421400,78,2022,Regular Season - 7,168,Bayer Leverkusen,162,Werder Bremen,1,1,FT,T. Welz,BayArena,Leverkusen,0,0,D,2,0,9,5,1,7,168.0,6.0,50.0,LDDLD,162.0,13.0,36.0,LDLLL,0,3,2,3,0,1,4,1
871219,2022-09-17 16:30:00+00:00,1663432200,78,2022,Regular Season - 7,163,Borussia Monchengladbach,173,RB Leipzig,3,0,FT,P. Ittrich,Stadion im BORUSSIA-PARK,Mönchengladbach,2,0,H,3,3,9,5,1,7,163.0,10.0,43.0,WDLWL,173.0,3.0,66.0,WWWWW,2,1,2,7,5,0,0,15
871221,2022-09-18 13:30:00+00:00,1663507800,78,2022,Regular Season - 7,182,Union Berlin,161,VfL Wolfsburg,2,0,FT,R. Schröder,Stadion An der Alten Försterei,Berlin,0,0,H,2,2,9,6,1,7,182.0,4.0,62.0,WLWLD,161.0,8.0,49.0,LLWLW,2,1,2,7,2,0,3,6
871223,2022-09-18 15:30:00+00:00,1663515000,78,2022,Regular Season - 7,176,Vfl Bochum,192,1. FC Köln,1,1,FT,B. Dankert,Vonovia Ruhrstadion,Bochum,1,0,D,2,0,9,6,1,7,176.0,14.0,35.0,WDWLD,192.0,11.0,42.0,LDWWL,2,2,1,8,2,1,2,7
871224,2022-09-18 17:30:00+00:00,1663522200,78,2022,Regular Season - 7,167,1899 Hoffenheim,160,SC Freiburg,0,0,FT,D. Aytekin,PreZero Arena,Sinsheim,0,0,D,0,0,9,6,1,7,167.0,12.0,36.0,DWLWL,160.0,5.0,59.0,LWLLW,2,1,2,7,2,0,3,6
871227,2022-09-30 18:30:00+00:00,1664562600,78,2022,Regular Season - 8,157,Bayern Munich,168,Bayer Leverkusen,4,0,FT,T. Stieler,Allianz Arena,München,3,0,H,4,4,9,4,0,8,157.0,1.0,71.0,WLWWW,168.0,6.0,50.0,LDDLD,4,0,1,12,0,3,2,3
871229,2022-10-01 13:30:00+00:00,1664631000,78,2022,Regular Season - 8,160,SC Freiburg,164,FSV Mainz 05,2,1,FT,S. Jablonski,Europa-Park Stadion,Freiburg im Breisgau,2,0,H,3,1,10,5,1,8,160.0,5.0,59.0,LWLLW,164.0,9.0,46.0,DLLLL,2,0,3,6,0,1,4,1
871232,2022-10-01 13:30:00+00:00,1664631000,78,2022,Regular Season - 8,161,VfL Wolfsburg,172,VfB Stuttgart,3,2,FT,F. Zwayer,VOLKSWAGEN ARENA,Wolfsburg,2,2,H,5,1,10,5,1,8,161.0,8.0,49.0,LLWLW,172.0,16.0,33.0,DWDLW,2,0,3,6,2,2,1,8
871231,2022-10-01 13:30:00+00:00,1664631000,78,2022,Regular Season - 8,169,Eintracht Frankfurt,182,Union Berlin,2,0,FT,S. Stegemann,Deutsche Bank Park,Frankfurt am Main,2,0,H,2,2,10,5,1,8,169.0,7.0,50.0,WDWLD,182.0,4.0,62.0,WLWLD,2,2,1,8,2,1,2,7
871228,2022-10-01 13:30:00+00:00,1664631000,78,2022,Regular Season - 8,173,RB Leipzig,176,Vfl Bochum,4,0,FT,F. Badstübner,Red Bull Arena,Leipzig,2,0,H,4,4,10,5,1,8,173.0,3.0,66.0,WWWWW,176.0,14.0,35.0,WDWLD,5,0,0,15,2,2,1,8
871230,2022-10-01 13:30:00+00:00,1664631000,78,2022,Regular Season - 8,192,1. FC Köln,165,Borussia Dortmund,3,2,FT,H. Osmers,RheinEnergieStadion,Köln,0,1,H,5,1,10,5,1,8,192.0,11.0,42.0,LDWWL,165.0,2.0,71.0,DWWWD,2,1,2,7,3,2,0,11
871235,2022-10-01 16:30:00+00:00,1664641800,78,2022,Regular Season - 8,162,Werder Bremen,163,Borussia Monchengladbach,5,1,FT,M. Jöllenbeck,wohninvest WESERSTADION,Bremen,4,0,H,6,4,10,5,1,8,162.0,13.0,36.0,LDLLL,163.0,10.0,43.0,WDLWL,0,1,4,1,2,1,2,7
871233,2022-10-02 13:30:00+00:00,1664717400,78,2022,Regular Season - 8,159,Hertha Berlin,167,1899 Hoffenheim,1,1,FT,C. Dingert,Olympiastadion Berlin,Berlin,1,1,D,2,0,10,6,1,8,159.0,18.0,29.0,WDLWL,167.0,12.0,36.0,DWLWL,2,1,2,7,2,1,2,7
871234,2022-10-02 15:30:00+00:00,1664724600,78,2022,Regular Season - 8,174,FC Schalke 04,170,FC Augsburg,2,3,FT,D. Schlager,VELTINS-Arena,Gelsenkirchen,1,2,A,5,-1,10,6,1,8,174.0,17.0,31.0,LDLWW,170.0,15.0,34.0,LLLWD,2,1,2,7,1,1,3,4
871239,2022-10-07 18:30:00+00:00,1665167400,78,2022,Regular Season - 9,167,1899 Hoffenheim,162,Werder Bremen,1,2,FT,B. Cortus,PreZero Arena,Sinsheim,1,1,A,3,-1,10,4,0,9,167.0,12.0,36.0,DWLWL,162.0,13.0,36.0,LDLLL,2,1,2,7,0,1,4,1
871242,2022-10-08 13:30:00+00:00,1665235800,78,2022,Regular Season - 9,170,FC Augsburg,161,VfL Wolfsburg,1,1,FT,D. Siebert,WWK Arena,Augsburg,0,1,D,2,0,10,5,1,9,170.0,15.0,34.0,LLLWD,161.0,8.0,49.0,LLWLW,1,1,3,4,2,0,3,6
871241,2022-10-08 13:30:00+00:00,1665235800,78,2022,Regular Season - 9,176,Vfl Bochum,169,Eintracht Frankfurt,3,0,FT,M. Petersen,Vonovia Ruhrstadion,Bochum,0,0,H,3,3,10,5,1,9,176.0,14.0,35.0,WDWLD,169.0,7.0,50.0,WDWLD,2,2,1,8,2,2,1,8
871238,2022-10-08 13:30:00+00:00,1665235800,78,2022,Regular Season - 9,164,FSV Mainz 05,173,RB Leipzig,1,1,FT,F. Brych,MEWA ARENA,Mainz,1,0,D,2,0,10,5,1,9,164.0,9.0,46.0,DLLLL,173.0,3.0,66.0,WWWWW,0,1,4,1,5,0,0,15
871237,2022-10-08 13:30:00+00:00,1665235800,78,2022,Regular Season - 9,168,Bayer Leverkusen,174,FC Schalke 04,4,0,FT,T. Reichel,BayArena,Leverkusen,2,0,H,4,4,10,5,1,9,168.0,6.0,50.0,LDDLD,174.0,17.0,31.0,LDLWW,0,3,2,3,2,1,2,7
871236,2022-10-08 16:30:00+00:00,1665246600,78,2022,Regular Season - 9,165,Borussia Dortmund,157,Bayern Munich,2,2,FT,D. Aytekin,SIGNAL IDUNA PARK,Dortmund,0,1,D,4,0,10,5,1,9,165.0,2.0,71.0,DWWWD,157.0,1.0,71.0,WLWWW,3,2,0,11,4,0,1,12
871240,2022-10-09 13:30:00+00:00,1665322200,78,2022,Regular Season - 9,163,Borussia Monchengladbach,192,1. FC Köln,5,2,FT,S. Jablonski,Stadion im BORUSSIA-PARK,Mönchengladbach,2,1,H,7,3,10,6,1,9,163.0,10.0,43.0,WDLWL,192.0,11.0,42.0,LDWWL,2,1,2,7,2,1,2,7
871244,2022-10-09 15:30:00+00:00,1665329400,78,2022,Regular Season - 9,159,Hertha Berlin,160,SC Freiburg,2,2,FT,R. Schröder,Olympiastadion Berlin,Berlin,1,1,D,4,0,10,6,1,9,159.0,18.0,29.0,WDLWL,160.0,5.0,59.0,LWLLW,2,1,2,7,2,0,3,6
871243,2022-10-09 17:30:00+00:00,1665336600,78,2022,Regular Season - 9,172,VfB Stuttgart,182,Union Berlin,0,1,FT,B. Dankert,Mercedes-Benz-Arena,Stuttgart,0,0,A,1,-1,10,6,1,9,172.0,16.0,33.0,DWDLW,182.0,4.0,62.0,WLWLD,2,2,1,8,2,1,2,7
871252,2022-10-14 18:30:00+00:00,1665772200,78,2022,Regular Season - 10,174,FC Schalke 04,167,1899 Hoffenheim,0,3,FT,F. Badstübner,VELTINS-Arena,Gelsenkirchen,0,2,A,3,-3,10,4,0,10,174.0,17.0,31.0,LDLWW,167.0,12.0,36.0,DWLWL,2,1,2,7,2,1,2,7
871251,2022-10-15 13:30:00+00:00,1665840600,78,2022,Regular Season - 10,172,VfB Stuttgart,176,Vfl Bochum,4,1,FT,C. Dingert,Mercedes-Benz-Arena,Stuttgart,2,1,H,5,3,10,5,1,10,172.0,16.0,33.0,DWDLW,176.0,14.0,35.0,WDWLD,2,2,1,8,2,2,1,8
871249,2022-10-15 13:30:00+00:00,1665840600,78,2022,Regular Season - 10,169,Eintracht Frankfurt,168,Bayer Leverkusen,5,1,FT,F. Willenborg,Deutsche Bank Park,Frankfurt am Main,1,0,H,6,4,10,5,1,10,169.0,7.0,50.0,WDWLD,168.0,6.0,50.0,LDDLD,2,2,1,8,0,3,2,3
871253,2022-10-15 13:30:00+00:00,1665840600,78,2022,Regular Season - 10,162,Werder Bremen,164,FSV Mainz 05,0,2,FT,R. Hartmann,wohninvest WESERSTADION,Bremen,0,1,A,2,-2,10,5,1,10,162.0,13.0,36.0,LDLLL,164.0,9.0,46.0,DLLLL,0,1,4,1,0,1,4,1
871250,2022-10-15 13:30:00+00:00,1665840600,78,2022,Regular Season - 10,161,VfL Wolfsburg,163,Borussia Monchengladbach,2,2,FT,B. Cortus,VOLKSWAGEN ARENA,Wolfsburg,1,1,D,4,0,10,5,1,10,161.0,8.0,49.0,LLWLW,163.0,10.0,43.0,WDLWL,2,0,3,6,2,1,2,7
871246,2022-10-15 16:30:00+00:00,1665851400,78,2022,Regular Season - 10,173,RB Leipzig,159,Hertha Berlin,3,2,FT,H. Osmers,Red Bull Arena,Leipzig,3,0,H,5,1,10,5,1,10,173.0,3.0,66.0,WWWWW,159.0,18.0,29.0,WDLWL,5,0,0,15,2,1,2,7
871248,2022-10-16 13:30:00+00:00,1665927000,78,2022,Regular Season - 10,192,1. FC Köln,170,FC Augsburg,3,2,FT,F. Zwayer,RheinEnergieStadion,Köln,0,1,H,5,1,10,6,1,10,192.0,11.0,42.0,LDWWL,170.0,15.0,34.0,LLLWD,2,1,2,7,1,1,3,4
871247,2022-10-16 15:30:00+00:00,1665934200,78,2022,Regular Season - 10,182,Union Berlin,165,Borussia Dortmund,2,0,FT,T. Stieler,Stadion An der Alten Försterei,Berlin,2,0,H,2,2,10,6,1,10,182.0,4.0,62.0,WLWLD,165.0,2.0,71.0,DWWWD,2,1,2,7,3,2,0,11
871245,2022-10-16 17:30:00+00:00,1665941400,78,2022,Regular Season - 10,157,Bayern Munich,160,SC Freiburg,5,0,FT,S. Stegemann,Allianz Arena,München,2,0,H,5,5,10,6,1,10,157.0,1.0,71.0,WLWWW,160.0,5.0,59.0,LWLLW,4,0,1,12,2,0,3,6
871257,2022-10-21 18:30:00+00:00,1666377000,78,2022,Regular Season - 11,164,FSV Mainz 05,192,1. FC Köln,5,0,FT,M. Jöllenbeck,MEWA ARENA,Mainz,3,0,H,5,5,10,4,0,11,164.0,9.0,46.0,DLLLL,192.0,11.0,42.0,LDWWL,0,1,4,1,2,1,2,7
871261,2022-10-22 13:30:00+00:00,1666445400,78,2022,Regular Season - 11,170,FC Augsburg,173,RB Leipzig,3,3,FT,R. Schröder,WWK Arena,Augsburg,1,0,D,6,0,10,5,1,11,170.0,15.0,34.0,LLLWD,173.0,3.0,66.0,WWWWW,1,1,3,4,5,0,0,15
871255,2022-10-22 13:30:00+00:00,1666445400,78,2022,Regular Season - 11,168,Bayer Leverkusen,161,VfL Wolfsburg,2,2,FT,F. Brych,BayArena,Leverkusen,1,1,D,4,0,10,5,1,11,168.0,6.0,50.0,LDDLD,161.0,8.0,49.0,LLWLW,0,3,2,3,2,0,3,6
871254,2022-10-22 13:30:00+00:00,1666445400,78,2022,Regular Season - 11,165,Borussia Dortmund,172,VfB Stuttgart,5,0,FT,D. Schlager,SIGNAL IDUNA PARK,Dortmund,3,0,H,5,5,10,5,1,11,165.0,2.0,71.0,DWWWD,172.0,16.0,33.0,DWDLW,3,2,0,11,2,2,1,8
871256,2022-10-22 13:30:00+00:00,1666445400,78,2022,Regular Season - 11,160,SC Freiburg,162,Werder Bremen,2,0,FT,B. Dankert,Europa-Park Stadion,Freiburg im Breisgau,0,0,H,2,2,10,5,1,11,160.0,5.0,59.0,LWLLW,162.0,13.0,36.0,LDLLL,2,0,3,6,0,1,4,1
871258,2022-10-22 13:30:00+00:00,1666445400,78,2022,Regular Season - 11,167,1899 Hoffenheim,157,Bayern Munich,0,2,FT,S. Jablonski,PreZero Arena,Sinsheim,0,2,A,2,-2,10,5,1,11,167.0,12.0,36.0,DWLWL,157.0,1.0,71.0,WLWWW,2,1,2,7,4,0,1,12
871259,2022-10-22 16:30:00+00:00,1666456200,78,2022,Regular Season - 11,163,Borussia Monchengladbach,169,Eintracht Frankfurt,1,3,FT,D. Siebert,Stadion im BORUSSIA-PARK,Mönchengladbach,0,3,A,4,-2,10,5,1,11,163.0,10.0,43.0,WDLWL,169.0,7.0,50.0,WDWLD,2,1,2,7,2,2,1,8
871260,2022-10-23 13:30:00+00:00,1666531800,78,2022,Regular Season - 11,176,Vfl Bochum,182,Union Berlin,2,1,FT,D. Aytekin,Vonovia Ruhrstadion,Bochum,1,0,H,3,1,10,6,1,11,176.0,14.0,35.0,WDWLD,182.0,4.0,62.0,WLWLD,2,2,1,8,2,1,2,7
871262,2022-10-23 15:30:00+00:00,1666539000,78,2022,Regular Season - 11,159,Hertha Berlin,174,FC Schalke 04,2,1,FT,M. Petersen,Olympiastadion Berlin,Berlin,0,0,H,3,1,10,6,1,11,159.0,18.0,29.0,WDLWL,174.0,17.0,31.0,LDLWW,2,1,2,7,2,1,2,7
871271,2022-10-28 18:30:00+00:00,1666981800,78,2022,Regular Season - 12,162,Werder Bremen,159,Hertha Berlin,1,0,FT,T. Reichel,wohninvest WESERSTADION,Bremen,0,0,H,1,1,10,4,0,12,162.0,13.0,36.0,LDLLL,159.0,18.0,29.0,WDLWL,0,1,4,1,2,1,2,7
871269,2022-10-29 13:30:00+00:00,1667050200,78,2022,Regular Season - 12,172,VfB Stuttgart,170,FC Augsburg,2,1,FT,T. Stieler,Mercedes-Benz-Arena,Stuttgart,1,1,H,3,1,10,5,1,12,172.0,16.0,33.0,DWDLW,170.0,15.0,34.0,LLLWD,2,2,1,8,1,1,3,4
871263,2022-10-29 13:30:00+00:00,1667050200,78,2022,Regular Season - 12,157,Bayern Munich,164,FSV Mainz 05,6,2,FT,B. Cortus,Allianz Arena,München,3,1,H,8,4,10,5,1,12,157.0,1.0,71.0,WLWWW,164.0,9.0,46.0,DLLLL,4,0,1,12,0,1,4,1
871268,2022-10-29 13:30:00+00:00,1667050200,78,2022,Regular Season - 12,161,VfL Wolfsburg,176,Vfl Bochum,4,0,FT,R. Hartmann,VOLKSWAGEN ARENA,Wolfsburg,2,0,H,4,4,10,5,1,12,161.0,8.0,49.0,LLWLW,176.0,14.0,35.0,WDWLD,2,0,3,6,2,2,1,8
871264,2022-10-29 13:30:00+00:00,1667050200,78,2022,Regular Season - 12,173,RB Leipzig,168,Bayer Leverkusen,2,0,FT,S. Jablonski,Red Bull Arena,Leipzig,1,0,H,2,2,10,5,1,12,173.0,3.0,66.0,WWWWW,168.0,6.0,50.0,LDDLD,5,0,0,15,0,3,2,3
871267,2022-10-29 16:30:00+00:00,1667061000,78,2022,Regular Season - 12,169,Eintracht Frankfurt,165,Borussia Dortmund,1,2,FT,S. Stegemann,Deutsche Bank Park,Frankfurt am Main,1,1,A,3,-1,10,5,1,12,169.0,7.0,50.0,WDWLD,165.0,2.0,71.0,DWWWD,2,2,1,8,3,2,0,11
871265,2022-10-30 14:30:00+00:00,1667140200,78,2022,Regular Season - 12,182,Union Berlin,163,Borussia Monchengladbach,2,1,FT,H. Osmers,Stadion An der Alten Försterei,Berlin,0,1,H,3,1,10,6,1,12,182.0,4.0,62.0,WLWLD,163.0,10.0,43.0,WDLWL,2,1,2,7,2,1,2,7
871270,2022-10-30 16:30:00+00:00,1667147400,78,2022,Regular Season - 12,174,FC Schalke 04,160,SC Freiburg,0,2,FT,C. Dingert,VELTINS-Arena,Gelsenkirchen,0,1,A,2,-2,10,6,1,12,174.0,17.0,31.0,LDLWW,160.0,5.0,59.0,LWLLW,2,1,2,7,2,0,3,6
871266,2022-10-30 18:30:00+00:00,1667154600,78,2022,Regular Season - 12,192,1. FC Köln,167,1899 Hoffenheim,1,1,FT,F. Willenborg,RheinEnergieStadion,Köln,1,1,D,2,0,10,6,1,12,192.0,11.0,42.0,LDWWL,167.0,12.0,36.0,DWLWL,2,1,2,7,2,1,2,7
871277,2022-11-04 19:30:00+00:00,1667590200,78,2022,Regular Season - 13,163,Borussia Monchengladbach,172,VfB Stuttgart,3,1,FT,M. Jöllenbeck,Stadion im BORUSSIA-PARK,Mönchengladbach,2,1,H,4,2,11,4,0,13,163.0,10.0,43.0,WDLWL,172.0,16.0,33.0,DWDLW,2,1,2,7,2,2,1,8
871276,2022-11-05 14:30:00+00:00,1667658600,78,2022,Regular Season - 13,167,1899 Hoffenheim,173,RB Leipzig,1,3,FT,M. Petersen,PreZero Arena,Sinsheim,0,1,A,4,-2,11,5,1,13,167.0,12.0,36.0,DWLWL,173.0,3.0,66.0,WWWWW,2,1,2,7,5,0,0,15
871272,2022-11-05 14:30:00+00:00,1667658600,78,2022,Regular Season - 13,165,Borussia Dortmund,176,Vfl Bochum,3,0,FT,T. Stieler,SIGNAL IDUNA PARK,Dortmund,3,0,H,3,3,11,5,1,13,165.0,2.0,71.0,DWWWD,176.0,14.0,35.0,WDWLD,3,2,0,11,2,2,1,8
871278,2022-11-05 14:30:00+00:00,1667658600,78,2022,Regular Season - 13,170,FC Augsburg,169,Eintracht Frankfurt,1,2,FT,D. Aytekin,WWK Arena,Augsburg,1,1,A,3,-1,11,5,1,13,170.0,15.0,34.0,LLLWD,169.0,7.0,50.0,WDWLD,1,1,3,4,2,2,1,8
871279,2022-11-05 14:30:00+00:00,1667658600,78,2022,Regular Season - 13,159,Hertha Berlin,157,Bayern Munich,2,3,FT,B. Dankert,Olympiastadion Berlin,Berlin,2,3,A,5,-1,11,5,1,13,159.0,18.0,29.0,WDLWL,157.0,1.0,71.0,WLWWW,2,1,2,7,4,0,1,12
871275,2022-11-05 14:30:00+00:00,1667658600,78,2022,Regular Season - 13,164,FSV Mainz 05,161,VfL Wolfsburg,0,3,FT,D. Siebert,MEWA ARENA,Mainz,0,1,A,3,-3,11,5,1,13,164.0,9.0,46.0,DLLLL,161.0,8.0,49.0,LLWLW,0,1,4,1,2,0,3,6
871280,2022-11-05 17:30:00+00:00,1667669400,78,2022,Regular Season - 13,162,Werder Bremen,174,FC Schalke 04,2,1,FT,F. Brych,wohninvest WESERSTADION,Bremen,1,0,H,3,1,11,5,1,13,162.0,13.0,36.0,LDLLL,174.0,17.0,31.0,LDLWW,0,1,4,1,2,1,2,7
871273,2022-11-06 14:30:00+00:00,1667745000,78,2022,Regular Season - 13,168,Bayer Leverkusen,182,Union Berlin,5,0,FT,R. Schröder,BayArena,Leverkusen,0,0,H,5,5,11,6,1,13,168.0,6.0,50.0,LDDLD,182.0,4.0,62.0,WLWLD,0,3,2,3,2,1,2,7
871274,2022-11-06 16:30:00+00:00,1667752200,78,2022,Regular Season - 13,160,SC Freiburg,192,1. FC Köln,2,0,FT,F. Badstübner,Europa-Park Stadion,Freiburg im Breisgau,0,0,H,2,2,11,6,1,13,160.0,5.0,59.0,LWLLW,192.0,11.0,42.0,LDWWL,2,0,3,6,2,1,2,7
871286,2022-11-08 17:30:00+00:00,1667928600,78,2022,Regular Season - 14,161,VfL Wolfsburg,165,Borussia Dortmund,2,0,FT,C. Dingert,VOLKSWAGEN ARENA,Wolfsburg,1,0,H,2,2,11,1,0,14,161.0,8.0,49.0,LLWLW,165.0,2.0,71.0,DWWWD,2,0,3,6,3,2,0,11
871281,2022-11-08 19:30:00+00:00,1667935800,78,2022,Regular Season - 14,157,Bayern Munich,162,Werder Bremen,6,1,FT,R. Hartmann,Allianz Arena,München,4,1,H,7,5,11,1,0,14,157.0,1.0,71.0,WLWWW,162.0,13.0,36.0,LDLLL,4,0,1,12,0,1,4,1
871288,2022-11-08 19:30:00+00:00,1667935800,78,2022,Regular Season - 14,172,VfB Stuttgart,159,Hertha Berlin,2,1,FT,F. Willenborg,Mercedes-Benz-Arena,Stuttgart,1,1,H,3,1,11,1,0,14,172.0,16.0,33.0,DWDLW,159.0,18.0,29.0,WDLWL,2,2,1,8,2,1,2,7
871287,2022-11-08 19:30:00+00:00,1667935800,78,2022,Regular Season - 14,176,Vfl Bochum,163,Borussia Monchengladbach,2,1,FT,D. Schlager,Vonovia Ruhrstadion,Bochum,2,0,H,3,1,11,1,0,14,176.0,14.0,35.0,WDWLD,163.0,10.0,43.0,WDLWL,2,2,1,8,2,1,2,7
871284,2022-11-09 17:30:00+00:00,1668015000,78,2022,Regular Season - 14,192,1. FC Köln,168,Bayer Leverkusen,1,2,FT,T. Stieler,RheinEnergieStadion,Köln,1,0,A,3,-1,11,2,0,14,192.0,11.0,42.0,LDWWL,168.0,6.0,50.0,LDDLD,2,1,2,7,0,3,2,3
871285,2022-11-09 19:30:00+00:00,1668022200,78,2022,Regular Season - 14,169,Eintracht Frankfurt,167,1899 Hoffenheim,4,2,FT,F. Zwayer,Deutsche Bank Park,Frankfurt am Main,3,1,H,6,2,11,2,0,14,169.0,7.0,50.0,WDWLD,167.0,12.0,36.0,DWLWL,2,2,1,8,2,1,2,7
871282,2022-11-09 19:30:00+00:00,1668022200,78,2022,Regular Season - 14,173,RB Leipzig,160,SC Freiburg,3,1,FT,H. Osmers,Red Bull Arena,Leipzig,0,0,H,4,2,11,2,0,14,173.0,3.0,66.0,WWWWW,160.0,5.0,59.0,LWLLW,5,0,0,15,2,0,3,6
871289,2022-11-09 19:30:00+00:00,1668022200,78,2022,Regular Season - 14,174,FC Schalke 04,164,FSV Mainz 05,1,0,FT,T. Reichel,VELTINS-Arena,Gelsenkirchen,1,0,H,1,1,11,2,0,14,174.0,17.0,31.0,LDLWW,164.0,9.0,46.0,DLLLL,2,1,2,7,0,1,4,1
871283,2022-11-09 19:30:00+00:00,1668022200,78,2022,Regular Season - 14,182,Union Berlin,170,FC Augsburg,2,2,FT,S. Stegemann,Stadion An der Alten Försterei,Berlin,2,2,D,4,0,11,2,0,14,182.0,4.0,62.0,WLWLD,170.0,15.0,34.0,LLLWD,2,1,2,7,1,1,3,4
871294,2022-11-11 19:30:00+00:00,1668195000,78,2022,Regular Season - 15,163,Borussia Monchengladbach,165,Borussia Dortmund,4,2,FT,S. Jablonski,Stadion im BORUSSIA-PARK,Mönchengladbach,3,2,H,6,2,11,4,0,15,163.0,10.0,43.0,WDLWL,165.0,2.0,71.0,DWWWD,2,1,2,7,3,2,0,11
871296,2022-11-12 14:30:00+00:00,1668263400,78,2022,Regular Season - 15,159,Hertha Berlin,192,1. FC Köln,2,0,FT,C. Dingert,Olympiastadion Berlin,Berlin,1,0,H,2,2,11,5,1,15,159.0,18.0,29.0,WDLWL,192.0,11.0,42.0,LDWWL,2,1,2,7,2,1,2,7
871298,2022-11-12 14:30:00+00:00,1668263400,78,2022,Regular Season - 15,162,Werder Bremen,173,RB Leipzig,1,2,FT,M. Jöllenbeck,wohninvest WESERSTADION,Bremen,0,1,A,3,-1,11,5,1,15,162.0,13.0,36.0,LDLLL,173.0,3.0,66.0,WWWWW,0,1,4,1,5,0,0,15
871293,2022-11-12 14:30:00+00:00,1668263400,78,2022,Regular Season - 15,167,1899 Hoffenheim,161,VfL Wolfsburg,1,2,FT,D. Schlager,PreZero Arena,Sinsheim,1,1,A,3,-1,11,5,1,15,167.0,12.0,36.0,DWLWL,161.0,8.0,49.0,LLWLW,2,1,2,7,2,0,3,6
871290,2022-11-12 14:30:00+00:00,1668263400,78,2022,Regular Season - 15,168,Bayer Leverkusen,172,VfB Stuttgart,2,0,FT,F. Badstübner,BayArena,Leverkusen,1,0,H,2,2,11,5,1,15,168.0,6.0,50.0,LDDLD,172.0,16.0,33.0,DWDLW,0,3,2,3,2,2,1,8
871295,2022-11-12 14:30:00+00:00,1668263400,78,2022,Regular Season - 15,170,FC Augsburg,176,Vfl Bochum,0,1,FT,F. Brych,WWK Arena,Augsburg,0,0,A,1,-1,11,5,1,15,170.0,15.0,34.0,LLLWD,176.0,14.0,35.0,WDWLD,1,1,3,4,2,2,1,8
871297,2022-11-12 17:30:00+00:00,1668274200,78,2022,Regular Season - 15,174,FC Schalke 04,157,Bayern Munich,0,2,FT,F. Zwayer,VELTINS-Arena,Gelsenkirchen,0,1,A,2,-2,11,5,1,15,174.0,17.0,31.0,LDLWW,157.0,1.0,71.0,WLWWW,2,1,2,7,4,0,1,12
871292,2022-11-13 14:30:00+00:00,1668349800,78,2022,Regular Season - 15,164,FSV Mainz 05,169,Eintracht Frankfurt,1,1,FT,R. Schröder,MEWA ARENA,Mainz,1,0,D,2,0,11,6,1,15,164.0,9.0,46.0,DLLLL,169.0,7.0,50.0,WDWLD,0,1,4,1,2,2,1,8
871291,2022-11-13 16:30:00+00:00,1668357000,78,2022,Regular Season - 15,160,SC Freiburg,182,Union Berlin,4,1,FT,D. Aytekin,Europa-Park Stadion,Freiburg im Breisgau,4,0,H,5,3,11,6,1,15,160.0,5.0,59.0,LWLLW,182.0,4.0,62.0,WLWLD,2,0,3,6,2,1,2,7
871300,2023-01-20 19:30:00+00:00,1674243000,78,2022,Regular Season - 16,173,RB Leipzig,157,Bayern Munich,1,1,FT,D. Siebert,Red Bull Arena,Leipzig,0,1,D,2,0,1,4,0,16,173.0,3.0,66.0,WWWWW,157.0,1.0,71.0,WLWWW,5,0,0,15,4,0,1,12
871305,2023-01-21 14:30:00+00:00,1674311400,78,2022,Regular Season - 16,161,VfL Wolfsburg,160,SC Freiburg,6,0,FT,F. Zwayer,VOLKSWAGEN ARENA,Wolfsburg,3,0,H,6,6,1,5,1,16,161.0,8.0,49.0,LLWLW,160.0,5.0,59.0,LWLLW,2,0,3,6,2,0,3,6
871304,2023-01-21 14:30:00+00:00,1674311400,78,2022,Regular Season - 16,169,Eintracht Frankfurt,174,FC Schalke 04,3,0,FT,M. Fritz,Deutsche Bank Park,Frankfurt am Main,1,0,H,3,3,1,5,1,16,169.0,7.0,50.0,WDWLD,174.0,17.0,31.0,LDLWW,2,2,1,8,2,1,2,7
871307,2023-01-21 14:30:00+00:00,1674311400,78,2022,Regular Season - 16,172,VfB Stuttgart,164,FSV Mainz 05,1,1,FT,F. Brych,Mercedes-Benz-Arena,Stuttgart,1,1,D,2,0,1,5,1,16,172.0,16.0,33.0,DWDLW,164.0,9.0,46.0,DLLLL,2,2,1,8,0,1,4,1
871306,2023-01-21 14:30:00+00:00,1674311400,78,2022,Regular Season - 16,176,Vfl Bochum,159,Hertha Berlin,3,1,FT,M. Petersen,Vonovia Ruhrstadion,Bochum,2,0,H,4,2,1,5,1,16,176.0,14.0,35.0,WDWLD,159.0,18.0,29.0,WDLWL,2,2,1,8,2,1,2,7
871301,2023-01-21 14:30:00+00:00,1674311400,78,2022,Regular Season - 16,182,Union Berlin,167,1899 Hoffenheim,3,1,FT,R. Hartmann,Stadion An der Alten Försterei,Berlin,0,1,H,4,2,1,5,1,16,182.0,4.0,62.0,WLWLD,167.0,12.0,36.0,DWLWL,2,1,2,7,2,1,2,7
871302,2023-01-21 17:30:00+00:00,1674322200,78,2022,Regular Season - 16,192,1. FC Köln,162,Werder Bremen,7,1,FT,R. Schröder,RheinEnergieStadion,Köln,5,1,H,8,6,1,5,1,16,192.0,11.0,42.0,LDWWL,162.0,13.0,36.0,LDLLL,2,1,2,7,0,1,4,1
871299,2023-01-22 14:30:00+00:00,1674397800,78,2022,Regular Season - 16,165,Borussia Dortmund,170,FC Augsburg,4,3,FT,F. Willenborg,SIGNAL IDUNA PARK,Dortmund,2,2,H,7,1,1,6,1,16,165.0,2.0,71.0,DWWWD,170.0,15.0,34.0,LLLWD,3,2,0,11,1,1,3,4
871303,2023-01-22 16:30:00+00:00,1674405000,78,2022,Regular Season - 16,163,Borussia Monchengladbach,168,Bayer Leverkusen,2,3,FT,H. Osmers,Stadion im BORUSSIA-PARK,Mönchengladbach,0,2,A,5,-1,1,6,1,16,163.0,10.0,43.0,WDLWL,168.0,6.0,50.0,LDDLD,2,1,2,7,0,3,2,3
871315,2023-01-24 17:30:00+00:00,1674581400,78,2022,Regular Season - 17,174,FC Schalke 04,173,RB Leipzig,1,6,FT,B. Cortus,VELTINS-Arena,Gelsenkirchen,0,4,A,7,-5,1,1,0,17,174.0,17.0,31.0,LDLWW,173.0,3.0,66.0,WWWWW,2,1,2,7,5,0,0,15
871308,2023-01-24 19:30:00+00:00,1674588600,78,2022,Regular Season - 17,157,Bayern Munich,192,1. FC Köln,1,1,FT,T. Stieler,Allianz Arena,München,0,1,D,2,0,1,1,0,17,157.0,1.0,71.0,WLWWW,192.0,11.0,42.0,LDWWL,4,0,1,12,2,1,2,7
871314,2023-01-24 19:30:00+00:00,1674588600,78,2022,Regular Season - 17,159,Hertha Berlin,161,VfL Wolfsburg,0,5,FT,T. Reichel,Olympiastadion Berlin,Berlin,0,3,A,5,-5,1,1,0,17,159.0,18.0,29.0,WDLWL,161.0,8.0,49.0,LLWLW,2,1,2,7,2,0,3,6
871312,2023-01-24 19:30:00+00:00,1674588600,78,2022,Regular Season - 17,167,1899 Hoffenheim,172,VfB Stuttgart,2,2,FT,F. Badstübner,PreZero Arena,Sinsheim,1,1,D,4,0,1,1,0,17,167.0,12.0,36.0,DWLWL,172.0,16.0,33.0,DWDLW,2,1,2,7,2,2,1,8
871311,2023-01-25 17:30:00+00:00,1674667800,78,2022,Regular Season - 17,164,FSV Mainz 05,165,Borussia Dortmund,1,2,FT,S. Stegemann,MEWA ARENA,Mainz,1,1,A,3,-1,1,2,0,17,164.0,9.0,46.0,DLLLL,165.0,2.0,71.0,DWWWD,0,1,4,1,3,2,0,11
871310,2023-01-25 19:30:00+00:00,1674675000,78,2022,Regular Season - 17,160,SC Freiburg,169,Eintracht Frankfurt,1,1,FT,D. Aytekin,Europa-Park Stadion,Freiburg im Breisgau,0,1,D,2,0,1,2,0,17,160.0,5.0,59.0,LWLLW,169.0,7.0,50.0,WDWLD,2,0,3,6,2,2,1,8
871316,2023-01-25 19:30:00+00:00,1674675000,78,2022,Regular Season - 17,162,Werder Bremen,182,Union Berlin,1,2,FT,B. Dankert,wohninvest WESERSTADION,Bremen,1,1,A,3,-1,1,2,0,17,162.0,13.0,36.0,LDLLL,182.0,4.0,62.0,WLWLD,0,1,4,1,2,1,2,7
871309,2023-01-25 19:30:00+00:00,1674675000,78,2022,Regular Season - 17,168,Bayer Leverkusen,176,Vfl Bochum,2,0,FT,T. Gerach,BayArena,Leverkusen,1,0,H,2,2,1,2,0,17,168.0,6.0,50.0,LDDLD,176.0,14.0,35.0,WDWLD,0,3,2,3,2,2,1,8
871313,2023-01-25 19:30:00+00:00,1674675000,78,2022,Regular Season - 17,170,FC Augsburg,163,Borussia Monchengladbach,1,0,FT,D. Schlager,WWK Arena,Augsburg,0,0,H,1,1,1,2,0,17,170.0,15.0,34.0,LLLWD,163.0,10.0,43.0,WDLWL,1,1,3,4,2,1,2,7
871319,2023-01-27 19:30:00+00:00,1674847800,78,2022,Regular Season - 18,173,RB Leipzig,172,VfB Stuttgart,2,1,FT,F. Zwayer,Red Bull Arena,Leipzig,1,0,H,3,1,1,4,0,18,173.0,3.0,66.0,WWWWW,172.0,16.0,33.0,DWDLW,5,0,0,15,2,2,1,8
871323,2023-01-28 14:30:00+00:00,1674916200,78,2022,Regular Season - 18,159,Hertha Berlin,182,Union Berlin,0,2,FT,F. Brych,Olympiastadion Berlin,Berlin,0,1,A,2,-2,1,5,1,18,159.0,18.0,29.0,WDLWL,182.0,4.0,62.0,WLWLD,2,1,2,7,2,1,2,7
871320,2023-01-28 14:30:00+00:00,1674916200,78,2022,Regular Season - 18,160,SC Freiburg,170,FC Augsburg,3,1,FT,C. Dingert,Europa-Park Stadion,Freiburg im Breisgau,2,1,H,4,2,1,5,1,18,160.0,5.0,59.0,LWLLW,170.0,15.0,34.0,LLLWD,2,0,3,6,1,1,3,4
871325,2023-01-28 14:30:00+00:00,1674916200,78,2022,Regular Season - 18,162,Werder Bremen,161,VfL Wolfsburg,2,1,FT,D. Siebert,wohninvest WESERSTADION,Bremen,1,0,H,3,1,1,5,1,18,162.0,13.0,36.0,LDLLL,161.0,8.0,49.0,LLWLW,0,1,4,1,2,0,3,6
871321,2023-01-28 14:30:00+00:00,1674916200,78,2022,Regular Season - 18,164,FSV Mainz 05,176,Vfl Bochum,5,2,FT,P. Ittrich,MEWA ARENA,Mainz,3,0,H,7,3,1,5,1,18,164.0,9.0,46.0,DLLLL,176.0,14.0,35.0,WDWLD,0,1,4,1,2,2,1,8
871322,2023-01-28 14:30:00+00:00,1674916200,78,2022,Regular Season - 18,167,1899 Hoffenheim,163,Borussia Monchengladbach,1,4,FT,B. Brand,PreZero Arena,Sinsheim,0,2,A,5,-3,1,5,1,18,167.0,12.0,36.0,DWLWL,163.0,10.0,43.0,WDLWL,2,1,2,7,2,1,2,7
871317,2023-01-28 17:30:00+00:00,1674927000,78,2022,Regular Season - 18,157,Bayern Munich,169,Eintracht Frankfurt,1,1,FT,S. Jablonski,Allianz Arena,München,1,0,D,2,0,1,5,1,18,157.0,1.0,71.0,WLWWW,169.0,7.0,50.0,WDWLD,4,0,1,12,2,2,1,8
871324,2023-01-29 14:30:00+00:00,1675002600,78,2022,Regular Season - 18,174,FC Schalke 04,192,1. FC Köln,0,0,FT,M. Jöllenbeck,VELTINS-Arena,Gelsenkirchen,0,0,D,0,0,1,6,1,18,174.0,17.0,31.0,LDLWW,192.0,11.0,42.0,LDWWL,2,1,2,7,2,1,2,7
871318,2023-01-29 16:30:00+00:00,1675009800,78,2022,Regular Season - 18,168,Bayer Leverkusen,165,Borussia Dortmund,0,2,FT,T. Welz,BayArena,Leverkusen,0,1,A,2,-2,1,6,1,18,168.0,6.0,50.0,LDDLD,165.0,2.0,71.0,DWWWD,0,3,2,3,3,2,0,11
871333,2023-02-03 19:30:00+00:00,1675452600,78,2022,Regular Season - 19,170,FC Augsburg,168,Bayer Leverkusen,1,0,FT,M. Fritz,WWK Arena,Augsburg,0,0,H,1,1,2,4,0,19,170.0,15.0,34.0,LLLWD,168.0,6.0,50.0,LDDLD,1,1,3,4,0,3,2,3
871328,2023-02-04 14:30:00+00:00,1675521000,78,2022,Regular Season - 19,192,1. FC Köln,173,RB Leipzig,0,0,FT,M. Petersen,RheinEnergieStadion,Köln,0,0,D,0,0,2,5,1,19,192.0,11.0,42.0,LDWWL,173.0,3.0,66.0,WWWWW,2,1,2,7,5,0,0,15
871327,2023-02-04 14:30:00+00:00,1675521000,78,2022,Regular Season - 19,182,Union Berlin,164,FSV Mainz 05,2,1,FT,F. Badstübner,Stadion An der Alten Försterei,Berlin,1,0,H,3,1,2,5,1,19,182.0,4.0,62.0,WLWLD,164.0,9.0,46.0,DLLLL,2,1,2,7,0,1,4,1
871326,2023-02-04 14:30:00+00:00,1675521000,78,2022,Regular Season - 19,165,Borussia Dortmund,160,SC Freiburg,5,1,FT,R. Schröder,SIGNAL IDUNA PARK,Dortmund,1,1,H,6,4,2,5,1,19,165.0,2.0,71.0,DWWWD,160.0,5.0,59.0,LWLLW,3,2,0,11,2,0,3,6
871330,2023-02-04 14:30:00+00:00,1675521000,78,2022,Regular Season - 19,169,Eintracht Frankfurt,159,Hertha Berlin,3,0,FT,R. Hartmann,Deutsche Bank Park,Frankfurt am Main,2,0,H,3,3,2,5,1,19,169.0,7.0,50.0,WDWLD,159.0,18.0,29.0,WDLWL,2,2,1,8,2,1,2,7
871332,2023-02-04 14:30:00+00:00,1675521000,78,2022,Regular Season - 19,176,Vfl Bochum,167,1899 Hoffenheim,5,2,FT,B. Dankert,Vonovia Ruhrstadion,Bochum,3,0,H,7,3,2,5,1,19,176.0,14.0,35.0,WDWLD,167.0,12.0,36.0,DWLWL,2,2,1,8,2,1,2,7
871329,2023-02-04 17:30:00+00:00,1675531800,78,2022,Regular Season - 19,163,Borussia Monchengladbach,174,FC Schalke 04,0,0,FT,D. Aytekin,Stadion im BORUSSIA-PARK,Mönchengladbach,0,0,D,0,0,2,5,1,19,163.0,10.0,43.0,WDLWL,174.0,17.0,31.0,LDLWW,2,1,2,7,2,1,2,7
871334,2023-02-05 14:30:00+00:00,1675607400,78,2022,Regular Season - 19,172,VfB Stuttgart,162,Werder Bremen,0,2,FT,F. Willenborg,Mercedes-Benz-Arena,Stuttgart,0,0,A,2,-2,2,6,1,19,172.0,16.0,33.0,DWDLW,162.0,13.0,36.0,LDLLL,2,2,1,8,0,1,4,1
871331,2023-02-05 16:30:00+00:00,1675614600,78,2022,Regular Season - 19,161,VfL Wolfsburg,157,Bayern Munich,2,4,FT,H. Osmers,VOLKSWAGEN ARENA,Wolfsburg,1,3,A,6,-2,2,6,1,19,161.0,8.0,49.0,LLWLW,157.0,1.0,71.0,WLWWW,2,0,3,6,4,0,1,12
871342,2023-02-10 19:30:00+00:00,1676057400,78,2022,Regular Season - 20,174,FC Schalke 04,161,VfL Wolfsburg,0,0,FT,B. Brand,VELTINS-Arena,Gelsenkirchen,0,0,D,0,0,2,4,0,20,174.0,17.0,31.0,LDLWW,161.0,8.0,49.0,LLWLW,2,1,2,7,2,0,3,6
871340,2023-02-11 14:30:00+00:00,1676125800,78,2022,Regular Season - 20,167,1899 Hoffenheim,168,Bayer Leverkusen,1,3,FT,T. Stieler,PreZero Arena,Sinsheim,0,1,A,4,-2,2,5,1,20,167.0,12.0,36.0,DWLWL,168.0,6.0,50.0,LDDLD,2,1,2,7,0,3,2,3
871339,2023-02-11 14:30:00+00:00,1676125800,78,2022,Regular Season - 20,164,FSV Mainz 05,170,FC Augsburg,3,1,FT,S. Jablonski,MEWA ARENA,Mainz,2,1,H,4,2,2,5,1,20,164.0,9.0,46.0,DLLLL,170.0,15.0,34.0,LLLWD,0,1,4,1,1,1,3,4
871335,2023-02-11 14:30:00+00:00,1676125800,78,2022,Regular Season - 20,157,Bayern Munich,176,Vfl Bochum,3,0,FT,M. Jöllenbeck,Allianz Arena,München,1,0,H,3,3,2,5,1,20,157.0,1.0,71.0,WLWWW,176.0,14.0,35.0,WDWLD,4,0,1,12,2,2,1,8
871337,2023-02-11 14:30:00+00:00,1676125800,78,2022,Regular Season - 20,160,SC Freiburg,172,VfB Stuttgart,2,1,FT,S. Stegemann,Europa-Park Stadion,Freiburg im Breisgau,0,1,H,3,1,2,5,1,20,160.0,5.0,59.0,LWLLW,172.0,16.0,33.0,DWDLW,2,0,3,6,2,2,1,8
871343,2023-02-11 14:30:00+00:00,1676125800,78,2022,Regular Season - 20,162,Werder Bremen,165,Borussia Dortmund,0,2,FT,F. Brych,wohninvest WESERSTADION,Bremen,0,0,A,2,-2,2,5,1,20,162.0,13.0,36.0,LDLLL,165.0,2.0,71.0,DWWWD,0,1,4,1,3,2,0,11
871336,2023-02-11 17:30:00+00:00,1676136600,78,2022,Regular Season - 20,173,RB Leipzig,182,Union Berlin,1,2,FT,D. Schlager,Red Bull Arena,Leipzig,1,0,A,3,-1,2,5,1,20,173.0,3.0,66.0,WWWWW,182.0,4.0,62.0,WLWLD,5,0,0,15,2,1,2,7
871341,2023-02-12 14:30:00+00:00,1676212200,78,2022,Regular Season - 20,159,Hertha Berlin,163,Borussia Monchengladbach,4,1,FT,C. Dingert,Olympiastadion Berlin,Berlin,1,1,H,5,3,2,6,1,20,159.0,18.0,29.0,WDLWL,163.0,10.0,43.0,WDLWL,2,1,2,7,2,1,2,7
871338,2023-02-12 16:30:00+00:00,1676219400,78,2022,Regular Season - 20,192,1. FC Köln,169,Eintracht Frankfurt,3,0,FT,D. Siebert,RheinEnergieStadion,Köln,0,0,H,3,3,2,6,1,20,192.0,11.0,42.0,LDWWL,169.0,7.0,50.0,WDWLD,2,1,2,7,2,2,1,8
871351,2023-02-17 19:30:00+00:00,1676662200,78,2022,Regular Season - 21,170,FC Augsburg,167,1899 Hoffenheim,1,0,FT,P. Ittrich,WWK Arena,Augsburg,0,0,H,1,1,2,4,0,21,170.0,15.0,34.0,LLLWD,167.0,12.0,36.0,DWLWL,1,1,3,4,2,1,2,7
871350,2023-02-18 14:30:00+00:00,1676730600,78,2022,Regular Season - 21,176,Vfl Bochum,160,SC Freiburg,0,2,FT,F. Zwayer,Vonovia Ruhrstadion,Bochum,0,1,A,2,-2,2,5,1,21,176.0,14.0,35.0,WDWLD,160.0,5.0,59.0,LWLLW,2,2,1,8,2,0,3,6
871352,2023-02-18 14:30:00+00:00,1676730600,78,2022,Regular Season - 21,172,VfB Stuttgart,192,1. FC Köln,3,0,FT,B. Cortus,Mercedes-Benz-Arena,Stuttgart,1,0,H,3,3,2,5,1,21,172.0,16.0,33.0,DWDLW,192.0,11.0,42.0,LDWWL,2,2,1,8,2,1,2,7
871349,2023-02-18 14:30:00+00:00,1676730600,78,2022,Regular Season - 21,161,VfL Wolfsburg,173,RB Leipzig,0,3,FT,D. Aytekin,VOLKSWAGEN ARENA,Wolfsburg,0,1,A,3,-3,2,5,1,21,161.0,8.0,49.0,LLWLW,173.0,3.0,66.0,WWWWW,2,0,3,6,5,0,0,15
871347,2023-02-18 14:30:00+00:00,1676730600,78,2022,Regular Season - 21,163,Borussia Monchengladbach,157,Bayern Munich,3,2,FT,T. Welz,Stadion im BORUSSIA-PARK,Mönchengladbach,1,1,H,5,1,2,5,1,21,163.0,10.0,43.0,WDLWL,157.0,1.0,71.0,WLWWW,2,1,2,7,4,0,1,12
871348,2023-02-18 17:30:00+00:00,1676741400,78,2022,Regular Season - 21,169,Eintracht Frankfurt,162,Werder Bremen,2,0,FT,B. Dankert,Deutsche Bank Park,Frankfurt am Main,1,0,H,2,2,2,5,1,21,169.0,7.0,50.0,WDWLD,162.0,13.0,36.0,LDLLL,2,2,1,8,0,1,4,1
871346,2023-02-19 14:30:00+00:00,1676817000,78,2022,Regular Season - 21,182,Union Berlin,174,FC Schalke 04,0,0,FT,T. Reichel,Stadion An der Alten Försterei,Berlin,0,0,D,0,0,2,6,1,21,182.0,4.0,62.0,WLWLD,174.0,17.0,31.0,LDLWW,2,1,2,7,2,1,2,7
871344,2023-02-19 16:30:00+00:00,1676824200,78,2022,Regular Season - 21,165,Borussia Dortmund,159,Hertha Berlin,4,1,FT,H. Osmers,SIGNAL IDUNA PARK,Dortmund,2,0,H,5,3,2,6,1,21,165.0,2.0,71.0,DWWWD,159.0,18.0,29.0,WDLWL,3,2,0,11,2,1,2,7
871345,2023-02-19 18:30:00+00:00,1676831400,78,2022,Regular Season - 21,168,Bayer Leverkusen,164,FSV Mainz 05,2,3,FT,R. Schröder,BayArena,Leverkusen,1,2,A,5,-1,2,6,1,21,168.0,6.0,50.0,LDDLD,164.0,9.0,46.0,DLLLL,0,3,2,3,0,1,4,1
871357,2023-02-24 19:30:00+00:00,1677267000,78,2022,Regular Season - 22,164,FSV Mainz 05,163,Borussia Monchengladbach,4,0,FT,R. Hartmann,MEWA ARENA,Mainz,1,0,H,4,4,2,4,0,22,164.0,9.0,46.0,DLLLL,163.0,10.0,43.0,WDLWL,0,1,4,1,2,1,2,7
871356,2023-02-25 14:30:00+00:00,1677335400,78,2022,Regular Season - 22,192,1. FC Köln,161,VfL Wolfsburg,0,2,FT,F. Willenborg,RheinEnergieStadion,Köln,0,1,A,2,-2,2,5,1,22,192.0,11.0,42.0,LDWWL,161.0,8.0,49.0,LLWLW,2,1,2,7,2,0,3,6
871354,2023-02-25 14:30:00+00:00,1677335400,78,2022,Regular Season - 22,173,RB Leipzig,169,Eintracht Frankfurt,2,1,FT,F. Brych,Red Bull Arena,Leipzig,2,0,H,3,1,2,5,1,22,173.0,3.0,66.0,WWWWW,169.0,7.0,50.0,WDWLD,5,0,0,15,2,2,1,8
871359,2023-02-25 14:30:00+00:00,1677335400,78,2022,Regular Season - 22,159,Hertha Berlin,170,FC Augsburg,2,0,FT,M. Jöllenbeck,Olympiastadion Berlin,Berlin,0,0,H,2,2,2,5,1,22,159.0,18.0,29.0,WDLWL,170.0,15.0,34.0,LLLWD,2,1,2,7,1,1,3,4
871361,2023-02-25 14:30:00+00:00,1677335400,78,2022,Regular Season - 22,162,Werder Bremen,176,Vfl Bochum,3,0,FT,F. Badstübner,wohninvest WESERSTADION,Bremen,2,0,H,3,3,2,5,1,22,162.0,13.0,36.0,LDLLL,176.0,14.0,35.0,WDWLD,0,1,4,1,2,2,1,8
871358,2023-02-25 14:30:00+00:00,1677335400,78,2022,Regular Season - 22,167,1899 Hoffenheim,165,Borussia Dortmund,0,1,FT,M. Petersen,PreZero Arena,Sinsheim,0,1,A,1,-1,2,5,1,22,167.0,12.0,36.0,DWLWL,165.0,2.0,71.0,DWWWD,2,1,2,7,3,2,0,11
871360,2023-02-25 17:30:00+00:00,1677346200,78,2022,Regular Season - 22,174,FC Schalke 04,172,VfB Stuttgart,2,1,FT,D. Aytekin,VELTINS-Arena,Gelsenkirchen,2,0,H,3,1,2,5,1,22,174.0,17.0,31.0,LDLWW,172.0,16.0,33.0,DWDLW,2,1,2,7,2,2,1,8
871355,2023-02-26 14:30:00+00:00,1677421800,78,2022,Regular Season - 22,160,SC Freiburg,168,Bayer Leverkusen,1,1,FT,D. Siebert,Europa-Park Stadion,Freiburg im Breisgau,1,0,D,2,0,2,6,1,22,160.0,5.0,59.0,LWLLW,168.0,6.0,50.0,LDDLD,2,0,3,6,0,3,2,3
871353,2023-02-26 16:30:00+00:00,1677429000,78,2022,Regular Season - 22,157,Bayern Munich,182,Union Berlin,3,0,FT,M. Fritz,Allianz Arena,München,3,0,H,3,3,2,6,1,22,157.0,1.0,71.0,WLWWW,182.0,4.0,62.0,WLWLD,4,0,1,12,2,1,2,7
871362,2023-03-03 19:30:00+00:00,1677871800,78,2022,Regular Season - 23,165,Borussia Dortmund,173,RB Leipzig,2,1,FT,S. Jablonski,SIGNAL IDUNA PARK,Dortmund,2,0,H,3,1,3,4,0,23,165.0,2.0,71.0,DWWWD,173.0,3.0,66.0,WWWWW,3,2,0,11,5,0,0,15
871366,2023-03-04 14:30:00+00:00,1677940200,78,2022,Regular Season - 23,163,Borussia Monchengladbach,160,SC Freiburg,0,0,FT,B. Brand,Stadion im BORUSSIA-PARK,Mönchengladbach,0,0,D,0,0,3,5,1,23,163.0,10.0,43.0,WDLWL,160.0,5.0,59.0,LWLLW,2,1,2,7,2,0,3,6
871365,2023-03-04 14:30:00+00:00,1677940200,78,2022,Regular Season - 23,164,FSV Mainz 05,167,1899 Hoffenheim,1,0,FT,S. Stegemann,MEWA ARENA,Mainz,1,0,H,1,1,3,5,1,23,164.0,9.0,46.0,DLLLL,167.0,12.0,36.0,DWLWL,0,1,4,1,2,1,2,7
871369,2023-03-04 14:30:00+00:00,1677940200,78,2022,Regular Season - 23,170,FC Augsburg,162,Werder Bremen,2,1,FT,F. Zwayer,WWK Arena,Augsburg,1,1,H,3,1,3,5,1,23,170.0,15.0,34.0,LLLWD,162.0,13.0,36.0,LDLLL,1,1,3,4,0,1,4,1
871368,2023-03-04 14:30:00+00:00,1677940200,78,2022,Regular Season - 23,176,Vfl Bochum,174,FC Schalke 04,0,2,FT,F. Brych,Vonovia Ruhrstadion,Bochum,0,1,A,2,-2,3,5,1,23,176.0,14.0,35.0,WDWLD,174.0,17.0,31.0,LDLWW,2,2,1,8,2,1,2,7
871364,2023-03-04 14:30:00+00:00,1677940200,78,2022,Regular Season - 23,182,Union Berlin,192,1. FC Köln,0,0,FT,T. Stieler,Stadion An der Alten Försterei,Berlin,0,0,D,0,0,3,5,1,23,182.0,4.0,62.0,WLWLD,192.0,11.0,42.0,LDWWL,2,1,2,7,2,1,2,7
871370,2023-03-04 17:30:00+00:00,1677951000,78,2022,Regular Season - 23,172,VfB Stuttgart,157,Bayern Munich,1,2,FT,C. Dingert,Mercedes-Benz-Arena,Stuttgart,0,1,A,3,-1,3,5,1,23,172.0,16.0,33.0,DWDLW,157.0,1.0,71.0,WLWWW,2,2,1,8,4,0,1,12
871363,2023-03-05 14:30:00+00:00,1678026600,78,2022,Regular Season - 23,168,Bayer Leverkusen,159,Hertha Berlin,4,1,FT,P. Ittrich,BayArena,Leverkusen,2,0,H,5,3,3,6,1,23,168.0,6.0,50.0,LDDLD,159.0,18.0,29.0,WDLWL,0,3,2,3,2,1,2,7
871367,2023-03-05 16:30:00+00:00,1678033800,78,2022,Regular Season - 23,161,VfL Wolfsburg,169,Eintracht Frankfurt,2,2,FT,D. Schlager,VOLKSWAGEN ARENA,Wolfsburg,2,2,D,4,0,3,6,1,23,161.0,8.0,49.0,LLWLW,169.0,7.0,50.0,WDWLD,2,0,3,6,2,2,1,8
871374,2023-03-10 19:30:00+00:00,1678476600,78,2022,Regular Season - 24,192,1. FC Köln,176,Vfl Bochum,0,2,FT,T. Welz,RheinEnergieStadion,Köln,0,1,A,2,-2,3,4,0,24,192.0,11.0,42.0,LDWWL,176.0,14.0,35.0,WDWLD,2,1,2,7,2,2,1,8
871372,2023-03-11 14:30:00+00:00,1678545000,78,2022,Regular Season - 24,173,RB Leipzig,163,Borussia Monchengladbach,3,0,FT,M. Jöllenbeck,Red Bull Arena,Leipzig,0,0,H,3,3,3,5,1,24,173.0,3.0,66.0,WWWWW,163.0,10.0,43.0,WDLWL,5,0,0,15,2,1,2,7
871375,2023-03-11 14:30:00+00:00,1678545000,78,2022,Regular Season - 24,169,Eintracht Frankfurt,172,VfB Stuttgart,1,1,FT,R. Hartmann,Deutsche Bank Park,Frankfurt am Main,0,0,D,2,0,3,5,1,24,169.0,7.0,50.0,WDWLD,172.0,16.0,33.0,DWDLW,2,2,1,8,2,2,1,8
871371,2023-03-11 14:30:00+00:00,1678545000,78,2022,Regular Season - 24,157,Bayern Munich,170,FC Augsburg,5,3,FT,F. Badstübner,Allianz Arena,München,4,1,H,8,2,3,5,1,24,157.0,1.0,71.0,WLWWW,170.0,15.0,34.0,LLLWD,4,0,1,12,1,1,3,4
871377,2023-03-11 14:30:00+00:00,1678545000,78,2022,Regular Season - 24,159,Hertha Berlin,164,FSV Mainz 05,1,1,FT,B. Cortus,Olympiastadion Berlin,Berlin,1,0,D,2,0,3,5,1,24,159.0,18.0,29.0,WDLWL,164.0,9.0,46.0,DLLLL,2,1,2,7,0,1,4,1
871378,2023-03-11 17:30:00+00:00,1678555800,78,2022,Regular Season - 24,174,FC Schalke 04,165,Borussia Dortmund,2,2,FT,M. Fritz,VELTINS-Arena,Gelsenkirchen,0,1,D,4,0,3,5,1,24,174.0,17.0,31.0,LDLWW,165.0,2.0,71.0,DWWWD,2,1,2,7,3,2,0,11
871373,2023-03-12 14:30:00+00:00,1678631400,78,2022,Regular Season - 24,160,SC Freiburg,167,1899 Hoffenheim,2,1,FT,H. Osmers,Europa-Park Stadion,Freiburg im Breisgau,1,0,H,3,1,3,6,1,24,160.0,5.0,59.0,LWLLW,167.0,12.0,36.0,DWLWL,2,0,3,6,2,1,2,7
871379,2023-03-12 16:30:00+00:00,1678638600,78,2022,Regular Season - 24,162,Werder Bremen,168,Bayer Leverkusen,2,3,FT,D. Aytekin,wohninvest WESERSTADION,Bremen,1,1,A,5,-1,3,6,1,24,162.0,13.0,36.0,LDLLL,168.0,6.0,50.0,LDDLD,0,1,4,1,0,3,2,3
871376,2023-03-12 18:30:00+00:00,1678645800,78,2022,Regular Season - 24,161,VfL Wolfsburg,182,Union Berlin,1,1,FT,R. Schröder,VOLKSWAGEN ARENA,Wolfsburg,0,0,D,2,0,3,6,1,24,161.0,8.0,49.0,LLWLW,182.0,4.0,62.0,WLWLD,2,0,3,6,2,1,2,7
871385,2023-03-17 19:30:00+00:00,1679081400,78,2022,Regular Season - 25,163,Borussia Monchengladbach,162,Werder Bremen,2,2,FT,T. Reichel,Stadion im BORUSSIA-PARK,Mönchengladbach,0,0,D,4,0,3,4,0,25,163.0,10.0,43.0,WDLWL,162.0,13.0,36.0,LDLLL,2,1,2,7,0,1,4,1
871386,2023-03-18 14:30:00+00:00,1679149800,78,2022,Regular Season - 25,176,Vfl Bochum,173,RB Leipzig,1,0,FT,S. Stegemann,Vonovia Ruhrstadion,Bochum,0,0,H,1,1,3,5,1,25,176.0,14.0,35.0,WDWLD,173.0,3.0,66.0,WWWWW,2,2,1,8,5,0,0,15
871388,2023-03-18 14:30:00+00:00,1679149800,78,2022,Regular Season - 25,172,VfB Stuttgart,161,VfL Wolfsburg,0,1,FT,F. Brych,Mercedes-Benz-Arena,Stuttgart,0,0,A,1,-1,3,5,1,25,172.0,16.0,33.0,DWDLW,161.0,8.0,49.0,LLWLW,2,2,1,8,2,0,3,6
871387,2023-03-18 14:30:00+00:00,1679149800,78,2022,Regular Season - 25,170,FC Augsburg,174,FC Schalke 04,1,1,FT,D. Schlager,WWK Arena,Augsburg,0,0,D,2,0,3,5,1,25,170.0,15.0,34.0,LLLWD,174.0,17.0,31.0,LDLWW,1,1,3,4,2,1,2,7
871384,2023-03-18 14:30:00+00:00,1679149800,78,2022,Regular Season - 25,167,1899 Hoffenheim,159,Hertha Berlin,3,1,FT,F. Willenborg,PreZero Arena,Sinsheim,2,0,H,4,2,3,5,1,25,167.0,12.0,36.0,DWLWL,159.0,18.0,29.0,WDLWL,2,1,2,7,2,1,2,7
871380,2023-03-18 17:30:00+00:00,1679160600,78,2022,Regular Season - 25,165,Borussia Dortmund,192,1. FC Köln,6,1,FT,D. Siebert,SIGNAL IDUNA PARK,Dortmund,4,1,H,7,5,3,5,1,25,165.0,2.0,71.0,DWWWD,192.0,11.0,42.0,LDWWL,3,2,0,11,2,1,2,7
871382,2023-03-19 14:30:00+00:00,1679236200,78,2022,Regular Season - 25,182,Union Berlin,169,Eintracht Frankfurt,2,0,FT,C. Dingert,Stadion An der Alten Försterei,Berlin,0,0,H,2,2,3,6,1,25,182.0,4.0,62.0,WLWLD,169.0,7.0,50.0,WDWLD,2,1,2,7,2,2,1,8
871381,2023-03-19 16:30:00+00:00,1679243400,78,2022,Regular Season - 25,168,Bayer Leverkusen,157,Bayern Munich,2,1,FT,T. Stieler,BayArena,Leverkusen,0,1,H,3,1,3,6,1,25,168.0,6.0,50.0,LDDLD,157.0,1.0,71.0,WLWWW,0,3,2,3,4,0,1,12
871383,2023-03-19 18:30:00+00:00,1679250600,78,2022,Regular Season - 25,164,FSV Mainz 05,160,SC Freiburg,1,1,FT,B. Dankert,MEWA ARENA,Mainz,0,0,D,2,0,3,6,1,25,164.0,9.0,46.0,DLLLL,160.0,5.0,59.0,LWLLW,0,1,4,1,2,0,3,6
871394,2023-03-31 18:30:00+00:00,1680287400,78,2022,Regular Season - 26,169,Eintracht Frankfurt,176,Vfl Bochum,1,1,FT,H. Osmers,Deutsche Bank Park,Frankfurt am Main,1,1,D,2,0,3,4,0,26,169.0,7.0,50.0,WDWLD,176.0,14.0,35.0,WDWLD,2,2,1,8,2,2,1,8
871396,2023-04-01 13:30:00+00:00,1680355800,78,2022,Regular Season - 26,174,FC Schalke 04,168,Bayer Leverkusen,0,3,FT,D. Aytekin,VELTINS-Arena,Gelsenkirchen,0,0,A,3,-3,4,5,1,26,174.0,17.0,31.0,LDLWW,168.0,6.0,50.0,LDDLD,2,1,2,7,0,3,2,3
871390,2023-04-01 13:30:00+00:00,1680355800,78,2022,Regular Season - 26,173,RB Leipzig,164,FSV Mainz 05,0,3,FT,C. Dingert,Red Bull Arena,Leipzig,0,1,A,3,-3,4,5,1,26,173.0,3.0,66.0,WWWWW,164.0,9.0,46.0,DLLLL,5,0,0,15,0,1,4,1
871391,2023-04-01 13:30:00+00:00,1680355800,78,2022,Regular Season - 26,182,Union Berlin,172,VfB Stuttgart,3,0,FT,F. Badstübner,Stadion An der Alten Försterei,Berlin,0,0,H,3,3,4,5,1,26,182.0,4.0,62.0,WLWLD,172.0,16.0,33.0,DWDLW,2,1,2,7,2,2,1,8
871392,2023-04-01 13:30:00+00:00,1680355800,78,2022,Regular Season - 26,160,SC Freiburg,159,Hertha Berlin,1,1,FT,S. Jablonski,Europa-Park Stadion,Freiburg im Breisgau,0,0,D,2,0,4,5,1,26,160.0,5.0,59.0,LWLLW,159.0,18.0,29.0,WDLWL,2,0,3,6,2,1,2,7
871395,2023-04-01 13:30:00+00:00,1680355800,78,2022,Regular Season - 26,161,VfL Wolfsburg,170,FC Augsburg,2,2,FT,M. Petersen,VOLKSWAGEN ARENA,Wolfsburg,0,2,D,4,0,4,5,1,26,161.0,8.0,49.0,LLWLW,170.0,15.0,34.0,LLLWD,2,0,3,6,1,1,3,4
871389,2023-04-01 16:30:00+00:00,1680366600,78,2022,Regular Season - 26,157,Bayern Munich,165,Borussia Dortmund,4,2,FT,M. Fritz,Allianz Arena,München,3,0,H,6,2,4,5,1,26,157.0,1.0,71.0,WLWWW,165.0,2.0,71.0,DWWWD,4,0,1,12,3,2,0,11
871393,2023-04-02 13:30:00+00:00,1680442200,78,2022,Regular Season - 26,192,1. FC Köln,163,Borussia Monchengladbach,0,0,FT,F. Zwayer,RheinEnergieStadion,Köln,0,0,D,0,0,4,6,1,26,192.0,11.0,42.0,LDWWL,163.0,10.0,43.0,WDLWL,2,1,2,7,2,1,2,7
871397,2023-04-02 15:30:00+00:00,1680449400,78,2022,Regular Season - 26,162,Werder Bremen,167,1899 Hoffenheim,1,2,FT,S. Stegemann,wohninvest WESERSTADION,Bremen,0,0,A,3,-1,4,6,1,26,162.0,13.0,36.0,LDLLL,167.0,12.0,36.0,DWLWL,0,1,4,1,2,1,2,7
871399,2023-04-08 13:30:00+00:00,1680960600,78,2022,Regular Season - 27,168,Bayer Leverkusen,169,Eintracht Frankfurt,3,1,FT,R. Hartmann,BayArena,Leverkusen,2,0,H,4,2,4,5,1,27,168.0,6.0,50.0,LDDLD,169.0,7.0,50.0,WDWLD,0,3,2,3,2,2,1,8
871398,2023-04-08 13:30:00+00:00,1680960600,78,2022,Regular Season - 27,165,Borussia Dortmund,182,Union Berlin,2,1,FT,D. Schlager,SIGNAL IDUNA PARK,Dortmund,1,0,H,3,1,4,5,1,27,165.0,2.0,71.0,DWWWD,182.0,4.0,62.0,WLWLD,3,2,0,11,2,1,2,7
871405,2023-04-08 13:30:00+00:00,1680960600,78,2022,Regular Season - 27,170,FC Augsburg,192,1. FC Köln,1,3,FT,R. Schröder,WWK Arena,Augsburg,1,2,A,4,-2,4,5,1,27,170.0,15.0,34.0,LLLWD,192.0,11.0,42.0,LDWWL,1,1,3,4,2,1,2,7
871400,2023-04-08 13:30:00+00:00,1680960600,78,2022,Regular Season - 27,160,SC Freiburg,157,Bayern Munich,0,1,FT,D. Siebert,Europa-Park Stadion,Freiburg im Breisgau,0,0,A,1,-1,4,5,1,27,160.0,5.0,59.0,LWLLW,157.0,1.0,71.0,WLWWW,2,0,3,6,4,0,1,12
871401,2023-04-08 13:30:00+00:00,1680960600,78,2022,Regular Season - 27,164,FSV Mainz 05,162,Werder Bremen,2,2,FT,B. Brand,MEWA ARENA,Mainz,0,0,D,4,0,4,5,1,27,164.0,9.0,46.0,DLLLL,162.0,13.0,36.0,LDLLL,0,1,4,1,0,1,4,1
871406,2023-04-08 16:30:00+00:00,1680971400,78,2022,Regular Season - 27,159,Hertha Berlin,173,RB Leipzig,0,1,FT,D. Aytekin,Olympiastadion Berlin,Berlin,0,1,A,1,-1,4,5,1,27,159.0,18.0,29.0,WDLWL,173.0,3.0,66.0,WWWWW,2,1,2,7,5,0,0,15
871403,2023-04-09 13:30:00+00:00,1681047000,78,2022,Regular Season - 27,163,Borussia Monchengladbach,161,VfL Wolfsburg,2,0,FT,T. Gerach,Stadion im BORUSSIA-PARK,Mönchengladbach,1,0,H,2,2,4,6,1,27,163.0,10.0,43.0,WDLWL,161.0,8.0,49.0,LLWLW,2,1,2,7,2,0,3,6
871404,2023-04-09 15:30:00+00:00,1681054200,78,2022,Regular Season - 27,176,Vfl Bochum,172,VfB Stuttgart,2,3,FT,F. Willenborg,Vonovia Ruhrstadion,Bochum,0,1,A,5,-1,4,6,1,27,176.0,14.0,35.0,WDWLD,172.0,16.0,33.0,DWDLW,2,2,1,8,2,2,1,8
871402,2023-04-09 17:30:00+00:00,1681061400,78,2022,Regular Season - 27,167,1899 Hoffenheim,174,FC Schalke 04,2,0,FT,M. Jöllenbeck,PreZero Arena,Sinsheim,1,0,H,2,2,4,6,1,27,167.0,12.0,36.0,DWLWL,174.0,17.0,31.0,LDLWW,2,1,2,7,2,1,2,7
871414,2023-04-14 18:30:00+00:00,1681497000,78,2022,Regular Season - 28,174,FC Schalke 04,159,Hertha Berlin,5,2,FT,F. Brych,VELTINS-Arena,Gelsenkirchen,2,1,H,7,3,4,4,0,28,174.0,17.0,31.0,LDLWW,159.0,18.0,29.0,WDLWL,2,1,2,7,2,1,2,7
871408,2023-04-15 13:30:00+00:00,1681565400,78,2022,Regular Season - 28,173,RB Leipzig,170,FC Augsburg,3,2,FT,M. Fritz,Red Bull Arena,Leipzig,3,1,H,5,1,4,5,1,28,173.0,3.0,66.0,WWWWW,170.0,15.0,34.0,LLLWD,5,0,0,15,1,1,3,4
871407,2023-04-15 13:30:00+00:00,1681565400,78,2022,Regular Season - 28,157,Bayern Munich,167,1899 Hoffenheim,1,1,FT,B. Dankert,Allianz Arena,München,1,0,D,2,0,4,5,1,28,157.0,1.0,71.0,WLWWW,167.0,12.0,36.0,DWLWL,4,0,1,12,2,1,2,7
871413,2023-04-15 13:30:00+00:00,1681565400,78,2022,Regular Season - 28,172,VfB Stuttgart,165,Borussia Dortmund,3,3,FT,H. Osmers,Mercedes-Benz-Arena,Stuttgart,0,2,D,6,0,4,5,1,28,172.0,16.0,33.0,DWDLW,165.0,2.0,71.0,DWWWD,2,2,1,8,3,2,0,11
871410,2023-04-15 13:30:00+00:00,1681565400,78,2022,Regular Season - 28,192,1. FC Köln,164,FSV Mainz 05,1,1,FT,B. Cortus,RheinEnergieStadion,Köln,0,1,D,2,0,4,5,1,28,192.0,11.0,42.0,LDWWL,164.0,9.0,46.0,DLLLL,2,1,2,7,0,1,4,1
871411,2023-04-15 16:30:00+00:00,1681576200,78,2022,Regular Season - 28,169,Eintracht Frankfurt,163,Borussia Monchengladbach,1,1,FT,S. Jablonski,Deutsche Bank Park,Frankfurt am Main,0,1,D,2,0,4,5,1,28,169.0,7.0,50.0,WDWLD,163.0,10.0,43.0,WDLWL,2,2,1,8,2,1,2,7
871415,2023-04-16 13:30:00+00:00,1681651800,78,2022,Regular Season - 28,162,Werder Bremen,160,SC Freiburg,1,2,FT,F. Badstübner,wohninvest WESERSTADION,Bremen,0,0,A,3,-1,4,6,1,28,162.0,13.0,36.0,LDLLL,160.0,5.0,59.0,LWLLW,0,1,4,1,2,0,3,6
871409,2023-04-16 15:30:00+00:00,1681659000,78,2022,Regular Season - 28,182,Union Berlin,176,Vfl Bochum,1,1,FT,T. Stieler,Stadion An der Alten Försterei,Berlin,1,0,D,2,0,4,6,1,28,182.0,4.0,62.0,WLWLD,176.0,14.0,35.0,WDWLD,2,1,2,7,2,2,1,8
871412,2023-04-16 17:30:00+00:00,1681666200,78,2022,Regular Season - 28,161,VfL Wolfsburg,168,Bayer Leverkusen,0,0,FT,S. Stegemann,VOLKSWAGEN ARENA,Wolfsburg,0,0,D,0,0,4,6,1,28,161.0,8.0,49.0,LLWLW,168.0,6.0,50.0,LDDLD,2,0,3,6,0,3,2,3
871423,2023-04-21 18:30:00+00:00,1682101800,78,2022,Regular Season - 29,170,FC Augsburg,172,VfB Stuttgart,1,1,FT,C. Dingert,WWK Arena,Augsburg,1,0,D,2,0,4,4,0,29,170.0,15.0,34.0,LLLWD,172.0,16.0,33.0,DWDLW,1,1,3,4,2,2,1,8
871424,2023-04-22 13:30:00+00:00,1682170200,78,2022,Regular Season - 29,159,Hertha Berlin,162,Werder Bremen,2,4,FT,R. Schröder,Olympiastadion Berlin,Berlin,0,2,A,6,-2,4,5,1,29,159.0,18.0,29.0,WDLWL,162.0,13.0,36.0,LDLLL,2,1,2,7,0,1,4,1
871419,2023-04-22 13:30:00+00:00,1682170200,78,2022,Regular Season - 29,164,FSV Mainz 05,157,Bayern Munich,3,1,FT,F. Zwayer,MEWA ARENA,Mainz,0,1,H,4,2,4,5,1,29,164.0,9.0,46.0,DLLLL,157.0,1.0,71.0,WLWWW,0,1,4,1,4,0,1,12
871420,2023-04-22 13:30:00+00:00,1682170200,78,2022,Regular Season - 29,167,1899 Hoffenheim,192,1. FC Köln,1,3,FT,R. Braun,PreZero Arena,Sinsheim,0,2,A,4,-2,4,5,1,29,167.0,12.0,36.0,DWLWL,192.0,11.0,42.0,LDWWL,2,1,2,7,2,1,2,7
871422,2023-04-22 13:30:00+00:00,1682170200,78,2022,Regular Season - 29,176,Vfl Bochum,161,VfL Wolfsburg,1,5,FT,F. Brych,Vonovia Ruhrstadion,Bochum,0,3,A,6,-4,4,5,1,29,176.0,14.0,35.0,WDWLD,161.0,8.0,49.0,LLWLW,2,2,1,8,2,0,3,6
871416,2023-04-22 16:30:00+00:00,1682181000,78,2022,Regular Season - 29,165,Borussia Dortmund,169,Eintracht Frankfurt,4,0,FT,D. Aytekin,SIGNAL IDUNA PARK,Dortmund,3,0,H,4,4,4,5,1,29,165.0,2.0,71.0,DWWWD,169.0,7.0,50.0,WDWLD,3,2,0,11,2,2,1,8
871418,2023-04-23 13:30:00+00:00,1682256600,78,2022,Regular Season - 29,160,SC Freiburg,174,FC Schalke 04,4,0,FT,R. Hartmann,Europa-Park Stadion,Freiburg im Breisgau,2,0,H,4,4,4,6,1,29,160.0,5.0,59.0,LWLLW,174.0,17.0,31.0,LDLWW,2,0,3,6,2,1,2,7
871417,2023-04-23 15:30:00+00:00,1682263800,78,2022,Regular Season - 29,168,Bayer Leverkusen,173,RB Leipzig,2,0,FT,D. Schlager,BayArena,Leverkusen,1,0,H,2,2,4,6,1,29,168.0,6.0,50.0,LDDLD,173.0,3.0,66.0,WWWWW,0,3,2,3,5,0,0,15
871421,2023-04-23 17:30:00+00:00,1682271000,78,2022,Regular Season - 29,163,Borussia Monchengladbach,182,Union Berlin,0,1,FT,M. Petersen,Stadion im BORUSSIA-PARK,Mönchengladbach,0,0,A,1,-1,4,6,1,29,163.0,10.0,43.0,WDLWL,182.0,4.0,62.0,WLWLD,2,1,2,7,2,1,2,7
871431,2023-04-28 18:30:00+00:00,1682706600,78,2022,Regular Season - 30,176,Vfl Bochum,165,Borussia Dortmund,1,1,FT,S. Stegemann,Vonovia Ruhrstadion,Bochum,1,1,D,2,0,4,4,0,30,176.0,14.0,35.0,WDWLD,165.0,2.0,71.0,DWWWD,2,2,1,8,3,2,0,11
871429,2023-04-29 13:30:00+00:00,1682775000,78,2022,Regular Season - 30,169,Eintracht Frankfurt,170,FC Augsburg,1,1,FT,F. Willenborg,Deutsche Bank Park,Frankfurt am Main,1,0,D,2,0,4,5,1,30,169.0,7.0,50.0,WDWLD,170.0,15.0,34.0,LLLWD,2,2,1,8,1,1,3,4
871432,2023-04-29 13:30:00+00:00,1682775000,78,2022,Regular Season - 30,172,VfB Stuttgart,163,Borussia Monchengladbach,2,1,FT,T. Welz,Mercedes-Benz-Arena,Stuttgart,1,0,H,3,1,4,5,1,30,172.0,16.0,33.0,DWDLW,163.0,10.0,43.0,WDLWL,2,2,1,8,2,1,2,7
871426,2023-04-29 13:30:00+00:00,1682775000,78,2022,Regular Season - 30,173,RB Leipzig,167,1899 Hoffenheim,1,0,FT,T. Stieler,Red Bull Arena,Leipzig,1,0,H,1,1,4,5,1,30,173.0,3.0,66.0,WWWWW,167.0,12.0,36.0,DWLWL,5,0,0,15,2,1,2,7
871427,2023-04-29 13:30:00+00:00,1682775000,78,2022,Regular Season - 30,182,Union Berlin,168,Bayer Leverkusen,0,0,FT,M. Fritz,Stadion An der Alten Försterei,Berlin,0,0,D,0,0,4,5,1,30,182.0,4.0,62.0,WLWLD,168.0,6.0,50.0,LDDLD,2,1,2,7,0,3,2,3
871428,2023-04-29 13:30:00+00:00,1682775000,78,2022,Regular Season - 30,192,1. FC Köln,160,SC Freiburg,0,1,FT,T. Reichel,RheinEnergieStadion,Köln,0,0,A,1,-1,4,5,1,30,192.0,11.0,42.0,LDWWL,160.0,5.0,59.0,LWLLW,2,1,2,7,2,0,3,6
871433,2023-04-29 16:30:00+00:00,1682785800,78,2022,Regular Season - 30,174,FC Schalke 04,162,Werder Bremen,2,1,FT,B. Dankert,VELTINS-Arena,Gelsenkirchen,0,1,H,3,1,4,5,1,30,174.0,17.0,31.0,LDLWW,162.0,13.0,36.0,LDLLL,2,1,2,7,0,1,4,1
871425,2023-04-30 13:30:00+00:00,1682861400,78,2022,Regular Season - 30,157,Bayern Munich,159,Hertha Berlin,2,0,FT,P. Ittrich,Allianz Arena,München,0,0,H,2,2,4,6,1,30,157.0,1.0,71.0,WLWWW,159.0,18.0,29.0,WDLWL,4,0,1,12,2,1,2,7
871430,2023-04-30 15:30:00+00:00,1682868600,78,2022,Regular Season - 30,161,VfL Wolfsburg,164,FSV Mainz 05,3,0,FT,D. Siebert,VOLKSWAGEN ARENA,Wolfsburg,3,0,H,3,3,4,6,1,30,161.0,8.0,49.0,LLWLW,164.0,9.0,46.0,DLLLL,2,0,3,6,0,1,4,1
871437,2023-05-05 18:30:00+00:00,1683311400,78,2022,Regular Season - 31,164,FSV Mainz 05,174,FC Schalke 04,2,3,FT,M. Jöllenbeck,MEWA ARENA,Mainz,0,1,A,5,-1,5,4,0,31,164.0,9.0,46.0,DLLLL,174.0,17.0,31.0,LDLWW,0,1,4,1,2,1,2,7
871435,2023-05-05 18:30:00+00:00,1683311400,78,2022,Regular Season - 31,168,Bayer Leverkusen,192,1. FC Köln,1,2,FT,F. Zwayer,BayArena,Leverkusen,1,2,A,3,-1,5,4,0,31,168.0,6.0,50.0,LDDLD,192.0,11.0,42.0,LDWWL,0,3,2,3,2,1,2,7
871441,2023-05-06 13:30:00+00:00,1683379800,78,2022,Regular Season - 31,159,Hertha Berlin,172,VfB Stuttgart,2,1,FT,D. Aytekin,Olympiastadion Berlin,Berlin,2,1,H,3,1,5,5,1,31,159.0,18.0,29.0,WDLWL,172.0,16.0,33.0,DWDLW,2,1,2,7,2,2,1,8
871436,2023-05-06 13:30:00+00:00,1683379800,78,2022,Regular Season - 31,160,SC Freiburg,173,RB Leipzig,0,1,FT,T. Welz,Europa-Park Stadion,Freiburg im Breisgau,0,0,A,1,-1,5,5,1,31,160.0,5.0,59.0,LWLLW,173.0,3.0,66.0,WWWWW,2,0,3,6,5,0,0,15
871439,2023-05-06 13:30:00+00:00,1683379800,78,2022,Regular Season - 31,163,Borussia Monchengladbach,176,Vfl Bochum,2,0,FT,R. Schröder,Stadion im BORUSSIA-PARK,Mönchengladbach,1,0,H,2,2,5,5,1,31,163.0,10.0,43.0,WDLWL,176.0,14.0,35.0,WDWLD,2,1,2,7,2,2,1,8
871438,2023-05-06 13:30:00+00:00,1683379800,78,2022,Regular Season - 31,167,1899 Hoffenheim,169,Eintracht Frankfurt,3,1,FT,H. Osmers,PreZero Arena,Sinsheim,3,0,H,4,2,5,5,1,31,167.0,12.0,36.0,DWLWL,169.0,7.0,50.0,WDWLD,2,1,2,7,2,2,1,8
871440,2023-05-06 13:30:00+00:00,1683379800,78,2022,Regular Season - 31,170,FC Augsburg,182,Union Berlin,1,0,FT,F. Badstübner,WWK Arena,Augsburg,0,0,H,1,1,5,5,1,31,170.0,15.0,34.0,LLLWD,182.0,4.0,62.0,WLWLD,1,1,3,4,2,1,2,7
871442,2023-05-06 16:30:00+00:00,1683390600,78,2022,Regular Season - 31,162,Werder Bremen,157,Bayern Munich,1,2,FT,C. Dingert,wohninvest WESERSTADION,Bremen,0,0,A,3,-1,5,5,1,31,162.0,13.0,36.0,LDLLL,157.0,1.0,71.0,WLWWW,0,1,4,1,4,0,1,12
871434,2023-05-07 15:30:00+00:00,1683473400,78,2022,Regular Season - 31,165,Borussia Dortmund,161,VfL Wolfsburg,6,0,FT,M. Fritz,SIGNAL IDUNA PARK,Dortmund,3,0,H,6,6,5,6,1,31,165.0,2.0,71.0,DWWWD,161.0,8.0,49.0,LLWLW,3,2,0,11,2,0,3,6
871447,2023-05-12 18:30:00+00:00,1683916200,78,2022,Regular Season - 32,192,1. FC Köln,159,Hertha Berlin,5,2,FT,S. Jablonski,RheinEnergieStadion,Köln,3,2,H,7,3,5,4,0,32,192.0,11.0,42.0,LDWWL,159.0,18.0,29.0,WDLWL,2,1,2,7,2,1,2,7
871443,2023-05-13 13:30:00+00:00,1683984600,78,2022,Regular Season - 32,157,Bayern Munich,174,FC Schalke 04,6,0,FT,R. Schröder,Allianz Arena,München,2,0,H,6,6,5,5,1,32,157.0,1.0,71.0,WLWWW,174.0,17.0,31.0,LDLWW,4,0,1,12,2,1,2,7
871449,2023-05-13 13:30:00+00:00,1683984600,78,2022,Regular Season - 32,161,VfL Wolfsburg,167,1899 Hoffenheim,2,1,FT,T. Stieler,VOLKSWAGEN ARENA,Wolfsburg,1,0,H,3,1,5,5,1,32,161.0,8.0,49.0,LLWLW,167.0,12.0,36.0,DWLWL,2,0,3,6,2,1,2,7
871448,2023-05-13 13:30:00+00:00,1683984600,78,2022,Regular Season - 32,169,Eintracht Frankfurt,164,FSV Mainz 05,3,0,FT,F. Brych,Deutsche Bank Park,Frankfurt am Main,2,0,H,3,3,5,5,1,32,169.0,7.0,50.0,WDWLD,164.0,9.0,46.0,DLLLL,2,2,1,8,0,1,4,1
871450,2023-05-13 13:30:00+00:00,1683984600,78,2022,Regular Season - 32,176,Vfl Bochum,170,FC Augsburg,3,2,FT,P. Ittrich,Vonovia Ruhrstadion,Bochum,1,1,H,5,1,5,5,1,32,176.0,14.0,35.0,WDWLD,170.0,15.0,34.0,LLLWD,2,2,1,8,1,1,3,4
871446,2023-05-13 13:30:00+00:00,1683984600,78,2022,Regular Season - 32,182,Union Berlin,160,SC Freiburg,4,2,FT,M. Fritz,Stadion An der Alten Försterei,Berlin,3,0,H,6,2,5,5,1,32,182.0,4.0,62.0,WLWLD,160.0,5.0,59.0,LWLLW,2,1,2,7,2,0,3,6
871444,2023-05-13 16:30:00+00:00,1683995400,78,2022,Regular Season - 32,165,Borussia Dortmund,163,Borussia Monchengladbach,5,2,FT,D. Schlager,SIGNAL IDUNA PARK,Dortmund,4,0,H,7,3,5,5,1,32,165.0,2.0,71.0,DWWWD,163.0,10.0,43.0,WDLWL,3,2,0,11,2,1,2,7
871451,2023-05-14 13:30:00+00:00,1684071000,78,2022,Regular Season - 32,172,VfB Stuttgart,168,Bayer Leverkusen,1,1,FT,F. Willenborg,Mercedes-Benz-Arena,Stuttgart,0,0,D,2,0,5,6,1,32,172.0,16.0,33.0,DWDLW,168.0,6.0,50.0,LDDLD,2,2,1,8,0,3,2,3
871445,2023-05-14 15:30:00+00:00,1684078200,78,2022,Regular Season - 32,173,RB Leipzig,162,Werder Bremen,2,1,FT,F. Badstübner,Red Bull Arena,Leipzig,0,0,H,3,1,5,6,1,32,173.0,3.0,66.0,WWWWW,162.0,13.0,36.0,LDLLL,5,0,0,15,0,1,4,1
871454,2023-05-19 18:30:00+00:00,1684521000,78,2022,Regular Season - 33,160,SC Freiburg,161,VfL Wolfsburg,2,0,FT,B. Dankert,Europa-Park Stadion,Freiburg im Breisgau,0,0,H,2,2,5,4,0,33,160.0,5.0,59.0,LWLLW,161.0,8.0,49.0,LLWLW,2,0,3,6,2,0,3,6
871458,2023-05-20 13:30:00+00:00,1684589400,78,2022,Regular Season - 33,159,Hertha Berlin,176,Vfl Bochum,1,1,FT,F. Brych,Olympiastadion Berlin,Berlin,0,0,D,2,0,5,5,1,33,159.0,18.0,29.0,WDLWL,176.0,14.0,35.0,WDWLD,2,1,2,7,2,2,1,8
871460,2023-05-20 13:30:00+00:00,1684589400,78,2022,Regular Season - 33,162,Werder Bremen,192,1. FC Köln,1,1,FT,R. Hartmann,wohninvest WESERSTADION,Bremen,0,1,D,2,0,5,5,1,33,162.0,13.0,36.0,LDLLL,192.0,11.0,42.0,LDWWL,0,1,4,1,2,1,2,7
871456,2023-05-20 13:30:00+00:00,1684589400,78,2022,Regular Season - 33,167,1899 Hoffenheim,182,Union Berlin,4,2,FT,C. Dingert,PreZero Arena,Sinsheim,2,1,H,6,2,5,5,1,33,167.0,12.0,36.0,DWLWL,182.0,4.0,62.0,WLWLD,2,1,2,7,2,1,2,7
871459,2023-05-20 13:30:00+00:00,1684589400,78,2022,Regular Season - 33,174,FC Schalke 04,169,Eintracht Frankfurt,2,2,FT,D. Schlager,VELTINS-Arena,Gelsenkirchen,1,1,D,4,0,5,5,1,33,174.0,17.0,31.0,LDLWW,169.0,7.0,50.0,WDWLD,2,1,2,7,2,2,1,8
871452,2023-05-20 16:30:00+00:00,1684600200,78,2022,Regular Season - 33,157,Bayern Munich,173,RB Leipzig,1,3,FT,D. Aytekin,Allianz Arena,München,1,0,A,4,-2,5,5,1,33,157.0,1.0,71.0,WLWWW,173.0,3.0,66.0,WWWWW,4,0,1,12,5,0,0,15
871455,2023-05-21 13:30:00+00:00,1684675800,78,2022,Regular Season - 33,164,FSV Mainz 05,172,VfB Stuttgart,1,4,FT,S. Jablonski,MEWA ARENA,Mainz,1,1,A,5,-3,5,6,1,33,164.0,9.0,46.0,DLLLL,172.0,16.0,33.0,DWDLW,0,1,4,1,2,2,1,8
871457,2023-05-21 15:30:00+00:00,1684683000,78,2022,Regular Season - 33,170,FC Augsburg,165,Borussia Dortmund,0,3,FT,T. Welz,WWK Arena,Augsburg,0,0,A,3,-3,5,6,1,33,170.0,15.0,34.0,LLLWD,165.0,2.0,71.0,DWWWD,1,1,3,4,3,2,0,11
871453,2023-05-21 17:30:00+00:00,1684690200,78,2022,Regular Season - 33,168,Bayer Leverkusen,163,Borussia Monchengladbach,2,2,FT,D. Siebert,BayArena,Leverkusen,2,0,D,4,0,5,6,1,33,168.0,6.0,50.0,LDDLD,163.0,10.0,43.0,WDLWL,0,3,2,3,2,1,2,7
871464,2023-05-27 13:30:00+00:00,1685194200,78,2022,Regular Season - 34,192,1. FC Köln,157,Bayern Munich,1,2,FT,S. Jablonski,RheinEnergieStadion,Köln,0,1,A,3,-1,5,5,1,34,192.0,11.0,42.0,LDWWL,157.0,1.0,71.0,WLWWW,2,1,2,7,4,0,1,12
871463,2023-05-27 13:30:00+00:00,1685194200,78,2022,Regular Season - 34,182,Union Berlin,162,Werder Bremen,1,0,FT,P. Ittrich,Stadion An der Alten Försterei,Berlin,0,0,H,1,1,5,5,1,34,182.0,4.0,62.0,WLWLD,162.0,13.0,36.0,LDLLL,2,1,2,7,0,1,4,1
871468,2023-05-27 13:30:00+00:00,1685194200,78,2022,Regular Season - 34,176,Vfl Bochum,168,Bayer Leverkusen,3,0,FT,T. Welz,Vonovia Ruhrstadion,Bochum,2,0,H,3,3,5,5,1,34,176.0,14.0,35.0,WDWLD,168.0,6.0,50.0,LDDLD,2,2,1,8,0,3,2,3
871462,2023-05-27 13:30:00+00:00,1685194200,78,2022,Regular Season - 34,173,RB Leipzig,174,FC Schalke 04,4,2,FT,H. Osmers,Red Bull Arena,Leipzig,2,1,H,6,2,5,5,1,34,173.0,3.0,66.0,WWWWW,174.0,17.0,31.0,LDLWW,5,0,0,15,2,1,2,7
871465,2023-05-27 13:30:00+00:00,1685194200,78,2022,Regular Season - 34,163,Borussia Monchengladbach,170,FC Augsburg,2,0,FT,M. Jöllenbeck,Stadion im BORUSSIA-PARK,Mönchengladbach,2,0,H,2,2,5,5,1,34,163.0,10.0,43.0,WDLWL,170.0,15.0,34.0,LLLWD,2,1,2,7,1,1,3,4
871466,2023-05-27 13:30:00+00:00,1685194200,78,2022,Regular Season - 34,169,Eintracht Frankfurt,160,SC Freiburg,2,1,FT,D. Aytekin,Deutsche Bank Park,Frankfurt am Main,0,1,H,3,1,5,5,1,34,169.0,7.0,50.0,WDWLD,160.0,5.0,59.0,LWLLW,2,2,1,8,2,0,3,6
871461,2023-05-27 13:30:00+00:00,1685194200,78,2022,Regular Season - 34,165,Borussia Dortmund,164,FSV Mainz 05,2,2,FT,M. Fritz,SIGNAL IDUNA PARK,Dortmund,0,2,D,4,0,5,5,1,34,165.0,2.0,71.0,DWWWD,164.0,9.0,46.0,DLLLL,3,2,0,11,0,1,4,1
871467,2023-05-27 13:30:00+00:00,1685194200,78,2022,Regular Season - 34,161,VfL Wolfsburg,159,Hertha Berlin,1,2,FT,B. Cortus,VOLKSWAGEN ARENA,Wolfsburg,1,0,A,3,-1,5,5,1,34,161.0,8.0,49.0,LLWLW,159.0,18.0,29.0,WDLWL,2,0,3,6,2,1,2,7
871469,2023-05-27 13:30:00+00:00,1685194200,78,2022,Regular Season - 34,172,VfB Stuttgart,167,1899 Hoffenheim,1,1,FT,R. Schröder,Mercedes-Benz-Arena,Stuttgart,0,0,D,2,0,5,5,1,34,172.0,16.0,33.0,DWDLW,167.0,12.0,36.0,DWLWL,2,2,1,8,2,1,2,7
1029007,2023-06-01 18:45:00+00:00,1685645100,78,2022,Relegation Round,172,VfB Stuttgart,175,Hamburger SV,3,0,FT,T. Welz,Mercedes-Benz-Arena,Stuttgart,1,0,H,3,3,6,3,0,0,172.0,16.0,33.0,DWDLW,168.56677524429966,9.521172638436482,46.78827361563518,,2,2,1,8,0,0,0,0
1029008,2023-06-05 18:45:00+00:00,1685990700,78,2022,Relegation Round,175,Hamburger SV,172,VfB Stuttgart,1,3,FT,B. Dankert,Volksparkstadion,Hamburg,1,0,A,4,-2,6,0,0,0,168.56677524429966,9.521172638436482,46.78827361563518,,172.0,16.0,33.0,DWDLW,0,0,0,0,2,2,1,8
1048881,2023-08-18 18:30:00+00:00,1692383400,78,2023,Regular Season - 1,162,Werder Bremen,157,Bayern Munich,0,4,FT,F. Zwayer,wohninvest WESERSTADION,Bremen,0,1,A,4,-4,8,4,0,1,162.0,9.0,42.0,WDDWW,157.0,3.0,72.0,LWLWW,3,2,0,11,3,0,2,9
1048886,2023-08-19 13:30:00+00:00,1692451800,78,2023,Regular Season - 1,161,VfL Wolfsburg,180,FC Heidenheim,2,0,FT,F. Badstübner,Volkswagen Arena,Wolfsburg,2,0,H,2,2,8,5,1,1,161.0,12.0,37.0,LLWWW,180.0,8.0,42.0,WDDWL,3,0,2,9,2,2,1,8
1048887,2023-08-19 13:30:00+00:00,1692451800,78,2023,Regular Season - 1,167,1899 Hoffenheim,160,SC Freiburg,1,2,FT,S. Jablonski,PreZero Arena,Sinsheim,0,2,A,3,-1,8,5,1,1,167.0,7.0,46.0,WWDLW,160.0,10.0,42.0,LDDLD,3,1,1,10,0,3,2,3
1048884,2023-08-19 13:30:00+00:00,1692451800,78,2023,Regular Season - 1,168,Bayer Leverkusen,173,RB Leipzig,3,2,FT,F. Brych,BayArena,Leverkusen,2,1,H,5,1,8,5,1,1,168.0,1.0,90.0,WWWDD,173.0,4.0,65.0,DDDWW,3,2,0,11,2,3,0,9
1048888,2023-08-19 13:30:00+00:00,1692451800,78,2023,Regular Season - 1,170,FC Augsburg,163,Borussia Monchengladbach,4,4,FT,D. Schlager,WWK Arena,Augsburg,3,3,D,8,0,8,5,1,1,170.0,11.0,39.0,LLLLL,163.0,14.0,34.0,LDDDL,0,0,5,0,0,3,2,3
1048889,2023-08-19 13:30:00+00:00,1692451800,78,2023,Regular Season - 1,172,VfB Stuttgart,176,Vfl Bochum,5,0,FT,D. Siebert,Stuttgart Arena,Stuttgart,2,0,H,5,5,8,5,1,1,172.0,2.0,73.0,WWWDL,176.0,16.0,33.0,LLWWL,3,1,1,10,2,0,3,6
1048882,2023-08-19 16:30:00+00:00,1692462600,78,2023,Regular Season - 1,165,Borussia Dortmund,192,1. FC Köln,1,0,FT,D. Aytekin,BVB Stadion Dortmund,Dortmund,0,0,H,1,1,8,5,1,1,165.0,5.0,63.0,WLWLD,192.0,17.0,27.0,LWDDL,2,1,2,7,1,2,2,5
1048883,2023-08-20 13:30:00+00:00,1692538200,78,2023,Regular Season - 1,182,Union Berlin,164,FSV Mainz 05,4,1,FT,T. Stieler,Stadion An der Alten Försterei,Berlin,2,0,H,5,3,8,6,1,1,182.0,15.0,33.0,WLLDL,164.0,13.0,35.0,WWDDD,1,1,3,4,2,3,0,9
1048885,2023-08-20 15:30:00+00:00,1692545400,78,2023,Regular Season - 1,169,Eintracht Frankfurt,181,SV Darmstadt 98,1,0,FT,H. Osmers,Frankfurt Arena,Frankfurt am Main,1,0,H,1,1,8,6,1,1,169.0,6.0,47.0,DDLLW,181.0,18.0,17.0,LLLLW,1,2,2,5,1,0,4,3
1048891,2023-08-25 18:30:00+00:00,1692988200,78,2023,Regular Season - 2,173,RB Leipzig,172,VfB Stuttgart,5,1,FT,F. Willenborg,Leipzig Stadium,Leipzig,0,1,H,6,4,8,4,0,2,173.0,4.0,65.0,DDDWW,172.0,2.0,73.0,WWWDL,2,3,0,9,3,1,1,10
1048895,2023-08-26 13:30:00+00:00,1693056600,78,2023,Regular Season - 2,192,1. FC Köln,161,VfL Wolfsburg,1,2,FT,M. Jöllenbeck,Cologne Stadium,Köln,0,0,A,3,-1,8,5,1,2,192.0,17.0,27.0,LWDDL,161.0,12.0,37.0,LLWWW,1,2,2,5,3,0,2,9
1048898,2023-08-26 13:30:00+00:00,1693056600,78,2023,Regular Season - 2,181,SV Darmstadt 98,182,Union Berlin,1,4,FT,P. Ittrich,Merck-Stadion am Böllenfalltor,Darmstadt,1,3,A,5,-3,8,5,1,2,181.0,18.0,17.0,LLLLW,182.0,15.0,33.0,WLLDL,1,0,4,3,1,1,3,4
1048892,2023-08-26 13:30:00+00:00,1693056600,78,2023,Regular Season - 2,160,SC Freiburg,162,Werder Bremen,1,0,FT,B. Brand,Europa-Park Stadion,Freiburg im Breisgau,0,0,H,1,1,8,5,1,2,160.0,10.0,42.0,LDDLD,162.0,9.0,42.0,WDDWW,0,3,2,3,3,2,0,11
1048896,2023-08-26 13:30:00+00:00,1693056600,78,2023,Regular Season - 2,176,Vfl Bochum,165,Borussia Dortmund,1,1,FT,R. Schröder,Vonovia Ruhrstadion,Bochum,1,0,D,2,0,8,5,1,2,176.0,16.0,33.0,LLWWL,165.0,5.0,63.0,WLWLD,2,0,3,6,2,1,2,7
1048897,2023-08-26 13:30:00+00:00,1693056600,78,2023,Regular Season - 2,180,FC Heidenheim,167,1899 Hoffenheim,2,3,FT,R. Hartmann,Voith-Arena,Heidenheim an der Brenz,1,0,A,5,-1,8,5,1,2,180.0,8.0,42.0,WDDWL,167.0,7.0,46.0,WWDLW,2,2,1,8,3,1,1,10
1048894,2023-08-26 16:30:00+00:00,1693067400,78,2023,Regular Season - 2,163,Borussia Monchengladbach,168,Bayer Leverkusen,0,3,FT,C. Dingert,BORUSSIA-PARK,Mönchengladbach,0,2,A,3,-3,8,5,1,2,163.0,14.0,34.0,LDDDL,168.0,1.0,90.0,WWWDD,0,3,2,3,3,2,0,11
1048893,2023-08-27 13:30:00+00:00,1693143000,78,2023,Regular Season - 2,164,FSV Mainz 05,169,Eintracht Frankfurt,1,1,FT,B. Dankert,MEWA ARENA,Mainz,1,0,D,2,0,8,6,1,2,164.0,13.0,35.0,WWDDD,169.0,6.0,47.0,DDLLW,2,3,0,9,1,2,2,5
1048890,2023-08-27 15:30:00+00:00,1693150200,78,2023,Regular Season - 2,157,Bayern Munich,170,FC Augsburg,3,1,FT,D. Siebert,Fußball Arena München,München,2,0,H,4,2,8,6,1,2,157.0,3.0,72.0,LWLWW,170.0,11.0,39.0,LLLLL,3,0,2,9,0,0,5,0
1048899,2023-09-01 18:30:00+00:00,1693593000,78,2023,Regular Season - 3,165,Borussia Dortmund,180,FC Heidenheim,2,2,FT,T. Reichel,BVB Stadion Dortmund,Dortmund,2,0,D,4,0,9,4,0,3,165.0,5.0,63.0,WLWLD,180.0,8.0,42.0,WDDWL,2,1,2,7,2,2,1,8
1048907,2023-09-02 13:30:00+00:00,1693661400,78,2023,Regular Season - 3,172,VfB Stuttgart,160,SC Freiburg,5,0,FT,F. Brych,Stuttgart Arena,Stuttgart,3,0,H,5,5,9,5,1,3,172.0,2.0,73.0,WWWDL,160.0,10.0,42.0,LDDLD,3,1,1,10,0,3,2,3
1048906,2023-09-02 13:30:00+00:00,1693661400,78,2023,Regular Season - 3,170,FC Augsburg,176,Vfl Bochum,2,2,FT,M. Petersen,WWK Arena,Augsburg,1,1,D,4,0,9,5,1,3,170.0,11.0,39.0,LLLLL,176.0,16.0,33.0,LLWWL,0,0,5,0,2,0,3,6
1048905,2023-09-02 13:30:00+00:00,1693661400,78,2023,Regular Season - 3,162,Werder Bremen,164,FSV Mainz 05,4,0,FT,R. Schröder,wohninvest WESERSTADION,Bremen,1,0,H,4,4,9,5,1,3,162.0,9.0,42.0,WDDWW,164.0,13.0,35.0,WWDDD,3,2,0,11,2,3,0,9
1048904,2023-09-02 13:30:00+00:00,1693661400,78,2023,Regular Season - 3,167,1899 Hoffenheim,161,VfL Wolfsburg,3,1,FT,F. Zwayer,PreZero Arena,Sinsheim,1,1,H,4,2,9,5,1,3,167.0,7.0,46.0,WWDLW,161.0,12.0,37.0,LLWWW,3,1,1,10,3,0,2,9
1048901,2023-09-02 13:30:00+00:00,1693661400,78,2023,Regular Season - 3,168,Bayer Leverkusen,181,SV Darmstadt 98,5,1,FT,S. Jablonski,BayArena,Leverkusen,1,1,H,6,4,9,5,1,3,168.0,1.0,90.0,WWWDD,181.0,18.0,17.0,LLLLW,3,2,0,11,1,0,4,3
1048903,2023-09-02 16:30:00+00:00,1693672200,78,2023,Regular Season - 3,163,Borussia Monchengladbach,157,Bayern Munich,1,2,FT,D. Aytekin,BORUSSIA-PARK,Mönchengladbach,1,0,A,3,-1,9,5,1,3,163.0,14.0,34.0,LDDDL,157.0,3.0,72.0,LWLWW,0,3,2,3,3,0,2,9
1048902,2023-09-03 13:30:00+00:00,1693747800,78,2023,Regular Season - 3,169,Eintracht Frankfurt,192,1. FC Köln,1,1,FT,F. Badstübner,Frankfurt Arena,Frankfurt am Main,0,1,D,2,0,9,6,1,3,169.0,6.0,47.0,DDLLW,192.0,17.0,27.0,LWDDL,1,2,2,5,1,2,2,5
1048900,2023-09-03 15:30:00+00:00,1693755000,78,2023,Regular Season - 3,182,Union Berlin,173,RB Leipzig,0,3,FT,D. Schlager,Stadion An der Alten Försterei,Berlin,0,0,A,3,-3,9,6,1,3,182.0,15.0,33.0,WLLDL,173.0,4.0,65.0,DDDWW,1,1,3,4,2,3,0,9
1048908,2023-09-15 18:30:00+00:00,1694802600,78,2023,Regular Season - 4,157,Bayern Munich,168,Bayer Leverkusen,2,2,FT,D. Schlager,Fußball Arena München,München,1,1,D,4,0,9,4,0,4,157.0,3.0,72.0,LWLWW,168.0,1.0,90.0,WWWDD,3,0,2,9,3,2,0,11
1048913,2023-09-16 13:30:00+00:00,1694871000,78,2023,Regular Season - 4,192,1. FC Köln,167,1899 Hoffenheim,1,3,FT,D. Siebert,Cologne Stadium,Köln,0,2,A,4,-2,9,5,1,4,192.0,17.0,27.0,LWDDL,167.0,7.0,46.0,WWDLW,1,2,2,5,3,1,1,10
1048909,2023-09-16 13:30:00+00:00,1694871000,78,2023,Regular Season - 4,173,RB Leipzig,170,FC Augsburg,3,0,FT,S. Stegemann,Leipzig Stadium,Leipzig,3,0,H,3,3,9,5,1,4,173.0,4.0,65.0,DDDWW,170.0,11.0,39.0,LLLLL,2,3,0,9,0,0,5,0
1048912,2023-09-16 13:30:00+00:00,1694871000,78,2023,Regular Season - 4,164,FSV Mainz 05,172,VfB Stuttgart,1,3,FT,H. Osmers,MEWA ARENA,Mainz,0,0,A,4,-2,9,5,1,4,164.0,13.0,35.0,WWDDD,172.0,2.0,73.0,WWWDL,2,3,0,9,3,1,1,10
1048910,2023-09-16 13:30:00+00:00,1694871000,78,2023,Regular Season - 4,160,SC Freiburg,165,Borussia Dortmund,2,4,FT,T. Stieler,Europa-Park Stadion,Freiburg im Breisgau,2,1,A,6,-2,9,5,1,4,160.0,10.0,42.0,LDDLD,165.0,5.0,63.0,WLWLD,0,3,2,3,2,1,2,7
1048911,2023-09-16 13:30:00+00:00,1694871000,78,2023,Regular Season - 4,161,VfL Wolfsburg,182,Union Berlin,2,1,FT,F. Brych,Volkswagen Arena,Wolfsburg,2,1,H,3,1,9,5,1,4,161.0,12.0,37.0,LLWWW,182.0,15.0,33.0,WLLDL,3,0,2,9,1,1,3,4
1048914,2023-09-16 16:30:00+00:00,1694881800,78,2023,Regular Season - 4,176,Vfl Bochum,169,Eintracht Frankfurt,1,1,FT,B. Brand,Vonovia Ruhrstadion,Bochum,0,0,D,2,0,9,5,1,4,176.0,16.0,33.0,LLWWL,169.0,6.0,47.0,DDLLW,2,0,3,6,1,2,2,5
1048915,2023-09-17 13:30:00+00:00,1694957400,78,2023,Regular Season - 4,180,FC Heidenheim,162,Werder Bremen,4,2,FT,P. Ittrich,Voith-Arena,Heidenheim an der Brenz,2,0,H,6,2,9,6,1,4,180.0,8.0,42.0,WDDWL,162.0,9.0,42.0,WDDWW,2,2,1,8,3,2,0,11
1048916,2023-09-17 15:30:00+00:00,1694964600,78,2023,Regular Season - 4,181,SV Darmstadt 98,163,Borussia Monchengladbach,3,3,FT,T. Gerach,Merck-Stadion am Böllenfalltor,Darmstadt,3,0,D,6,0,9,6,1,4,181.0,18.0,17.0,LLLLW,163.0,14.0,34.0,LDDDL,1,0,4,3,0,3,2,3
1048925,2023-09-22 18:30:00+00:00,1695407400,78,2023,Regular Season - 5,172,VfB Stuttgart,181,SV Darmstadt 98,3,1,FT,M. Jöllenbeck,Stuttgart Arena,Stuttgart,2,1,H,4,2,9,4,0,5,172.0,2.0,73.0,WWWDL,181.0,18.0,17.0,LLLLW,3,1,1,10,1,0,4,3
1048919,2023-09-23 13:30:00+00:00,1695475800,78,2023,Regular Season - 5,182,Union Berlin,167,1899 Hoffenheim,0,2,FT,D. Aytekin,Stadion An der Alten Försterei,Berlin,0,2,A,2,-2,9,5,1,5,182.0,15.0,33.0,WLLDL,167.0,7.0,46.0,WWDLW,1,1,3,4,3,1,1,10
1048924,2023-09-23 13:30:00+00:00,1695475800,78,2023,Regular Season - 5,170,FC Augsburg,164,FSV Mainz 05,2,1,FT,M. Fritz,WWK Arena,Augsburg,2,1,H,3,1,9,5,1,5,170.0,11.0,39.0,LLLLL,164.0,13.0,35.0,WWDDD,0,0,5,0,2,3,0,9
1048917,2023-09-23 13:30:00+00:00,1695475800,78,2023,Regular Season - 5,157,Bayern Munich,176,Vfl Bochum,7,0,FT,R. Hartmann,Fußball Arena München,München,4,0,H,7,7,9,5,1,5,157.0,3.0,72.0,LWLWW,176.0,16.0,33.0,LLWWL,3,0,2,9,2,0,3,6
1048922,2023-09-23 13:30:00+00:00,1695475800,78,2023,Regular Season - 5,163,Borussia Monchengladbach,173,RB Leipzig,0,1,FT,R. Schröder,BORUSSIA-PARK,Mönchengladbach,0,0,A,1,-1,9,5,1,5,163.0,14.0,34.0,LDDDL,173.0,4.0,65.0,DDDWW,0,3,2,3,2,3,0,9
1048918,2023-09-23 13:30:00+00:00,1695475800,78,2023,Regular Season - 5,165,Borussia Dortmund,161,VfL Wolfsburg,1,0,FT,S. Jablonski,BVB Stadion Dortmund,Dortmund,0,0,H,1,1,9,5,1,5,165.0,5.0,63.0,WLWLD,161.0,12.0,37.0,LLWWW,2,1,2,7,3,0,2,9
1048923,2023-09-23 16:30:00+00:00,1695486600,78,2023,Regular Season - 5,162,Werder Bremen,192,1. FC Köln,2,1,FT,B. Dankert,wohninvest WESERSTADION,Bremen,1,1,H,3,1,9,5,1,5,162.0,9.0,42.0,WDDWW,192.0,17.0,27.0,LWDDL,3,2,0,11,1,2,2,5
1048920,2023-09-24 13:30:00+00:00,1695562200,78,2023,Regular Season - 5,168,Bayer Leverkusen,180,FC Heidenheim,4,1,FT,C. Dingert,BayArena,Leverkusen,1,0,H,5,3,9,6,1,5,168.0,1.0,90.0,WWWDD,180.0,8.0,42.0,WDDWL,3,2,0,11,2,2,1,8
1048921,2023-09-24 15:30:00+00:00,1695569400,78,2023,Regular Season - 5,169,Eintracht Frankfurt,160,SC Freiburg,0,0,FT,F. Zwayer,Frankfurt Arena,Frankfurt am Main,0,0,D,0,0,9,6,1,5,169.0,6.0,47.0,DDLLW,160.0,10.0,42.0,LDDLD,1,2,2,5,0,3,2,3
1048931,2023-09-29 18:30:00+00:00,1696012200,78,2023,Regular Season - 6,167,1899 Hoffenheim,165,Borussia Dortmund,1,3,FT,F. Badstübner,PreZero Arena,Sinsheim,1,2,A,4,-2,9,4,0,6,167.0,7.0,46.0,WWDLW,165.0,5.0,63.0,WLWLD,3,1,1,10,2,1,2,7
1048928,2023-09-30 13:30:00+00:00,1696080600,78,2023,Regular Season - 6,161,VfL Wolfsburg,169,Eintracht Frankfurt,2,0,FT,F. Willenborg,Volkswagen Arena,Wolfsburg,1,0,H,2,2,9,5,1,6,161.0,12.0,37.0,LLWWW,169.0,6.0,47.0,DDLLW,3,0,2,9,1,2,2,5
1048929,2023-09-30 13:30:00+00:00,1696080600,78,2023,Regular Season - 6,164,FSV Mainz 05,168,Bayer Leverkusen,0,3,FT,B. Brand,MEWA ARENA,Mainz,0,1,A,3,-3,9,5,1,6,164.0,13.0,35.0,WWDDD,168.0,1.0,90.0,WWWDD,2,3,0,9,3,2,0,11
1048932,2023-09-30 13:30:00+00:00,1696080600,78,2023,Regular Season - 6,176,Vfl Bochum,163,Borussia Monchengladbach,1,3,FT,F. Brych,Vonovia Ruhrstadion,Bochum,0,3,A,4,-2,9,5,1,6,176.0,16.0,33.0,LLWWL,163.0,14.0,34.0,LDDDL,2,0,3,6,0,3,2,3
1048933,2023-09-30 13:30:00+00:00,1696080600,78,2023,Regular Season - 6,180,FC Heidenheim,182,Union Berlin,1,0,FT,S. Stegemann,Voith-Arena,Heidenheim an der Brenz,0,0,H,1,1,9,5,1,6,180.0,8.0,42.0,WDDWL,182.0,15.0,33.0,WLLDL,2,2,1,8,1,1,3,4
1048930,2023-09-30 13:30:00+00:00,1696080600,78,2023,Regular Season - 6,192,1. FC Köln,172,VfB Stuttgart,0,2,FT,T. Stieler,Cologne Stadium,Köln,0,0,A,2,-2,9,5,1,6,192.0,17.0,27.0,LWDDL,172.0,2.0,73.0,WWWDL,1,2,2,5,3,1,1,10
1048926,2023-09-30 16:30:00+00:00,1696091400,78,2023,Regular Season - 6,173,RB Leipzig,157,Bayern Munich,2,2,FT,M. Fritz,Leipzig Stadium,Leipzig,2,0,D,4,0,9,5,1,6,173.0,4.0,65.0,DDDWW,157.0,3.0,72.0,LWLWW,2,3,0,9,3,0,2,9
1048934,2023-10-01 13:30:00+00:00,1696167000,78,2023,Regular Season - 6,181,SV Darmstadt 98,162,Werder Bremen,4,2,FT,M. Petersen,Merck-Stadion am Böllenfalltor,Darmstadt,2,0,H,6,2,10,6,1,6,181.0,18.0,17.0,LLLLW,162.0,9.0,42.0,WDDWW,1,0,4,3,3,2,0,11
1048927,2023-10-01 15:30:00+00:00,1696174200,78,2023,Regular Season - 6,160,SC Freiburg,170,FC Augsburg,2,0,FT,H. Osmers,Europa-Park Stadion,Freiburg im Breisgau,1,0,H,2,2,10,6,1,6,160.0,10.0,42.0,LDDLD,170.0,11.0,39.0,LLLLL,0,3,2,3,0,0,5,0
1048940,2023-10-06 18:30:00+00:00,1696617000,78,2023,Regular Season - 7,163,Borussia Monchengladbach,164,FSV Mainz 05,2,2,FT,S. Jablonski,BORUSSIA-PARK,Mönchengladbach,1,1,D,4,0,10,4,0,7,163.0,14.0,34.0,LDDDL,164.0,13.0,35.0,WWDDD,0,3,2,3,2,3,0,9
1048937,2023-10-07 13:30:00+00:00,1696685400,78,2023,Regular Season - 7,173,RB Leipzig,176,Vfl Bochum,0,0,FT,T. Gerach,Leipzig Stadium,Leipzig,0,0,D,0,0,10,5,1,7,173.0,4.0,65.0,DDDWW,176.0,16.0,33.0,LLWWL,2,3,0,9,2,0,3,6
1048943,2023-10-07 13:30:00+00:00,1696685400,78,2023,Regular Season - 7,172,VfB Stuttgart,161,VfL Wolfsburg,3,1,FT,D. Siebert,Stuttgart Arena,Stuttgart,0,1,H,4,2,10,5,1,7,172.0,2.0,73.0,WWWDL,161.0,12.0,37.0,LLWWW,3,1,1,10,3,0,2,9
1048936,2023-10-07 13:30:00+00:00,1696685400,78,2023,Regular Season - 7,165,Borussia Dortmund,182,Union Berlin,4,2,FT,P. Ittrich,BVB Stadion Dortmund,Dortmund,1,2,H,6,2,10,5,1,7,165.0,5.0,63.0,WLWLD,182.0,15.0,33.0,WLLDL,2,1,2,7,1,1,3,4
1048942,2023-10-07 13:30:00+00:00,1696685400,78,2023,Regular Season - 7,170,FC Augsburg,181,SV Darmstadt 98,1,2,FT,D. Aytekin,WWK Arena,Augsburg,0,0,A,3,-1,10,5,1,7,170.0,11.0,39.0,LLLLL,181.0,18.0,17.0,LLLLW,0,0,5,0,1,0,4,3
1048941,2023-10-07 16:30:00+00:00,1696696200,78,2023,Regular Season - 7,162,Werder Bremen,167,1899 Hoffenheim,2,3,FT,C. Dingert,wohninvest WESERSTADION,Bremen,1,2,A,5,-1,10,5,1,7,162.0,9.0,42.0,WDDWW,167.0,7.0,46.0,WWDLW,3,2,0,11,3,1,1,10
1048938,2023-10-08 13:30:00+00:00,1696771800,78,2023,Regular Season - 7,168,Bayer Leverkusen,192,1. FC Köln,3,0,FT,F. Zwayer,BayArena,Leverkusen,2,0,H,3,3,10,6,1,7,168.0,1.0,90.0,WWWDD,192.0,17.0,27.0,LWDDL,3,2,0,11,1,2,2,5
1048935,2023-10-08 15:30:00+00:00,1696779000,78,2023,Regular Season - 7,157,Bayern Munich,160,SC Freiburg,3,0,FT,R. Schröder,Fußball Arena München,München,2,0,H,3,3,10,6,1,7,157.0,3.0,72.0,LWLWW,160.0,10.0,42.0,LDDLD,3,0,2,9,0,3,2,3
1048939,2023-10-08 17:30:00+00:00,1696786200,78,2023,Regular Season - 7,169,Eintracht Frankfurt,180,FC Heidenheim,2,0,FT,D. Schlager,Frankfurt Arena,Frankfurt am Main,1,0,H,2,2,10,6,1,7,169.0,6.0,47.0,DDLLW,180.0,8.0,42.0,WDDWL,1,2,2,5,2,2,1,8
1048944,2023-10-20 18:30:00+00:00,1697826600,78,2023,Regular Season - 8,165,Borussia Dortmund,162,Werder Bremen,1,0,FT,F. Brych,BVB Stadion Dortmund,Dortmund,0,0,H,1,1,10,4,0,8,165.0,5.0,63.0,WLWLD,162.0,9.0,42.0,WDDWW,2,1,2,7,3,2,0,11
1048945,2023-10-21 13:30:00+00:00,1697895000,78,2023,Regular Season - 8,182,Union Berlin,172,VfB Stuttgart,0,3,FT,B. Dankert,Stadion An der Alten Försterei,Berlin,0,1,A,3,-3,10,5,1,8,182.0,15.0,33.0,WLLDL,172.0,2.0,73.0,WWWDL,1,1,3,4,3,1,1,10
1048952,2023-10-21 13:30:00+00:00,1697895000,78,2023,Regular Season - 8,181,SV Darmstadt 98,173,RB Leipzig,1,3,FT,H. Osmers,Merck-Stadion am Böllenfalltor,Darmstadt,1,2,A,4,-2,10,5,1,8,181.0,18.0,17.0,LLLLW,173.0,4.0,65.0,DDDWW,1,0,4,3,2,3,0,9
1048947,2023-10-21 13:30:00+00:00,1697895000,78,2023,Regular Season - 8,161,VfL Wolfsburg,168,Bayer Leverkusen,1,2,FT,M. Fritz,Volkswagen Arena,Wolfsburg,1,1,A,3,-1,10,5,1,8,161.0,12.0,37.0,LLWWW,168.0,1.0,90.0,WWWDD,3,0,2,9,3,2,0,11
1048946,2023-10-21 13:30:00+00:00,1697895000,78,2023,Regular Season - 8,160,SC Freiburg,176,Vfl Bochum,2,1,FT,T. Reichel,Europa-Park Stadion,Freiburg im Breisgau,2,1,H,3,1,10,5,1,8,160.0,10.0,42.0,LDDLD,176.0,16.0,33.0,LLWWL,0,3,2,3,2,0,3,6
1048950,2023-10-21 13:30:00+00:00,1697895000,78,2023,Regular Season - 8,167,1899 Hoffenheim,169,Eintracht Frankfurt,1,3,FT,M. Jöllenbeck,PreZero Arena,Sinsheim,1,3,A,4,-2,10,5,1,8,167.0,7.0,46.0,WWDLW,169.0,6.0,47.0,DDLLW,3,1,1,10,1,2,2,5
1048948,2023-10-21 16:30:00+00:00,1697905800,78,2023,Regular Season - 8,164,FSV Mainz 05,157,Bayern Munich,1,3,FT,S. Stegemann,MEWA ARENA,Mainz,1,2,A,4,-2,10,5,1,8,164.0,13.0,35.0,WWDDD,157.0,3.0,72.0,LWLWW,2,3,0,9,3,0,2,9
1048949,2023-10-22 13:30:00+00:00,1697981400,78,2023,Regular Season - 8,192,1. FC Köln,163,Borussia Monchengladbach,3,1,FT,D. Aytekin,Cologne Stadium,Köln,1,0,H,4,2,10,6,1,8,192.0,17.0,27.0,LWDDL,163.0,14.0,34.0,LDDDL,1,2,2,5,0,3,2,3
1048951,2023-10-22 15:30:00+00:00,1697988600,78,2023,Regular Season - 8,180,FC Heidenheim,170,FC Augsburg,2,5,FT,T. Stieler,Voith-Arena,Heidenheim an der Brenz,2,3,A,7,-3,10,6,1,8,180.0,8.0,42.0,WDDWL,170.0,11.0,39.0,LLLLL,2,2,1,8,0,0,5,0
1048959,2023-10-27 18:30:00+00:00,1698431400,78,2023,Regular Season - 9,176,Vfl Bochum,164,FSV Mainz 05,2,2,FT,P. Ittrich,Vonovia Ruhrstadion,Bochum,1,0,D,4,0,10,4,0,9,176.0,16.0,33.0,LLWWL,164.0,13.0,35.0,WWDDD,2,0,3,6,2,3,0,9
1048961,2023-10-28 13:30:00+00:00,1698499800,78,2023,Regular Season - 9,172,VfB Stuttgart,167,1899 Hoffenheim,2,3,FT,F. Zwayer,Stuttgart Arena,Stuttgart,0,2,A,5,-1,10,5,1,9,172.0,2.0,73.0,WWWDL,167.0,7.0,46.0,WWDLW,3,1,1,10,3,1,1,10
1048957,2023-10-28 13:30:00+00:00,1698499800,78,2023,Regular Season - 9,163,Borussia Monchengladbach,180,FC Heidenheim,2,1,FT,R. Hartmann,BORUSSIA-PARK,Mönchengladbach,1,1,H,3,1,10,5,1,9,163.0,14.0,34.0,LDDDL,180.0,8.0,42.0,WDDWL,0,3,2,3,2,2,1,8
1048960,2023-10-28 13:30:00+00:00,1698499800,78,2023,Regular Season - 9,170,FC Augsburg,161,VfL Wolfsburg,3,2,FT,D. Schlager,WWK Arena,Augsburg,1,2,H,5,1,10,5,1,9,170.0,11.0,39.0,LLLLL,161.0,12.0,37.0,LLWWW,0,0,5,0,3,0,2,9
1048958,2023-10-28 13:30:00+00:00,1698499800,78,2023,Regular Season - 9,162,Werder Bremen,182,Union Berlin,2,0,FT,T. Stieler,wohninvest WESERSTADION,Bremen,1,0,H,2,2,10,5,1,9,162.0,9.0,42.0,WDDWW,182.0,15.0,33.0,WLLDL,3,2,0,11,1,1,3,4
1048953,2023-10-28 13:30:00+00:00,1698499800,78,2023,Regular Season - 9,157,Bayern Munich,181,SV Darmstadt 98,8,0,FT,M. Petersen,Fußball Arena München,München,0,0,H,8,8,10,5,1,9,157.0,3.0,72.0,LWLWW,181.0,18.0,17.0,LLLLW,3,0,2,9,1,0,4,3
1048954,2023-10-28 16:30:00+00:00,1698510600,78,2023,Regular Season - 9,173,RB Leipzig,192,1. FC Köln,6,0,FT,B. Brand,Leipzig Stadium,Leipzig,4,0,H,6,6,10,5,1,9,173.0,4.0,65.0,DDDWW,192.0,17.0,27.0,LWDDL,2,3,0,9,1,2,2,5
1048956,2023-10-29 14:30:00+00:00,1698589800,78,2023,Regular Season - 9,169,Eintracht Frankfurt,165,Borussia Dortmund,3,3,FT,R. Schröder,Frankfurt Arena,Frankfurt am Main,2,1,D,6,0,10,6,1,9,169.0,6.0,47.0,DDLLW,165.0,5.0,63.0,WLWLD,1,2,2,5,2,1,2,7
1048955,2023-10-29 16:30:00+00:00,1698597000,78,2023,Regular Season - 9,168,Bayer Leverkusen,160,SC Freiburg,2,1,FT,D. Siebert,BayArena,Leverkusen,1,0,H,3,1,10,6,1,9,168.0,1.0,90.0,WWWDD,160.0,10.0,42.0,LDDLD,3,2,0,11,0,3,2,3
1048970,2023-11-03 19:30:00+00:00,1699039800,78,2023,Regular Season - 10,181,SV Darmstadt 98,176,Vfl Bochum,1,2,FT,M. Fritz,Merck-Stadion am Böllenfalltor,Darmstadt,1,1,A,3,-1,11,4,0,10,181.0,18.0,17.0,LLLLW,176.0,16.0,33.0,LLWWL,1,0,4,3,2,0,3,6
1048964,2023-11-04 14:30:00+00:00,1699108200,78,2023,Regular Season - 10,160,SC Freiburg,163,Borussia Monchengladbach,3,3,FT,F. Brych,Europa-Park Stadion,Freiburg im Breisgau,1,3,D,6,0,11,5,1,10,160.0,10.0,42.0,LDDLD,163.0,14.0,34.0,LDDDL,0,3,2,3,0,3,2,3
1048966,2023-11-04 14:30:00+00:00,1699108200,78,2023,Regular Season - 10,164,FSV Mainz 05,173,RB Leipzig,2,0,FT,B. Dankert,MEWA ARENA,Mainz,0,0,H,2,2,11,5,1,10,164.0,13.0,35.0,WWDDD,173.0,4.0,65.0,DDDWW,2,3,0,9,2,3,0,9
1048968,2023-11-04 14:30:00+00:00,1699108200,78,2023,Regular Season - 10,167,1899 Hoffenheim,168,Bayer Leverkusen,2,3,FT,F. Willenborg,PreZero Arena,Sinsheim,0,2,A,5,-1,11,5,1,10,167.0,7.0,46.0,WWDLW,168.0,1.0,90.0,WWWDD,3,1,1,10,3,2,0,11
1048963,2023-11-04 14:30:00+00:00,1699108200,78,2023,Regular Season - 10,182,Union Berlin,169,Eintracht Frankfurt,0,3,FT,S. Jablonski,Stadion An der Alten Försterei,Berlin,0,2,A,3,-3,11,5,1,10,182.0,15.0,33.0,WLLDL,169.0,6.0,47.0,DDLLW,1,1,3,4,1,2,2,5
1048967,2023-11-04 14:30:00+00:00,1699108200,78,2023,Regular Season - 10,192,1. FC Köln,170,FC Augsburg,1,1,FT,C. Dingert,Cologne Stadium,Köln,1,1,D,2,0,11,5,1,10,192.0,17.0,27.0,LWDDL,170.0,11.0,39.0,LLLLL,1,2,2,5,0,0,5,0
1048962,2023-11-04 17:30:00+00:00,1699119000,78,2023,Regular Season - 10,165,Borussia Dortmund,157,Bayern Munich,0,4,FT,D. Aytekin,BVB Stadion Dortmund,Dortmund,0,2,A,4,-4,11,5,1,10,165.0,5.0,63.0,WLWLD,157.0,3.0,72.0,LWLWW,2,1,2,7,3,0,2,9
1048965,2023-11-05 14:30:00+00:00,1699194600,78,2023,Regular Season - 10,161,VfL Wolfsburg,162,Werder Bremen,2,2,FT,T. Reichel,Volkswagen Arena,Wolfsburg,1,1,D,4,0,11,6,1,10,161.0,12.0,37.0,LLWWW,162.0,9.0,42.0,WDDWW,3,0,2,9,3,2,0,11
1048969,2023-11-05 16:30:00+00:00,1699201800,78,2023,Regular Season - 10,180,FC Heidenheim,172,VfB Stuttgart,2,0,FT,F. Badstübner,Voith-Arena,Heidenheim an der Brenz,0,0,H,2,2,11,6,1,10,180.0,8.0,42.0,WDDWL,172.0,2.0,73.0,WWWDL,2,2,1,8,3,1,1,10
1048974,2023-11-10 19:30:00+00:00,1699644600,78,2023,Regular Season - 11,163,Borussia Monchengladbach,161,VfL Wolfsburg,4,0,FT,F. Zwayer,BORUSSIA-PARK,Mönchengladbach,2,0,H,4,4,11,4,0,11,163.0,14.0,34.0,LDDDL,161.0,12.0,37.0,LLWWW,0,3,2,3,3,0,2,9
1048978,2023-11-11 14:30:00+00:00,1699713000,78,2023,Regular Season - 11,172,VfB Stuttgart,165,Borussia Dortmund,2,1,FT,T. Stieler,Stuttgart Arena,Stuttgart,1,1,H,3,1,11,5,1,11,172.0,2.0,73.0,WWWDL,165.0,5.0,63.0,WLWLD,3,1,1,10,2,1,2,7
1048979,2023-11-11 14:30:00+00:00,1699713000,78,2023,Regular Season - 11,181,SV Darmstadt 98,164,FSV Mainz 05,0,0,FT,D. Siebert,Merck-Stadion am Böllenfalltor,Darmstadt,0,0,D,0,0,11,5,1,11,181.0,18.0,17.0,LLLLW,164.0,13.0,35.0,WWDDD,1,0,4,3,2,3,0,9
1048971,2023-11-11 14:30:00+00:00,1699713000,78,2023,Regular Season - 11,157,Bayern Munich,180,FC Heidenheim,4,2,FT,H. Osmers,Fußball Arena München,München,2,0,H,6,2,11,5,1,11,157.0,3.0,72.0,LWLWW,180.0,8.0,42.0,WDDWL,3,0,2,9,2,2,1,8
1048977,2023-11-11 14:30:00+00:00,1699713000,78,2023,Regular Season - 11,170,FC Augsburg,167,1899 Hoffenheim,1,1,FT,F. Brych,WWK Arena,Augsburg,0,1,D,2,0,11,5,1,11,170.0,11.0,39.0,LLLLL,167.0,7.0,46.0,WWDLW,0,0,5,0,3,1,1,10
1048976,2023-11-11 17:30:00+00:00,1699723800,78,2023,Regular Season - 11,176,Vfl Bochum,192,1. FC Köln,1,1,FT,M. Jöllenbeck,Vonovia Ruhrstadion,Bochum,1,0,D,2,0,11,5,1,11,176.0,16.0,33.0,LLWWL,192.0,17.0,27.0,LWDDL,2,0,3,6,1,2,2,5
1048973,2023-11-12 14:30:00+00:00,1699799400,78,2023,Regular Season - 11,168,Bayer Leverkusen,182,Union Berlin,4,0,FT,T. Gerach,BayArena,Leverkusen,1,0,H,4,4,11,6,1,11,168.0,1.0,90.0,WWWDD,182.0,15.0,33.0,WLLDL,3,2,0,11,1,1,3,4
1048975,2023-11-12 16:30:00+00:00,1699806600,78,2023,Regular Season - 11,162,Werder Bremen,169,Eintracht Frankfurt,2,2,FT,B. Brand,wohninvest WESERSTADION,Bremen,1,0,D,4,0,11,6,1,11,162.0,9.0,42.0,WDDWW,169.0,6.0,47.0,DDLLW,3,2,0,11,1,2,2,5
1048972,2023-11-12 18:30:00+00:00,1699813800,78,2023,Regular Season - 11,173,RB Leipzig,160,SC Freiburg,3,1,FT,P. Ittrich,Leipzig Stadium,Leipzig,1,1,H,4,2,11,6,1,11,173.0,4.0,65.0,DDDWW,160.0,10.0,42.0,LDDLD,2,3,0,9,0,3,2,3
1048985,2023-11-24 19:30:00+00:00,1700854200,78,2023,Regular Season - 12,192,1. FC Köln,157,Bayern Munich,0,1,FT,M. Fritz,Cologne Stadium,Köln,0,1,A,1,-1,11,4,0,12,192.0,17.0,27.0,LWDDL,157.0,3.0,72.0,LWLWW,1,2,2,5,3,0,2,9
1048981,2023-11-25 14:30:00+00:00,1700922600,78,2023,Regular Season - 12,182,Union Berlin,170,FC Augsburg,1,1,FT,F. Badstübner,Stadion An der Alten Försterei,Berlin,0,1,D,2,0,11,5,1,12,182.0,15.0,33.0,WLLDL,170.0,11.0,39.0,LLLLL,1,1,3,4,0,0,5,0
1048987,2023-11-25 14:30:00+00:00,1700922600,78,2023,Regular Season - 12,162,Werder Bremen,168,Bayer Leverkusen,0,3,FT,M. Petersen,wohninvest WESERSTADION,Bremen,0,2,A,3,-3,11,5,1,12,162.0,9.0,42.0,WDDWW,168.0,1.0,90.0,WWWDD,3,2,0,11,3,2,0,11
1048980,2023-11-25 14:30:00+00:00,1700922600,78,2023,Regular Season - 12,165,Borussia Dortmund,163,Borussia Monchengladbach,4,2,FT,S. Jablonski,BVB Stadion Dortmund,Dortmund,3,2,H,6,2,11,5,1,12,165.0,5.0,63.0,WLWLD,163.0,14.0,34.0,LDDDL,2,1,2,7,0,3,2,3
1048982,2023-11-25 14:30:00+00:00,1700922600,78,2023,Regular Season - 12,160,SC Freiburg,181,SV Darmstadt 98,1,1,FT,S. Stegemann,Europa-Park Stadion,Freiburg im Breisgau,1,1,D,2,0,11,5,1,12,160.0,10.0,42.0,LDDLD,181.0,18.0,17.0,LLLLW,0,3,2,3,1,0,4,3
1048984,2023-11-25 14:30:00+00:00,1700922600,78,2023,Regular Season - 12,161,VfL Wolfsburg,173,RB Leipzig,2,1,FT,R. Hartmann,Volkswagen Arena,Wolfsburg,1,0,H,3,1,11,5,1,12,161.0,12.0,37.0,LLWWW,173.0,4.0,65.0,DDDWW,3,0,2,9,2,3,0,9
1048983,2023-11-25 17:30:00+00:00,1700933400,78,2023,Regular Season - 12,169,Eintracht Frankfurt,172,VfB Stuttgart,1,2,FT,F. Brych,Frankfurt Arena,Frankfurt am Main,1,2,A,3,-1,11,5,1,12,169.0,6.0,47.0,DDLLW,172.0,2.0,73.0,WWWDL,1,2,2,5,3,1,1,10
1048988,2023-11-26 14:30:00+00:00,1701009000,78,2023,Regular Season - 12,180,FC Heidenheim,176,Vfl Bochum,0,0,FT,F. Zwayer,Voith-Arena,Heidenheim an der Brenz,0,0,D,0,0,11,6,1,12,180.0,8.0,42.0,WDDWL,176.0,16.0,33.0,LLWWL,2,2,1,8,2,0,3,6
1048986,2023-11-26 16:30:00+00:00,1701016200,78,2023,Regular Season - 12,167,1899 Hoffenheim,164,FSV Mainz 05,1,1,FT,D. Aytekin,PreZero Arena,Sinsheim,0,1,D,2,0,11,6,1,12,167.0,7.0,46.0,WWDLW,164.0,13.0,35.0,WWDDD,3,1,1,10,2,3,0,9
1048997,2023-12-01 19:30:00+00:00,1701459000,78,2023,Regular Season - 13,181,SV Darmstadt 98,192,1. FC Köln,0,1,FT,P. Ittrich,Merck-Stadion am Böllenfalltor,Darmstadt,0,0,A,1,-1,12,4,0,13,181.0,18.0,17.0,LLLLW,192.0,17.0,27.0,LWDDL,1,0,4,3,1,2,2,5
1048993,2023-12-02 14:30:00+00:00,1701527400,78,2023,Regular Season - 13,163,Borussia Monchengladbach,167,1899 Hoffenheim,2,1,FT,T. Reichel,BORUSSIA-PARK,Mönchengladbach,0,0,H,3,1,12,5,1,13,163.0,14.0,34.0,LDDDL,167.0,7.0,46.0,WWDLW,0,3,2,3,3,1,1,10
1048990,2023-12-02 14:30:00+00:00,1701527400,78,2023,Regular Season - 13,173,RB Leipzig,180,FC Heidenheim,2,1,FT,C. Dingert,Leipzig Stadium,Leipzig,2,1,H,3,1,12,5,1,13,173.0,4.0,65.0,DDDWW,180.0,8.0,42.0,WDDWL,2,3,0,9,2,2,1,8
1048994,2023-12-02 14:30:00+00:00,1701527400,78,2023,Regular Season - 13,176,Vfl Bochum,161,VfL Wolfsburg,3,1,FT,R. Schröder,Vonovia Ruhrstadion,Bochum,2,1,H,4,2,12,5,1,13,176.0,16.0,33.0,LLWWL,161.0,12.0,37.0,LLWWW,2,0,3,6,3,0,2,9
1048996,2023-12-02 17:30:00+00:00,1701538200,78,2023,Regular Season - 13,172,VfB Stuttgart,162,Werder Bremen,2,0,FT,B. Dankert,Stuttgart Arena,Stuttgart,1,0,H,2,2,12,5,1,13,172.0,2.0,73.0,WWWDL,162.0,9.0,42.0,WDDWW,3,1,1,10,3,2,0,11
1048992,2023-12-03 14:30:00+00:00,1701613800,78,2023,Regular Season - 13,164,FSV Mainz 05,160,SC Freiburg,0,1,FT,T. Stieler,MEWA ARENA,Mainz,0,0,A,1,-1,12,6,1,13,164.0,13.0,35.0,WWDDD,160.0,10.0,42.0,LDDLD,2,3,0,9,0,3,2,3
1048991,2023-12-03 16:30:00+00:00,1701621000,78,2023,Regular Season - 13,168,Bayer Leverkusen,165,Borussia Dortmund,1,1,FT,D. Siebert,BayArena,Leverkusen,0,1,D,2,0,12,6,1,13,168.0,1.0,90.0,WWWDD,165.0,5.0,63.0,WLWLD,3,2,0,11,2,1,2,7
1048995,2023-12-03 18:30:00+00:00,1701628200,78,2023,Regular Season - 13,170,FC Augsburg,169,Eintracht Frankfurt,2,1,FT,H. Osmers,WWK Arena,Augsburg,1,0,H,3,1,12,6,1,13,170.0,11.0,39.0,LLLLL,169.0,6.0,47.0,DDLLW,0,0,5,0,1,2,2,5
1049003,2023-12-08 19:30:00+00:00,1702063800,78,2023,Regular Season - 14,167,1899 Hoffenheim,176,Vfl Bochum,3,1,FT,M. Jöllenbeck,PreZero Arena,Sinsheim,2,0,H,4,2,12,4,0,14,167.0,7.0,46.0,WWDLW,176.0,16.0,33.0,LLWWL,3,1,1,10,2,0,3,6
1049001,2023-12-09 14:30:00+00:00,1702132200,78,2023,Regular Season - 14,161,VfL Wolfsburg,160,SC Freiburg,0,1,FT,M. Fritz,Volkswagen Arena,Wolfsburg,0,0,A,1,-1,12,5,1,14,161.0,12.0,37.0,LLWWW,160.0,10.0,42.0,LDDLD,3,0,2,9,0,3,2,3
1049004,2023-12-09 14:30:00+00:00,1702132200,78,2023,Regular Season - 14,162,Werder Bremen,170,FC Augsburg,2,0,FT,S. Stegemann,wohninvest WESERSTADION,Bremen,1,0,H,2,2,12,5,1,14,162.0,9.0,42.0,WDDWW,170.0,11.0,39.0,LLLLL,3,2,0,11,0,0,5,0
1049000,2023-12-09 14:30:00+00:00,1702132200,78,2023,Regular Season - 14,169,Eintracht Frankfurt,157,Bayern Munich,5,1,FT,F. Zwayer,Frankfurt Arena,Frankfurt am Main,3,1,H,6,4,12,5,1,14,169.0,6.0,47.0,DDLLW,157.0,3.0,72.0,LWLWW,1,2,2,5,3,0,2,9
1049006,2023-12-09 14:30:00+00:00,1702132200,78,2023,Regular Season - 14,180,FC Heidenheim,181,SV Darmstadt 98,3,2,FT,D. Schlager,Voith-Arena,Heidenheim an der Brenz,1,0,H,5,1,12,5,1,14,180.0,8.0,42.0,WDDWL,181.0,18.0,17.0,LLLLW,2,2,1,8,1,0,4,3
1048999,2023-12-09 14:30:00+00:00,1702132200,78,2023,Regular Season - 14,182,Union Berlin,163,Borussia Monchengladbach,3,1,FT,M. Petersen,Stadion An der Alten Försterei,Berlin,1,0,H,4,2,12,5,1,14,182.0,15.0,33.0,WLLDL,163.0,14.0,34.0,LDDDL,1,1,3,4,0,3,2,3
1048998,2023-12-09 17:30:00+00:00,1702143000,78,2023,Regular Season - 14,165,Borussia Dortmund,173,RB Leipzig,2,3,FT,S. Jablonski,BVB Stadion Dortmund,Dortmund,1,1,A,5,-1,12,5,1,14,165.0,5.0,63.0,WLWLD,173.0,4.0,65.0,DDDWW,2,1,2,7,2,3,0,9
1049005,2023-12-10 14:30:00+00:00,1702218600,78,2023,Regular Season - 14,172,VfB Stuttgart,168,Bayer Leverkusen,1,1,FT,D. Aytekin,Stuttgart Arena,Stuttgart,1,0,D,2,0,12,6,1,14,172.0,2.0,73.0,WWWDL,168.0,1.0,90.0,WWWDD,3,1,1,10,3,2,0,11
1049002,2023-12-10 16:30:00+00:00,1702225800,78,2023,Regular Season - 14,192,1. FC Köln,164,FSV Mainz 05,0,0,FT,F. Willenborg,Cologne Stadium,Köln,0,0,D,0,0,12,6,1,14,192.0,17.0,27.0,LWDDL,164.0,13.0,35.0,WWDDD,1,2,2,5,2,3,0,9
1049012,2023-12-15 19:30:00+00:00,1702668600,78,2023,Regular Season - 15,163,Borussia Monchengladbach,162,Werder Bremen,2,2,FT,F. Zwayer,BORUSSIA-PARK,Mönchengladbach,1,1,D,4,0,12,4,0,15,163.0,14.0,34.0,LDDDL,162.0,9.0,42.0,WDDWW,0,3,2,3,3,2,0,11
1049011,2023-12-16 14:30:00+00:00,1702737000,78,2023,Regular Season - 15,164,FSV Mainz 05,180,FC Heidenheim,0,1,FT,B. Dankert,MEWA ARENA,Mainz,0,1,A,1,-1,12,5,1,15,164.0,13.0,35.0,WWDDD,180.0,8.0,42.0,WDDWL,2,3,0,9,2,2,1,8
1049014,2023-12-16 14:30:00+00:00,1702737000,78,2023,Regular Season - 15,170,FC Augsburg,165,Borussia Dortmund,1,1,FT,M. Jöllenbeck,WWK Arena,Augsburg,1,1,D,2,0,12,5,1,15,170.0,11.0,39.0,LLLLL,165.0,5.0,63.0,WLWLD,0,0,5,0,2,1,2,7
1049013,2023-12-16 14:30:00+00:00,1702737000,78,2023,Regular Season - 15,176,Vfl Bochum,182,Union Berlin,3,0,FT,S. Jablonski,Vonovia Ruhrstadion,Bochum,1,0,H,3,3,12,5,1,15,176.0,16.0,33.0,LLWWL,182.0,15.0,33.0,WLLDL,2,0,3,6,1,1,3,4
1049015,2023-12-16 14:30:00+00:00,1702737000,78,2023,Regular Season - 15,181,SV Darmstadt 98,161,VfL Wolfsburg,0,1,FT,R. Hartmann,Merck-Stadion am Böllenfalltor,Darmstadt,0,0,A,1,-1,12,5,1,15,181.0,18.0,17.0,LLLLW,161.0,12.0,37.0,LLWWW,1,0,4,3,3,0,2,9
1049008,2023-12-16 17:30:00+00:00,1702747800,78,2023,Regular Season - 15,173,RB Leipzig,167,1899 Hoffenheim,3,1,FT,R. Schröder,Leipzig Stadium,Leipzig,1,1,H,4,2,12,5,1,15,173.0,4.0,65.0,DDDWW,167.0,7.0,46.0,WWDLW,2,3,0,9,3,1,1,10
1049009,2023-12-17 14:30:00+00:00,1702823400,78,2023,Regular Season - 15,160,SC Freiburg,192,1. FC Köln,2,0,FT,H. Osmers,Europa-Park Stadion,Freiburg im Breisgau,0,0,H,2,2,12,6,1,15,160.0,10.0,42.0,LDDLD,192.0,17.0,27.0,LWDDL,0,3,2,3,1,2,2,5
1049010,2023-12-17 16:30:00+00:00,1702830600,78,2023,Regular Season - 15,168,Bayer Leverkusen,169,Eintracht Frankfurt,3,0,FT,C. Dingert,BayArena,Leverkusen,1,0,H,3,3,12,6,1,15,168.0,1.0,90.0,WWWDD,169.0,6.0,47.0,DDLLW,3,2,0,11,1,2,2,5
1049007,2023-12-17 18:30:00+00:00,1702837800,78,2023,Regular Season - 15,157,Bayern Munich,172,VfB Stuttgart,3,0,FT,T. Stieler,Fußball Arena München,München,1,0,H,3,3,12,6,1,15,157.0,3.0,72.0,LWLWW,172.0,2.0,73.0,WWWDL,3,0,2,9,3,1,1,10
1049022,2023-12-19 17:30:00+00:00,1703007000,78,2023,Regular Season - 16,162,Werder Bremen,173,RB Leipzig,1,1,FT,T. Reichel,wohninvest WESERSTADION,Bremen,0,0,D,2,0,12,1,0,16,162.0,9.0,42.0,WDDWW,173.0,4.0,65.0,DDDWW,3,2,0,11,2,3,0,9
1049016,2023-12-19 19:30:00+00:00,1703014200,78,2023,Regular Season - 16,165,Borussia Dortmund,164,FSV Mainz 05,1,1,FT,M. Fritz,BVB Stadion Dortmund,Dortmund,1,1,D,2,0,12,1,0,16,165.0,5.0,63.0,WLWLD,164.0,13.0,35.0,WWDDD,2,1,2,7,2,3,0,9
1049021,2023-12-19 19:30:00+00:00,1703014200,78,2023,Regular Season - 16,167,1899 Hoffenheim,181,SV Darmstadt 98,3,3,FT,F. Willenborg,PreZero Arena,Sinsheim,2,1,D,6,0,12,1,0,16,167.0,7.0,46.0,WWDLW,181.0,18.0,17.0,LLLLW,3,1,1,10,1,0,4,3
1049017,2023-12-20 17:30:00+00:00,1703093400,78,2023,Regular Season - 16,182,Union Berlin,192,1. FC Köln,2,0,FT,D. Aytekin,Stadion An der Alten Försterei,Berlin,0,0,H,2,2,12,2,0,16,182.0,15.0,33.0,WLLDL,192.0,17.0,27.0,LWDDL,1,1,3,4,1,2,2,5
1049023,2023-12-20 19:30:00+00:00,1703100600,78,2023,Regular Season - 16,172,VfB Stuttgart,170,FC Augsburg,3,0,FT,D. Siebert,Stuttgart Arena,Stuttgart,2,0,H,3,3,12,2,0,16,172.0,2.0,73.0,WWWDL,170.0,11.0,39.0,LLLLL,3,1,1,10,0,0,5,0
1049019,2023-12-20 19:30:00+00:00,1703100600,78,2023,Regular Season - 16,169,Eintracht Frankfurt,163,Borussia Monchengladbach,2,1,FT,F. Badstübner,Frankfurt Arena,Frankfurt am Main,0,1,H,3,1,12,2,0,16,169.0,6.0,47.0,DDLLW,163.0,14.0,34.0,LDDDL,1,2,2,5,0,3,2,3
1049024,2023-12-20 19:30:00+00:00,1703100600,78,2023,Regular Season - 16,180,FC Heidenheim,160,SC Freiburg,3,2,FT,B. Brand,Voith-Arena,Heidenheim an der Brenz,0,1,H,5,1,12,2,0,16,180.0,8.0,42.0,WDDWL,160.0,10.0,42.0,LDDLD,2,2,1,8,0,3,2,3
1049020,2023-12-20 19:30:00+00:00,1703100600,78,2023,Regular Season - 16,161,VfL Wolfsburg,157,Bayern Munich,1,2,FT,S. Stegemann,Volkswagen Arena,Wolfsburg,1,2,A,3,-1,12,2,0,16,161.0,12.0,37.0,LLWWW,157.0,3.0,72.0,LWLWW,3,0,2,9,3,0,2,9
1049018,2023-12-20 19:30:00+00:00,1703100600,78,2023,Regular Season - 16,168,Bayer Leverkusen,176,Vfl Bochum,4,0,FT,D. Schlager,BayArena,Leverkusen,3,0,H,4,4,12,2,0,16,168.0,1.0,90.0,WWWDD,176.0,16.0,33.0,LLWWL,3,2,0,11,2,0,3,6
1049025,2024-01-12 19:30:00+00:00,1705087800,78,2023,Regular Season - 17,157,Bayern Munich,167,1899 Hoffenheim,3,0,FT,B. Brand,Fußball Arena München,München,1,0,H,3,3,1,4,0,17,157.0,3.0,72.0,LWLWW,167.0,7.0,46.0,WWDLW,3,0,2,9,3,1,1,10
1049027,2024-01-13 14:30:00+00:00,1705156200,78,2023,Regular Season - 17,160,SC Freiburg,182,Union Berlin,0,0,FT,C. Dingert,Europa-Park Stadion,Freiburg im Breisgau,0,0,D,0,0,1,5,1,17,160.0,10.0,42.0,LDDLD,182.0,15.0,33.0,WLLDL,0,3,2,3,1,1,3,4
1049028,2024-01-13 14:30:00+00:00,1705156200,78,2023,Regular Season - 17,164,FSV Mainz 05,161,VfL Wolfsburg,1,1,FT,P. Ittrich,MEWA ARENA,Mainz,0,1,D,2,0,1,5,1,17,164.0,13.0,35.0,WWDDD,161.0,12.0,37.0,LLWWW,2,3,0,9,3,0,2,9
1049032,2024-01-13 14:30:00+00:00,1705156200,78,2023,Regular Season - 17,170,FC Augsburg,168,Bayer Leverkusen,0,1,FT,S. Jablonski,WWK Arena,Augsburg,0,0,A,1,-1,1,5,1,17,170.0,11.0,39.0,LLLLL,168.0,1.0,90.0,WWWDD,0,0,5,0,3,2,0,11
1049026,2024-01-13 14:30:00+00:00,1705156200,78,2023,Regular Season - 17,173,RB Leipzig,169,Eintracht Frankfurt,0,1,FT,F. Willenborg,Leipzig Stadium,Leipzig,0,1,A,1,-1,1,5,1,17,173.0,4.0,65.0,DDDWW,169.0,6.0,47.0,DDLLW,2,3,0,9,1,2,2,5
1049030,2024-01-13 14:30:00+00:00,1705156200,78,2023,Regular Season - 17,192,1. FC Köln,180,FC Heidenheim,1,1,FT,F. Zwayer,Cologne Stadium,Köln,1,0,D,2,0,1,5,1,17,192.0,17.0,27.0,LWDDL,180.0,8.0,42.0,WDDWL,1,2,2,5,2,2,1,8
1049033,2024-01-13 17:30:00+00:00,1705167000,78,2023,Regular Season - 17,181,SV Darmstadt 98,165,Borussia Dortmund,0,3,FT,D. Aytekin,Merck-Stadion am Böllenfalltor,Darmstadt,0,1,A,3,-3,1,5,1,17,181.0,18.0,17.0,LLLLW,165.0,5.0,63.0,WLWLD,1,0,4,3,2,1,2,7
1049031,2024-01-14 14:30:00+00:00,1705242600,78,2023,Regular Season - 17,176,Vfl Bochum,162,Werder Bremen,1,1,FT,T. Stieler,Vonovia Ruhrstadion,Bochum,0,0,D,2,0,1,6,1,17,176.0,16.0,33.0,LLWWL,162.0,9.0,42.0,WDDWW,2,0,3,6,3,2,0,11
1049029,2024-01-14 16:30:00+00:00,1705249800,78,2023,Regular Season - 17,163,Borussia Monchengladbach,172,VfB Stuttgart,3,1,FT,H. Osmers,BORUSSIA-PARK,Mönchengladbach,2,0,H,4,2,1,6,1,17,163.0,14.0,34.0,LDDDL,172.0,2.0,73.0,WWWDL,0,3,2,3,3,1,1,10
1049039,2024-01-20 14:30:00+00:00,1705761000,78,2023,Regular Season - 18,192,1. FC Köln,165,Borussia Dortmund,0,4,FT,D. Schlager,Cologne Stadium,Köln,0,1,A,4,-4,1,5,1,18,192.0,17.0,27.0,LWDDL,165.0,5.0,63.0,WLWLD,1,2,2,5,2,1,2,7
1049042,2024-01-20 14:30:00+00:00,1705761000,78,2023,Regular Season - 18,181,SV Darmstadt 98,169,Eintracht Frankfurt,2,2,FT,D. Siebert,Merck-Stadion am Böllenfalltor,Darmstadt,0,1,D,4,0,1,5,1,18,181.0,18.0,17.0,LLLLW,169.0,6.0,47.0,DDLLW,1,0,4,3,1,2,2,5
1049040,2024-01-20 14:30:00+00:00,1705761000,78,2023,Regular Season - 18,176,Vfl Bochum,172,VfB Stuttgart,1,0,FT,B. Dankert,Vonovia Ruhrstadion,Bochum,0,0,H,1,1,1,5,1,18,176.0,16.0,33.0,LLWWL,172.0,2.0,73.0,WWWDL,2,0,3,6,3,1,1,10
1049041,2024-01-20 14:30:00+00:00,1705761000,78,2023,Regular Season - 18,180,FC Heidenheim,161,VfL Wolfsburg,1,1,FT,T. Gerach,Voith-Arena,Heidenheim an der Brenz,1,1,D,2,0,1,5,1,18,180.0,8.0,42.0,WDDWL,161.0,12.0,37.0,LLWWW,2,2,1,8,3,0,2,9
1049036,2024-01-20 14:30:00+00:00,1705761000,78,2023,Regular Season - 18,160,SC Freiburg,167,1899 Hoffenheim,3,2,FT,S. Stegemann,Europa-Park Stadion,Freiburg im Breisgau,1,0,H,5,1,1,5,1,18,160.0,10.0,42.0,LDDLD,167.0,7.0,46.0,WWDLW,0,3,2,3,3,1,1,10
1049035,2024-01-20 17:30:00+00:00,1705771800,78,2023,Regular Season - 18,173,RB Leipzig,168,Bayer Leverkusen,2,3,FT,M. Jöllenbeck,Leipzig Stadium,Leipzig,1,0,A,5,-1,1,5,1,18,173.0,4.0,65.0,DDDWW,168.0,1.0,90.0,WWWDD,2,3,0,9,3,2,0,11
1049034,2024-01-21 14:30:00+00:00,1705847400,78,2023,Regular Season - 18,157,Bayern Munich,162,Werder Bremen,0,1,FT,M. Fritz,Fußball Arena München,München,0,0,A,1,-1,1,6,1,18,157.0,3.0,72.0,LWLWW,162.0,9.0,42.0,WDDWW,3,0,2,9,3,2,0,11
1049038,2024-01-21 16:30:00+00:00,1705854600,78,2023,Regular Season - 18,163,Borussia Monchengladbach,170,FC Augsburg,1,2,FT,M. Petersen,BORUSSIA-PARK,Mönchengladbach,1,0,A,3,-1,1,6,1,18,163.0,14.0,34.0,LDDDL,170.0,11.0,39.0,LLLLL,0,3,2,3,0,0,5,0
1048989,2024-01-24 19:30:00+00:00,1706124600,78,2023,Regular Season - 13,157,Bayern Munich,182,Union Berlin,1,0,FT,F. Willenborg,Fußball Arena München,München,0,0,H,1,1,1,2,0,13,157.0,3.0,72.0,LWLWW,182.0,15.0,33.0,WLLDL,3,0,2,9,1,1,3,4
1049046,2024-01-26 19:30:00+00:00,1706297400,78,2023,Regular Season - 19,169,Eintracht Frankfurt,164,FSV Mainz 05,1,0,FT,F. Zwayer,Frankfurt Arena,Frankfurt am Main,0,0,H,1,1,1,4,0,19,169.0,6.0,47.0,DDLLW,164.0,13.0,35.0,WWDDD,1,2,2,5,2,3,0,9
1049051,2024-01-27 14:30:00+00:00,1706365800,78,2023,Regular Season - 19,172,VfB Stuttgart,173,RB Leipzig,5,2,FT,S. Jablonski,Stuttgart Arena,Stuttgart,2,1,H,7,3,1,5,1,19,172.0,2.0,73.0,WWWDL,173.0,4.0,65.0,DDDWW,3,1,1,10,2,3,0,9
1049050,2024-01-27 14:30:00+00:00,1706365800,78,2023,Regular Season - 19,170,FC Augsburg,157,Bayern Munich,2,3,FT,C. Dingert,WWK Arena,Augsburg,0,2,A,5,-1,1,5,1,19,170.0,11.0,39.0,LLLLL,157.0,3.0,72.0,LWLWW,0,0,5,0,3,0,2,9
1049048,2024-01-27 14:30:00+00:00,1706365800,78,2023,Regular Season - 19,167,1899 Hoffenheim,180,FC Heidenheim,1,1,FT,T. Welz,PreZero Arena,Sinsheim,1,1,D,2,0,1,5,1,19,167.0,7.0,46.0,WWDLW,180.0,8.0,42.0,WDDWL,3,1,1,10,2,2,1,8
1049049,2024-01-27 14:30:00+00:00,1706365800,78,2023,Regular Season - 19,162,Werder Bremen,160,SC Freiburg,3,1,FT,R. Hartmann,wohninvest WESERSTADION,Bremen,1,1,H,4,2,1,5,1,19,162.0,9.0,42.0,WDDWW,160.0,10.0,42.0,LDDLD,3,2,0,11,0,3,2,3
1049047,2024-01-27 14:30:00+00:00,1706365800,78,2023,Regular Season - 19,161,VfL Wolfsburg,192,1. FC Köln,1,1,FT,S. Storks,Volkswagen Arena,Wolfsburg,1,1,D,2,0,1,5,1,19,161.0,12.0,37.0,LLWWW,192.0,17.0,27.0,LWDDL,3,0,2,9,1,2,2,5
1049045,2024-01-27 17:30:00+00:00,1706376600,78,2023,Regular Season - 19,168,Bayer Leverkusen,163,Borussia Monchengladbach,0,0,FT,D. Aytekin,BayArena,Leverkusen,0,0,D,0,0,1,5,1,19,168.0,1.0,90.0,WWWDD,163.0,14.0,34.0,LDDDL,3,2,0,11,0,3,2,3
1049044,2024-01-28 14:30:00+00:00,1706452200,78,2023,Regular Season - 19,182,Union Berlin,181,SV Darmstadt 98,1,0,FT,H. Osmers,Stadion An der Alten Försterei,Berlin,0,0,H,1,1,1,6,1,19,182.0,15.0,33.0,WLLDL,181.0,18.0,17.0,LLLLW,1,1,3,4,1,0,4,3
1049043,2024-01-28 16:30:00+00:00,1706459400,78,2023,Regular Season - 19,165,Borussia Dortmund,176,Vfl Bochum,3,1,FT,B. Brand,BVB Stadion Dortmund,Dortmund,1,1,H,4,2,1,6,1,19,165.0,5.0,63.0,WLWLD,176.0,16.0,33.0,LLWWL,2,1,2,7,2,0,3,6
1049059,2024-02-02 19:30:00+00:00,1706902200,78,2023,Regular Season - 20,180,FC Heidenheim,165,Borussia Dortmund,0,0,FT,B. Dankert,Voith-Arena,Heidenheim an der Brenz,0,0,D,0,0,2,4,0,20,180.0,8.0,42.0,WDDWL,165.0,5.0,63.0,WLWLD,2,2,1,8,2,1,2,7
1049060,2024-02-03 14:30:00+00:00,1706970600,78,2023,Regular Season - 20,181,SV Darmstadt 98,168,Bayer Leverkusen,0,2,FT,T. Reichel,Merck-Stadion am Böllenfalltor,Darmstadt,0,1,A,2,-2,2,5,1,20,181.0,18.0,17.0,LLLLW,168.0,1.0,90.0,WWWDD,1,0,4,3,3,2,0,11
1049058,2024-02-03 14:30:00+00:00,1706970600,78,2023,Regular Season - 20,176,Vfl Bochum,170,FC Augsburg,1,1,FT,P. Ittrich,Vonovia Ruhrstadion,Bochum,1,0,D,2,0,2,5,1,20,176.0,16.0,33.0,LLWWL,170.0,11.0,39.0,LLLLL,2,0,3,6,0,0,5,0
1049056,2024-02-03 14:30:00+00:00,1706970600,78,2023,Regular Season - 20,164,FSV Mainz 05,162,Werder Bremen,0,1,FT,B. Brand,MEWA ARENA,Mainz,0,1,A,1,-1,2,5,1,20,164.0,13.0,35.0,WWDDD,162.0,9.0,42.0,WDDWW,2,3,0,9,3,2,0,11
1049054,2024-02-03 14:30:00+00:00,1706970600,78,2023,Regular Season - 20,160,SC Freiburg,172,VfB Stuttgart,1,3,FT,D. Siebert,Europa-Park Stadion,Freiburg im Breisgau,1,2,A,4,-2,2,5,1,20,160.0,10.0,42.0,LDDLD,172.0,2.0,73.0,WWWDL,0,3,2,3,3,1,1,10
1049052,2024-02-03 14:30:00+00:00,1706970600,78,2023,Regular Season - 20,157,Bayern Munich,163,Borussia Monchengladbach,3,1,FT,T. Stieler,Fußball Arena München,München,1,1,H,4,2,2,5,1,20,157.0,3.0,72.0,LWLWW,163.0,14.0,34.0,LDDDL,3,0,2,9,0,3,2,3
1049057,2024-02-03 17:30:00+00:00,1706981400,78,2023,Regular Season - 20,192,1. FC Köln,169,Eintracht Frankfurt,2,0,FT,T. Gerach,Cologne Stadium,Köln,0,0,H,2,2,2,5,1,20,192.0,17.0,27.0,LWDDL,169.0,6.0,47.0,DDLLW,1,2,2,5,1,2,2,5
1049055,2024-02-04 14:30:00+00:00,1707057000,78,2023,Regular Season - 20,161,VfL Wolfsburg,167,1899 Hoffenheim,2,2,FT,F. Badstübner,Volkswagen Arena,Wolfsburg,0,1,D,4,0,2,6,1,20,161.0,12.0,37.0,LLWWW,167.0,7.0,46.0,WWDLW,3,0,2,9,3,1,1,10
1049053,2024-02-04 16:30:00+00:00,1707064200,78,2023,Regular Season - 20,173,RB Leipzig,182,Union Berlin,2,0,FT,M. Fritz,Leipzig Stadium,Leipzig,1,0,H,2,2,2,6,1,20,173.0,4.0,65.0,DDDWW,182.0,15.0,33.0,WLLDL,2,3,0,9,1,1,3,4
1049037,2024-02-07 17:30:00+00:00,1707327000,78,2023,Regular Season - 18,164,FSV Mainz 05,182,Union Berlin,1,1,FT,M. Petersen,MEWA ARENA,Mainz,1,1,D,2,0,2,2,0,18,164.0,13.0,35.0,WWDDD,182.0,15.0,33.0,WLLDL,2,3,0,9,1,1,3,4
1049061,2024-02-09 19:30:00+00:00,1707507000,78,2023,Regular Season - 21,165,Borussia Dortmund,160,SC Freiburg,3,0,FT,H. Osmers,BVB Stadion Dortmund,Dortmund,2,0,H,3,3,2,4,0,21,165.0,5.0,63.0,WLWLD,160.0,10.0,42.0,LDDLD,2,1,2,7,0,3,2,3
1049067,2024-02-10 14:30:00+00:00,1707575400,78,2023,Regular Season - 21,162,Werder Bremen,180,FC Heidenheim,1,2,FT,R. Schröder,wohninvest WESERSTADION,Bremen,1,2,A,3,-1,2,5,1,21,162.0,9.0,42.0,WDDWW,180.0,8.0,42.0,WDDWL,3,2,0,11,2,2,1,8
1049065,2024-02-10 14:30:00+00:00,1707575400,78,2023,Regular Season - 21,163,Borussia Monchengladbach,181,SV Darmstadt 98,0,0,FT,S. Stegemann,BORUSSIA-PARK,Mönchengladbach,0,0,D,0,0,2,5,1,21,163.0,14.0,34.0,LDDDL,181.0,18.0,17.0,LLLLW,0,3,2,3,1,0,4,3
1049064,2024-02-10 14:30:00+00:00,1707575400,78,2023,Regular Season - 21,169,Eintracht Frankfurt,176,Vfl Bochum,1,1,FT,S. Jablonski,Frankfurt Arena,Frankfurt am Main,1,1,D,2,0,2,5,1,21,169.0,6.0,47.0,DDLLW,176.0,16.0,33.0,LLWWL,1,2,2,5,2,0,3,6
1049068,2024-02-10 14:30:00+00:00,1707575400,78,2023,Regular Season - 21,170,FC Augsburg,173,RB Leipzig,2,2,FT,B. Brand,WWK Arena,Augsburg,1,1,D,4,0,2,5,1,21,170.0,11.0,39.0,LLLLL,173.0,4.0,65.0,DDDWW,0,0,5,0,2,3,0,9
1049062,2024-02-10 14:30:00+00:00,1707575400,78,2023,Regular Season - 21,182,Union Berlin,161,VfL Wolfsburg,1,0,FT,M. Jöllenbeck,Stadion An der Alten Försterei,Berlin,1,0,H,1,1,2,5,1,21,182.0,15.0,33.0,WLLDL,161.0,12.0,37.0,LLWWW,1,1,3,4,3,0,2,9
1049063,2024-02-10 17:30:00+00:00,1707586200,78,2023,Regular Season - 21,168,Bayer Leverkusen,157,Bayern Munich,3,0,FT,F. Zwayer,BayArena,Leverkusen,1,0,H,3,3,2,5,1,21,168.0,1.0,90.0,WWWDD,157.0,3.0,72.0,LWLWW,3,2,0,11,3,0,2,9
1049069,2024-02-11 14:30:00+00:00,1707661800,78,2023,Regular Season - 21,172,VfB Stuttgart,164,FSV Mainz 05,3,1,FT,D. Aytekin,Stuttgart Arena,Stuttgart,2,0,H,4,2,2,6,1,21,172.0,2.0,73.0,WWWDL,164.0,13.0,35.0,WWDDD,3,1,1,10,2,3,0,9
1049066,2024-02-11 16:30:00+00:00,1707669000,78,2023,Regular Season - 21,167,1899 Hoffenheim,192,1. FC Köln,1,1,FT,C. Dingert,PreZero Arena,Sinsheim,0,0,D,2,0,2,6,1,21,167.0,7.0,46.0,WWDLW,192.0,17.0,27.0,LWDDL,3,1,1,10,1,2,2,5
1049074,2024-02-16 19:30:00+00:00,1708111800,78,2023,Regular Season - 22,192,1. FC Köln,162,Werder Bremen,0,1,FT,D. Siebert,Cologne Stadium,Köln,0,0,A,1,-1,2,4,0,22,192.0,17.0,27.0,LWDDL,162.0,9.0,42.0,WDDWW,1,2,2,5,3,2,0,11
1049073,2024-02-17 14:30:00+00:00,1708180200,78,2023,Regular Season - 22,164,FSV Mainz 05,170,FC Augsburg,1,0,FT,T. Reichel,MEWA ARENA,Mainz,1,0,H,1,1,2,5,1,22,164.0,13.0,35.0,WWDDD,170.0,11.0,39.0,LLLLL,2,3,0,9,0,0,5,0
1049078,2024-02-17 14:30:00+00:00,1708180200,78,2023,Regular Season - 22,181,SV Darmstadt 98,172,VfB Stuttgart,1,2,FT,T. Welz,Merck-Stadion am Böllenfalltor,Darmstadt,0,1,A,3,-1,2,5,1,22,181.0,18.0,17.0,LLLLW,172.0,2.0,73.0,WWWDL,1,0,4,3,3,1,1,10
1049077,2024-02-17 14:30:00+00:00,1708180200,78,2023,Regular Season - 22,180,FC Heidenheim,168,Bayer Leverkusen,1,2,FT,H. Osmers,Voith-Arena,Heidenheim an der Brenz,0,1,A,3,-1,2,5,1,22,180.0,8.0,42.0,WDDWL,168.0,1.0,90.0,WWWDD,2,2,1,8,3,2,0,11
1049072,2024-02-17 14:30:00+00:00,1708180200,78,2023,Regular Season - 22,161,VfL Wolfsburg,165,Borussia Dortmund,1,1,FT,M. Petersen,Volkswagen Arena,Wolfsburg,0,1,D,2,0,2,5,1,22,161.0,12.0,37.0,LLWWW,165.0,5.0,63.0,WLWLD,3,0,2,9,2,1,2,7
1049075,2024-02-17 14:30:00+00:00,1708180200,78,2023,Regular Season - 22,167,1899 Hoffenheim,182,Union Berlin,0,1,FT,R. Hartmann,PreZero Arena,Sinsheim,0,0,A,1,-1,2,5,1,22,167.0,7.0,46.0,WWDLW,182.0,15.0,33.0,WLLDL,3,1,1,10,1,1,3,4
1049070,2024-02-17 17:30:00+00:00,1708191000,78,2023,Regular Season - 22,173,RB Leipzig,163,Borussia Monchengladbach,2,0,FT,S. Storks,Leipzig Stadium,Leipzig,1,0,H,2,2,2,5,1,22,173.0,4.0,65.0,DDDWW,163.0,14.0,34.0,LDDDL,2,3,0,9,0,3,2,3
1049071,2024-02-18 14:30:00+00:00,1708266600,78,2023,Regular Season - 22,160,SC Freiburg,169,Eintracht Frankfurt,3,3,FT,T. Stieler,Europa-Park Stadion,Freiburg im Breisgau,2,2,D,6,0,2,6,1,22,160.0,10.0,42.0,LDDLD,169.0,6.0,47.0,DDLLW,0,3,2,3,1,2,2,5
1049076,2024-02-18 16:30:00+00:00,1708273800,78,2023,Regular Season - 22,176,Vfl Bochum,157,Bayern Munich,3,2,FT,D. Schlager,Vonovia Ruhrstadion,Bochum,2,1,H,5,1,2,6,1,22,176.0,16.0,33.0,LLWWL,157.0,3.0,72.0,LWLWW,2,0,3,6,3,0,2,9
1049082,2024-02-23 19:30:00+00:00,1708716600,78,2023,Regular Season - 23,168,Bayer Leverkusen,164,FSV Mainz 05,2,1,FT,T. Gerach,BayArena,Leverkusen,1,1,H,3,1,2,4,0,23,168.0,1.0,90.0,WWWDD,164.0,13.0,35.0,WWDDD,3,2,0,11,2,3,0,9
1049081,2024-02-24 14:30:00+00:00,1708785000,78,2023,Regular Season - 23,182,Union Berlin,180,FC Heidenheim,2,2,FT,D. Aytekin,Stadion An der Alten Försterei,Berlin,2,1,D,4,0,2,5,1,23,182.0,15.0,33.0,WLLDL,180.0,8.0,42.0,WDDWL,1,1,3,4,2,2,1,8
1049085,2024-02-24 14:30:00+00:00,1708785000,78,2023,Regular Season - 23,162,Werder Bremen,181,SV Darmstadt 98,1,1,FT,F. Badstübner,wohninvest WESERSTADION,Bremen,1,1,D,2,0,2,5,1,23,162.0,9.0,42.0,WDDWW,181.0,18.0,17.0,LLLLW,3,2,0,11,1,0,4,3
1049084,2024-02-24 14:30:00+00:00,1708785000,78,2023,Regular Season - 23,163,Borussia Monchengladbach,176,Vfl Bochum,5,2,FT,S. Jablonski,BORUSSIA-PARK,Mönchengladbach,2,0,H,7,3,2,5,1,23,163.0,14.0,34.0,LDDDL,176.0,16.0,33.0,LLWWL,0,3,2,3,2,0,3,6
1049087,2024-02-24 14:30:00+00:00,1708785000,78,2023,Regular Season - 23,172,VfB Stuttgart,192,1. FC Köln,1,1,FT,P. Ittrich,Stuttgart Arena,Stuttgart,0,0,D,2,0,2,5,1,23,172.0,2.0,73.0,WWWDL,192.0,17.0,27.0,LWDDL,3,1,1,10,1,2,2,5
1049079,2024-02-24 17:30:00+00:00,1708795800,78,2023,Regular Season - 23,157,Bayern Munich,173,RB Leipzig,2,1,FT,S. Stegemann,Fußball Arena München,München,0,0,H,3,1,2,5,1,23,157.0,3.0,72.0,LWLWW,173.0,4.0,65.0,DDDWW,3,0,2,9,2,3,0,9
1049083,2024-02-25 14:30:00+00:00,1708871400,78,2023,Regular Season - 23,169,Eintracht Frankfurt,161,VfL Wolfsburg,2,2,FT,D. Schlager,Frankfurt Arena,Frankfurt am Main,1,2,D,4,0,2,6,1,23,169.0,6.0,47.0,DDLLW,161.0,12.0,37.0,LLWWW,1,2,2,5,3,0,2,9
1049080,2024-02-25 16:30:00+00:00,1708878600,78,2023,Regular Season - 23,165,Borussia Dortmund,167,1899 Hoffenheim,2,3,FT,M. Fritz,BVB Stadion Dortmund,Dortmund,2,1,A,5,-1,2,6,1,23,165.0,5.0,63.0,WLWLD,167.0,7.0,46.0,WWDLW,2,1,2,7,3,1,1,10
1049086,2024-02-25 18:30:00+00:00,1708885800,78,2023,Regular Season - 23,170,FC Augsburg,160,SC Freiburg,2,1,FT,B. Dankert,WWK Arena,Augsburg,0,1,H,3,1,2,6,1,23,170.0,11.0,39.0,LLLLL,160.0,10.0,42.0,LDDLD,0,0,5,0,0,3,2,3
1049089,2024-03-01 19:30:00+00:00,1709321400,78,2023,Regular Season - 24,160,SC Freiburg,157,Bayern Munich,2,2,FT,S. Jablonski,Europa-Park Stadion,Freiburg im Breisgau,1,1,D,4,0,3,4,0,24,160.0,10.0,42.0,LDDLD,157.0,3.0,72.0,LWLWW,0,3,2,3,3,0,2,9
1049094,2024-03-02 14:30:00+00:00,1709389800,78,2023,Regular Season - 24,176,Vfl Bochum,173,RB Leipzig,1,4,FT,H. Osmers,Vonovia Ruhrstadion,Bochum,1,1,A,5,-3,3,5,1,24,176.0,16.0,33.0,LLWWL,173.0,4.0,65.0,DDDWW,2,0,3,6,2,3,0,9
1049088,2024-03-02 14:30:00+00:00,1709389800,78,2023,Regular Season - 24,182,Union Berlin,165,Borussia Dortmund,0,2,FT,C. Dingert,Stadion An der Alten Försterei,Berlin,0,1,A,2,-2,3,5,1,24,182.0,15.0,33.0,WLLDL,165.0,5.0,63.0,WLWLD,1,1,3,4,2,1,2,7
1049096,2024-03-02 14:30:00+00:00,1709389800,78,2023,Regular Season - 24,181,SV Darmstadt 98,170,FC Augsburg,0,6,FT,F. Zwayer,Merck-Stadion am Böllenfalltor,Darmstadt,0,5,A,6,-6,3,5,1,24,181.0,18.0,17.0,LLLLW,170.0,11.0,39.0,LLLLL,1,0,4,3,0,0,5,0
1049091,2024-03-02 14:30:00+00:00,1709389800,78,2023,Regular Season - 24,164,FSV Mainz 05,163,Borussia Monchengladbach,1,1,FT,R. Schröder,MEWA ARENA,Mainz,1,0,D,2,0,3,5,1,24,164.0,13.0,35.0,WWDDD,163.0,14.0,34.0,LDDDL,2,3,0,9,0,3,2,3
1049095,2024-03-02 14:30:00+00:00,1709389800,78,2023,Regular Season - 24,180,FC Heidenheim,169,Eintracht Frankfurt,1,2,FT,S. Storks,Voith-Arena,Heidenheim an der Brenz,0,1,A,3,-1,3,5,1,24,180.0,8.0,42.0,WDDWL,169.0,6.0,47.0,DDLLW,2,2,1,8,1,2,2,5
1049090,2024-03-02 17:30:00+00:00,1709400600,78,2023,Regular Season - 24,161,VfL Wolfsburg,172,VfB Stuttgart,2,3,FT,B. Brand,Volkswagen Arena,Wolfsburg,0,1,A,5,-1,3,5,1,24,161.0,12.0,37.0,LLWWW,172.0,2.0,73.0,WWWDL,3,0,2,9,3,1,1,10
1049092,2024-03-03 14:30:00+00:00,1709476200,78,2023,Regular Season - 24,192,1. FC Köln,168,Bayer Leverkusen,0,2,FT,T. Stieler,Cologne Stadium,Köln,0,1,A,2,-2,3,6,1,24,192.0,17.0,27.0,LWDDL,168.0,1.0,90.0,WWWDD,1,2,2,5,3,2,0,11
1049093,2024-03-03 16:30:00+00:00,1709483400,78,2023,Regular Season - 24,167,1899 Hoffenheim,162,Werder Bremen,2,1,FT,M. Jöllenbeck,PreZero Arena,Sinsheim,2,0,H,3,1,3,6,1,24,167.0,7.0,46.0,WWDLW,162.0,9.0,42.0,WDDWW,3,1,1,10,3,2,0,11
1049105,2024-03-08 19:30:00+00:00,1709926200,78,2023,Regular Season - 25,172,VfB Stuttgart,182,Union Berlin,2,0,FT,R. Schröder,Stuttgart Arena,Stuttgart,1,0,H,2,2,3,4,0,25,172.0,2.0,73.0,WWWDL,182.0,15.0,33.0,WLLDL,3,1,1,10,1,1,3,4
1049097,2024-03-09 14:30:00+00:00,1709994600,78,2023,Regular Season - 25,157,Bayern Munich,164,FSV Mainz 05,8,1,FT,P. Ittrich,Fußball Arena München,München,3,1,H,9,7,3,5,1,25,157.0,3.0,72.0,LWLWW,164.0,13.0,35.0,WWDDD,3,0,2,9,2,3,0,9
1049101,2024-03-09 14:30:00+00:00,1709994600,78,2023,Regular Season - 25,163,Borussia Monchengladbach,192,1. FC Köln,3,3,FT,F. Zwayer,BORUSSIA-PARK,Mönchengladbach,1,1,D,6,0,3,5,1,25,163.0,14.0,34.0,LDDDL,192.0,17.0,27.0,LWDDL,0,3,2,3,1,2,2,5
1049104,2024-03-09 14:30:00+00:00,1709994600,78,2023,Regular Season - 25,170,FC Augsburg,180,FC Heidenheim,1,0,FT,F. Willenborg,WWK Arena,Augsburg,1,0,H,1,1,3,5,1,25,170.0,11.0,39.0,LLLLL,180.0,8.0,42.0,WDDWL,0,0,5,0,2,2,1,8
1049098,2024-03-09 14:30:00+00:00,1709994600,78,2023,Regular Season - 25,173,RB Leipzig,181,SV Darmstadt 98,2,0,FT,R. Hartmann,Leipzig Stadium,Leipzig,1,0,H,2,2,3,5,1,25,173.0,4.0,65.0,DDDWW,181.0,18.0,17.0,LLLLW,2,3,0,9,1,0,4,3
1049102,2024-03-09 17:30:00+00:00,1710005400,78,2023,Regular Season - 25,162,Werder Bremen,165,Borussia Dortmund,1,2,FT,D. Aytekin,wohninvest WESERSTADION,Bremen,0,2,A,3,-1,3,5,1,25,162.0,9.0,42.0,WDDWW,165.0,5.0,63.0,WLWLD,3,2,0,11,2,1,2,7
1049103,2024-03-10 14:30:00+00:00,1710081000,78,2023,Regular Season - 25,176,Vfl Bochum,160,SC Freiburg,1,2,FT,M. Fritz,Vonovia Ruhrstadion,Bochum,0,1,A,3,-1,3,6,1,25,176.0,16.0,33.0,LLWWL,160.0,10.0,42.0,LDDLD,2,0,3,6,0,3,2,3
1049100,2024-03-10 16:30:00+00:00,1710088200,78,2023,Regular Season - 25,169,Eintracht Frankfurt,167,1899 Hoffenheim,3,1,FT,B. Dankert,Frankfurt Arena,Frankfurt am Main,1,1,H,4,2,3,6,1,25,169.0,6.0,47.0,DDLLW,167.0,7.0,46.0,WWDLW,1,2,2,5,3,1,1,10
1049099,2024-03-10 18:30:00+00:00,1710095400,78,2023,Regular Season - 25,168,Bayer Leverkusen,161,VfL Wolfsburg,2,0,FT,D. Siebert,BayArena,Leverkusen,1,0,H,2,2,3,6,1,25,168.0,1.0,90.0,WWWDD,161.0,12.0,37.0,LLWWW,3,2,0,11,3,0,2,9
1049111,2024-03-15 19:30:00+00:00,1710531000,78,2023,Regular Season - 26,192,1. FC Köln,173,RB Leipzig,1,5,FT,F. Badstübner,Cologne Stadium,Köln,1,1,A,6,-4,3,4,0,26,192.0,17.0,27.0,LWDDL,173.0,4.0,65.0,DDDWW,1,2,2,5,2,3,0,9
1049107,2024-03-16 14:30:00+00:00,1710599400,78,2023,Regular Season - 26,182,Union Berlin,162,Werder Bremen,2,1,FT,D. Schlager,Stadion An der Alten Försterei,Berlin,0,0,H,3,1,3,5,1,26,182.0,15.0,33.0,WLLDL,162.0,9.0,42.0,WDDWW,1,1,3,4,3,2,0,11
1049114,2024-03-16 14:30:00+00:00,1710599400,78,2023,Regular Season - 26,181,SV Darmstadt 98,157,Bayern Munich,2,5,FT,T. Reichel,Merck-Stadion am Böllenfalltor,Darmstadt,1,2,A,7,-3,3,5,1,26,181.0,18.0,17.0,LLLLW,157.0,3.0,72.0,LWLWW,1,0,4,3,3,0,2,9
1049110,2024-03-16 14:30:00+00:00,1710599400,78,2023,Regular Season - 26,164,FSV Mainz 05,176,Vfl Bochum,2,0,FT,M. Jöllenbeck,MEWA ARENA,Mainz,1,0,H,2,2,3,5,1,26,164.0,13.0,35.0,WWDDD,176.0,16.0,33.0,LLWWL,2,3,0,9,2,0,3,6
1049113,2024-03-16 14:30:00+00:00,1710599400,78,2023,Regular Season - 26,180,FC Heidenheim,163,Borussia Monchengladbach,1,1,FT,M. Petersen,Voith-Arena,Heidenheim an der Brenz,0,1,D,2,0,3,5,1,26,180.0,8.0,42.0,WDDWL,163.0,14.0,34.0,LDDDL,2,2,1,8,0,3,2,3
1049109,2024-03-16 14:30:00+00:00,1710599400,78,2023,Regular Season - 26,161,VfL Wolfsburg,170,FC Augsburg,1,3,FT,T. Gerach,Volkswagen Arena,Wolfsburg,1,1,A,4,-2,3,5,1,26,161.0,12.0,37.0,LLWWW,170.0,11.0,39.0,LLLLL,3,0,2,9,0,0,5,0
1049112,2024-03-16 17:30:00+00:00,1710610200,78,2023,Regular Season - 26,167,1899 Hoffenheim,172,VfB Stuttgart,0,3,FT,S. Stegemann,PreZero Arena,Sinsheim,0,2,A,3,-3,3,5,1,26,167.0,7.0,46.0,WWDLW,172.0,2.0,73.0,WWWDL,3,1,1,10,3,1,1,10
1049108,2024-03-17 14:30:00+00:00,1710685800,78,2023,Regular Season - 26,160,SC Freiburg,168,Bayer Leverkusen,2,3,FT,H. Osmers,Europa-Park Stadion,Freiburg im Breisgau,1,2,A,5,-1,3,6,1,26,160.0,10.0,42.0,LDDLD,168.0,1.0,90.0,WWWDD,0,3,2,3,3,2,0,11
1049106,2024-03-17 16:30:00+00:00,1710693000,78,2023,Regular Season - 26,165,Borussia Dortmund,169,Eintracht Frankfurt,3,1,FT,T. Stieler,BVB Stadion Dortmund,Dortmund,1,1,H,4,2,3,6,1,26,165.0,5.0,63.0,WLWLD,169.0,6.0,47.0,DDLLW,2,1,2,7,1,2,2,5
1049116,2024-03-30 14:30:00+00:00,1711809000,78,2023,Regular Season - 27,173,RB Leipzig,164,FSV Mainz 05,0,0,FT,F. Willenborg,Leipzig Stadium,Leipzig,0,0,D,0,0,3,5,1,27,173.0,4.0,65.0,DDDWW,164.0,13.0,35.0,WWDDD,2,3,0,9,2,3,0,9
1049117,2024-03-30 14:30:00+00:00,1711809000,78,2023,Regular Season - 27,168,Bayer Leverkusen,167,1899 Hoffenheim,2,1,FT,D. Aytekin,BayArena,Leverkusen,0,1,H,3,1,3,5,1,27,168.0,1.0,90.0,WWWDD,167.0,7.0,46.0,WWDLW,3,2,0,11,3,1,1,10
1049118,2024-03-30 14:30:00+00:00,1711809000,78,2023,Regular Season - 27,169,Eintracht Frankfurt,182,Union Berlin,0,0,FT,M. Fritz,Frankfurt Arena,Frankfurt am Main,0,0,D,0,0,3,5,1,27,169.0,6.0,47.0,DDLLW,182.0,15.0,33.0,WLLDL,1,2,2,5,1,1,3,4
1049120,2024-03-30 14:30:00+00:00,1711809000,78,2023,Regular Season - 27,162,Werder Bremen,161,VfL Wolfsburg,0,2,FT,S. Stegemann,wohninvest WESERSTADION,Bremen,0,1,A,2,-2,3,5,1,27,162.0,9.0,42.0,WDDWW,161.0,12.0,37.0,LLWWW,3,2,0,11,3,0,2,9
1049119,2024-03-30 14:30:00+00:00,1711809000,78,2023,Regular Season - 27,163,Borussia Monchengladbach,160,SC Freiburg,0,3,FT,C. Dingert,BORUSSIA-PARK,Mönchengladbach,0,1,A,3,-3,3,5,1,27,163.0,14.0,34.0,LDDDL,160.0,10.0,42.0,LDDLD,0,3,2,3,0,3,2,3
1049115,2024-03-30 17:30:00+00:00,1711819800,78,2023,Regular Season - 27,157,Bayern Munich,165,Borussia Dortmund,0,2,FT,H. Osmers,Fußball Arena München,München,0,1,A,2,-2,3,5,1,27,157.0,3.0,72.0,LWLWW,165.0,5.0,63.0,WLWLD,3,0,2,9,2,1,2,7
1049122,2024-03-31 13:30:00+00:00,1711891800,78,2023,Regular Season - 27,170,FC Augsburg,192,1. FC Köln,1,1,FT,S. Storks,WWK Arena,Augsburg,1,1,D,2,0,3,6,1,27,170.0,11.0,39.0,LLLLL,192.0,17.0,27.0,LWDDL,0,0,5,0,1,2,2,5
1049123,2024-03-31 15:30:00+00:00,1711899000,78,2023,Regular Season - 27,172,VfB Stuttgart,180,FC Heidenheim,3,3,FT,F. Zwayer,Stuttgart Arena,Stuttgart,1,0,D,6,0,3,6,1,27,172.0,2.0,73.0,WWWDL,180.0,8.0,42.0,WDDWL,3,1,1,10,2,2,1,8
1049121,2024-03-31 17:30:00+00:00,1711906200,78,2023,Regular Season - 27,176,Vfl Bochum,181,SV Darmstadt 98,2,2,FT,S. Jablonski,Vonovia Ruhrstadion,Bochum,1,0,D,4,0,3,6,1,27,176.0,16.0,33.0,LLWWL,181.0,18.0,17.0,LLLLW,2,0,3,6,1,0,4,3
1049127,2024-04-05 18:30:00+00:00,1712341800,78,2023,Regular Season - 28,169,Eintracht Frankfurt,162,Werder Bremen,1,1,FT,R. Hartmann,Frankfurt Arena,Frankfurt am Main,0,0,D,2,0,4,4,0,28,169.0,6.0,47.0,DDLLW,162.0,9.0,42.0,WDDWW,1,2,2,5,3,2,0,11
1049130,2024-04-06 13:30:00+00:00,1712410200,78,2023,Regular Season - 28,192,1. FC Köln,176,Vfl Bochum,2,1,FT,T. Welz,Cologne Stadium,Köln,0,0,H,3,1,4,5,1,28,192.0,17.0,27.0,LWDDL,176.0,16.0,33.0,LLWWL,1,2,2,5,2,0,3,6
1049125,2024-04-06 13:30:00+00:00,1712410200,78,2023,Regular Season - 28,182,Union Berlin,168,Bayer Leverkusen,0,1,FT,B. Brand,Stadion An der Alten Försterei,Berlin,0,1,A,1,-1,4,5,1,28,182.0,15.0,33.0,WLLDL,168.0,1.0,90.0,WWWDD,1,1,3,4,3,2,0,11
1049132,2024-04-06 13:30:00+00:00,1712410200,78,2023,Regular Season - 28,180,FC Heidenheim,157,Bayern Munich,3,2,FT,R. Schröder,Voith-Arena,Heidenheim an der Brenz,0,2,H,5,1,4,5,1,28,180.0,8.0,42.0,WDDWL,157.0,3.0,72.0,LWLWW,2,2,1,8,3,0,2,9
1049129,2024-04-06 13:30:00+00:00,1712410200,78,2023,Regular Season - 28,164,FSV Mainz 05,181,SV Darmstadt 98,4,0,FT,D. Schlager,MEWA ARENA,Mainz,1,0,H,4,4,4,5,1,28,164.0,13.0,35.0,WWDDD,181.0,18.0,17.0,LLLLW,2,3,0,9,1,0,4,3
1049126,2024-04-06 13:30:00+00:00,1712410200,78,2023,Regular Season - 28,160,SC Freiburg,173,RB Leipzig,1,4,FT,D. Siebert,Europa-Park Stadion,Freiburg im Breisgau,0,3,A,5,-3,4,5,1,28,160.0,10.0,42.0,LDDLD,173.0,4.0,65.0,DDDWW,0,3,2,3,2,3,0,9
1049124,2024-04-06 16:30:00+00:00,1712421000,78,2023,Regular Season - 28,165,Borussia Dortmund,172,VfB Stuttgart,0,1,FT,M. Jöllenbeck,BVB Stadion Dortmund,Dortmund,0,0,A,1,-1,4,5,1,28,165.0,5.0,63.0,WLWLD,172.0,2.0,73.0,WWWDL,2,1,2,7,3,1,1,10
1049131,2024-04-07 13:30:00+00:00,1712496600,78,2023,Regular Season - 28,167,1899 Hoffenheim,170,FC Augsburg,3,1,FT,F. Exner,PreZero Arena,Sinsheim,2,0,H,4,2,4,6,1,28,167.0,7.0,46.0,WWDLW,170.0,11.0,39.0,LLLLL,3,1,1,10,0,0,5,0
1049128,2024-04-07 15:30:00+00:00,1712503800,78,2023,Regular Season - 28,161,VfL Wolfsburg,163,Borussia Monchengladbach,1,3,FT,B. Dankert,Volkswagen Arena,Wolfsburg,1,0,A,4,-2,4,6,1,28,161.0,12.0,37.0,LLWWW,163.0,14.0,34.0,LDDDL,3,0,2,9,0,3,2,3
1049139,2024-04-12 18:30:00+00:00,1712946600,78,2023,Regular Season - 29,170,FC Augsburg,182,Union Berlin,2,0,FT,T. Stieler,WWK Arena,Augsburg,0,0,H,2,2,4,4,0,29,170.0,11.0,39.0,LLLLL,182.0,15.0,33.0,WLLDL,0,0,5,0,1,1,3,4
1049138,2024-04-13 13:30:00+00:00,1713015000,78,2023,Regular Season - 29,176,Vfl Bochum,180,FC Heidenheim,1,1,FT,P. Ittrich,Vonovia Ruhrstadion,Bochum,0,0,D,2,0,4,5,1,29,176.0,16.0,33.0,LLWWL,180.0,8.0,42.0,WDDWL,2,0,3,6,2,2,1,8
1049134,2024-04-13 13:30:00+00:00,1713015000,78,2023,Regular Season - 29,173,RB Leipzig,161,VfL Wolfsburg,3,0,FT,C. Dingert,Leipzig Stadium,Leipzig,1,0,H,3,3,4,5,1,29,173.0,4.0,65.0,DDDWW,161.0,12.0,37.0,LLWWW,2,3,0,9,3,0,2,9
1049136,2024-04-13 13:30:00+00:00,1713015000,78,2023,Regular Season - 29,164,FSV Mainz 05,167,1899 Hoffenheim,4,1,FT,F. Zwayer,MEWA ARENA,Mainz,0,1,H,5,3,4,5,1,29,164.0,13.0,35.0,WWDDD,167.0,7.0,46.0,WWDLW,2,3,0,9,3,1,1,10
1049137,2024-04-13 13:30:00+00:00,1713015000,78,2023,Regular Season - 29,163,Borussia Monchengladbach,165,Borussia Dortmund,1,2,FT,F. Badstübner,BORUSSIA-PARK,Mönchengladbach,1,2,A,3,-1,4,5,1,29,163.0,14.0,34.0,LDDDL,165.0,5.0,63.0,WLWLD,0,3,2,3,2,1,2,7
1049133,2024-04-13 13:30:00+00:00,1713015000,78,2023,Regular Season - 29,157,Bayern Munich,192,1. FC Köln,2,0,FT,F. Willenborg,Fußball Arena München,München,0,0,H,2,2,4,5,1,29,157.0,3.0,72.0,LWLWW,192.0,17.0,27.0,LWDDL,3,0,2,9,1,2,2,5
1049140,2024-04-13 16:30:00+00:00,1713025800,78,2023,Regular Season - 29,172,VfB Stuttgart,169,Eintracht Frankfurt,3,0,FT,D. Aytekin,Stuttgart Arena,Stuttgart,3,0,H,3,3,4,5,1,29,172.0,2.0,73.0,WWWDL,169.0,6.0,47.0,DDLLW,3,1,1,10,1,2,2,5
1049141,2024-04-14 13:30:00+00:00,1713101400,78,2023,Regular Season - 29,181,SV Darmstadt 98,160,SC Freiburg,0,1,FT,S. Stegemann,Merck-Stadion am Böllenfalltor,Darmstadt,0,1,A,1,-1,4,6,1,29,181.0,18.0,17.0,LLLLW,160.0,10.0,42.0,LDDLD,1,0,4,3,0,3,2,3
1049135,2024-04-14 15:30:00+00:00,1713108600,78,2023,Regular Season - 29,168,Bayer Leverkusen,162,Werder Bremen,5,0,FT,H. Osmers,BayArena,Leverkusen,1,0,H,5,5,4,6,1,29,168.0,1.0,90.0,WWWDD,162.0,9.0,42.0,WDDWW,3,2,0,11,3,2,0,11
1049145,2024-04-19 18:30:00+00:00,1713551400,78,2023,Regular Season - 30,169,Eintracht Frankfurt,170,FC Augsburg,3,1,FT,M. Petersen,Frankfurt Arena,Frankfurt am Main,0,1,H,4,2,4,4,0,30,169.0,6.0,47.0,DDLLW,170.0,11.0,39.0,LLLLL,1,2,2,5,0,0,5,0
1049147,2024-04-20 13:30:00+00:00,1713619800,78,2023,Regular Season - 30,192,1. FC Köln,181,SV Darmstadt 98,0,2,FT,M. Jöllenbeck,Cologne Stadium,Köln,0,0,A,2,-2,4,5,1,30,192.0,17.0,27.0,LWDDL,181.0,18.0,17.0,LLLLW,1,2,2,5,1,0,4,3
1049150,2024-04-20 13:30:00+00:00,1713619800,78,2023,Regular Season - 30,180,FC Heidenheim,173,RB Leipzig,1,2,FT,T. Welz,Voith-Arena,Heidenheim an der Brenz,0,1,A,3,-1,4,5,1,30,180.0,8.0,42.0,WDDWL,173.0,4.0,65.0,DDDWW,2,2,1,8,2,3,0,9
1049148,2024-04-20 13:30:00+00:00,1713619800,78,2023,Regular Season - 30,167,1899 Hoffenheim,163,Borussia Monchengladbach,4,3,FT,S. Storks,PreZero Arena,Sinsheim,1,1,H,7,1,4,5,1,30,167.0,7.0,46.0,WWDLW,163.0,14.0,34.0,LDDDL,3,1,1,10,0,3,2,3
1049146,2024-04-20 13:30:00+00:00,1713619800,78,2023,Regular Season - 30,161,VfL Wolfsburg,176,Vfl Bochum,1,0,FT,T. Reichel,Volkswagen Arena,Wolfsburg,1,0,H,1,1,4,5,1,30,161.0,12.0,37.0,LLWWW,176.0,16.0,33.0,LLWWL,3,0,2,9,2,0,3,6
1049143,2024-04-20 16:30:00+00:00,1713630600,78,2023,Regular Season - 30,182,Union Berlin,157,Bayern Munich,1,5,FT,S. Jablonski,Stadion An der Alten Försterei,Berlin,0,2,A,6,-4,4,5,1,30,182.0,15.0,33.0,WLLDL,157.0,3.0,72.0,LWLWW,1,1,3,4,3,0,2,9
1049149,2024-04-21 13:30:00+00:00,1713706200,78,2023,Regular Season - 30,162,Werder Bremen,172,VfB Stuttgart,2,1,FT,R. Schröder,wohninvest WESERSTADION,Bremen,1,0,H,3,1,4,6,1,30,162.0,9.0,42.0,WDDWW,172.0,2.0,73.0,WWWDL,3,2,0,11,3,1,1,10
1049142,2024-04-21 15:30:00+00:00,1713713400,78,2023,Regular Season - 30,165,Borussia Dortmund,168,Bayer Leverkusen,1,1,FT,D. Siebert,BVB Stadion Dortmund,Dortmund,0,0,D,2,0,4,6,1,30,165.0,5.0,63.0,WLWLD,168.0,1.0,90.0,WWWDD,2,1,2,7,3,2,0,11
1049144,2024-04-21 17:30:00+00:00,1713720600,78,2023,Regular Season - 30,160,SC Freiburg,164,FSV Mainz 05,1,1,FT,M. Fritz,Europa-Park Stadion,Freiburg im Breisgau,1,1,D,2,0,4,6,1,30,160.0,10.0,42.0,LDDLD,164.0,13.0,35.0,WWDDD,0,3,2,3,2,3,0,9
1049157,2024-04-26 18:30:00+00:00,1714156200,78,2023,Regular Season - 31,176,Vfl Bochum,167,1899 Hoffenheim,3,2,FT,T. Stieler,Vonovia Ruhrstadion,Bochum,2,0,H,5,1,4,4,0,31,176.0,16.0,33.0,LLWWL,167.0,7.0,46.0,WWDLW,2,0,3,6,3,1,1,10
1049152,2024-04-27 13:30:00+00:00,1714224600,78,2023,Regular Season - 31,173,RB Leipzig,165,Borussia Dortmund,4,1,FT,D. Aytekin,Leipzig Stadium,Leipzig,2,1,H,5,3,4,5,1,31,173.0,4.0,65.0,DDDWW,165.0,5.0,63.0,WLWLD,2,3,0,9,2,1,2,7
1049158,2024-04-27 13:30:00+00:00,1714224600,78,2023,Regular Season - 31,170,FC Augsburg,162,Werder Bremen,0,3,FT,T. Welz,WWK Arena,Augsburg,0,0,A,3,-3,4,5,1,31,170.0,11.0,39.0,LLLLL,162.0,9.0,42.0,WDDWW,0,0,5,0,3,2,0,11
1049151,2024-04-27 13:30:00+00:00,1714224600,78,2023,Regular Season - 31,157,Bayern Munich,169,Eintracht Frankfurt,2,1,FT,D. Schlager,Fußball Arena München,München,1,1,H,3,1,4,5,1,31,157.0,3.0,72.0,LWLWW,169.0,6.0,47.0,DDLLW,3,0,2,9,1,2,2,5
1049153,2024-04-27 13:30:00+00:00,1714224600,78,2023,Regular Season - 31,160,SC Freiburg,161,VfL Wolfsburg,1,2,FT,F. Willenborg,Europa-Park Stadion,Freiburg im Breisgau,1,0,A,3,-1,4,5,1,31,160.0,10.0,42.0,LDDLD,161.0,12.0,37.0,LLWWW,0,3,2,3,3,0,2,9
1049154,2024-04-27 16:30:00+00:00,1714235400,78,2023,Regular Season - 31,168,Bayer Leverkusen,172,VfB Stuttgart,2,2,FT,F. Zwayer,BayArena,Leverkusen,0,0,D,4,0,4,5,1,31,168.0,1.0,90.0,WWWDD,172.0,2.0,73.0,WWWDL,3,2,0,11,3,1,1,10
1049156,2024-04-28 13:30:00+00:00,1714311000,78,2023,Regular Season - 31,163,Borussia Monchengladbach,182,Union Berlin,0,0,FT,S. Stegemann,BORUSSIA-PARK,Mönchengladbach,0,0,D,0,0,4,6,1,31,163.0,14.0,34.0,LDDDL,182.0,15.0,33.0,WLLDL,0,3,2,3,1,1,3,4
1049155,2024-04-28 15:30:00+00:00,1714318200,78,2023,Regular Season - 31,164,FSV Mainz 05,192,1. FC Köln,1,1,FT,B. Brand,MEWA ARENA,Mainz,1,0,D,2,0,4,6,1,31,164.0,13.0,35.0,WWDDD,192.0,17.0,27.0,LWDDL,2,3,0,9,1,2,2,5
1049159,2024-04-28 17:30:00+00:00,1714325400,78,2023,Regular Season - 31,181,SV Darmstadt 98,180,FC Heidenheim,0,1,FT,B. Dankert,Merck-Stadion am Böllenfalltor,Darmstadt,0,0,A,1,-1,4,6,1,31,181.0,18.0,17.0,LLLLW,180.0,8.0,42.0,WDDWL,1,0,4,3,2,2,1,8
1049165,2024-05-03 18:30:00+00:00,1714761000,78,2023,Regular Season - 32,167,1899 Hoffenheim,173,RB Leipzig,1,1,FT,H. Osmers,PreZero Arena,Sinsheim,0,1,D,2,0,5,4,0,32,167.0,7.0,46.0,WWDLW,173.0,4.0,65.0,DDDWW,3,1,1,10,2,3,0,9
1049167,2024-05-04 13:30:00+00:00,1714829400,78,2023,Regular Season - 32,172,VfB Stuttgart,157,Bayern Munich,3,1,FT,T. Welz,Stuttgart Arena,Stuttgart,1,1,H,4,2,5,5,1,32,172.0,2.0,73.0,WWWDL,157.0,3.0,72.0,LWLWW,3,1,1,10,3,0,2,9
1049160,2024-05-04 13:30:00+00:00,1714829400,78,2023,Regular Season - 32,165,Borussia Dortmund,170,FC Augsburg,5,1,FT,R. Schröder,BVB Stadion Dortmund,Dortmund,4,1,H,6,4,5,5,1,32,165.0,5.0,63.0,WLWLD,170.0,11.0,39.0,LLLLL,2,1,2,7,0,0,5,0
1049166,2024-05-04 13:30:00+00:00,1714829400,78,2023,Regular Season - 32,162,Werder Bremen,163,Borussia Monchengladbach,2,2,FT,T. Gerach,wohninvest WESERSTADION,Bremen,1,1,D,4,0,5,5,1,32,162.0,9.0,42.0,WDDWW,163.0,14.0,34.0,LDDDL,3,2,0,11,0,3,2,3
1049163,2024-05-04 13:30:00+00:00,1714829400,78,2023,Regular Season - 32,161,VfL Wolfsburg,181,SV Darmstadt 98,3,0,FT,R. Hartmann,Volkswagen Arena,Wolfsburg,2,0,H,3,3,5,5,1,32,161.0,12.0,37.0,LLWWW,181.0,18.0,17.0,LLLLW,3,0,2,9,1,0,4,3
1049164,2024-05-04 16:30:00+00:00,1714840200,78,2023,Regular Season - 32,192,1. FC Köln,160,SC Freiburg,0,0,FT,S. Storks,Cologne Stadium,Köln,0,0,D,0,0,5,5,1,32,192.0,17.0,27.0,LWDDL,160.0,10.0,42.0,LDDLD,1,2,2,5,0,3,2,3
1049161,2024-05-05 13:30:00+00:00,1714915800,78,2023,Regular Season - 32,182,Union Berlin,176,Vfl Bochum,3,4,FT,M. Fritz,Stadion An der Alten Försterei,Berlin,0,3,A,7,-1,5,6,1,32,182.0,15.0,33.0,WLLDL,176.0,16.0,33.0,LLWWL,1,1,3,4,2,0,3,6
1049162,2024-05-05 15:30:00+00:00,1714923000,78,2023,Regular Season - 32,169,Eintracht Frankfurt,168,Bayer Leverkusen,1,5,FT,C. Dingert,Frankfurt Arena,Frankfurt am Main,1,2,A,6,-4,5,6,1,32,169.0,6.0,47.0,DDLLW,168.0,1.0,90.0,WWWDD,1,2,2,5,3,2,0,11
1049168,2024-05-05 17:30:00+00:00,1714930200,78,2023,Regular Season - 32,180,FC Heidenheim,164,FSV Mainz 05,1,1,FT,S. Jablonski,Voith-Arena,Heidenheim an der Brenz,0,1,D,2,0,5,6,1,32,180.0,8.0,42.0,WDDWL,164.0,13.0,35.0,WWDDD,2,2,1,8,2,3,0,9
1049176,2024-05-10 18:30:00+00:00,1715365800,78,2023,Regular Season - 33,170,FC Augsburg,172,VfB Stuttgart,0,1,FT,P. Ittrich,WWK Arena,Augsburg,0,0,A,1,-1,5,4,0,33,170.0,11.0,39.0,LLLLL,172.0,2.0,73.0,WWWDL,0,0,5,0,3,1,1,10
1049171,2024-05-11 13:30:00+00:00,1715434200,78,2023,Regular Season - 33,160,SC Freiburg,180,FC Heidenheim,1,1,FT,D. Siebert,Europa-Park Stadion,Freiburg im Breisgau,1,1,D,2,0,5,5,1,33,160.0,10.0,42.0,LDDLD,180.0,8.0,42.0,WDDWL,0,3,2,3,2,2,1,8
1049173,2024-05-11 13:30:00+00:00,1715434200,78,2023,Regular Season - 33,163,Borussia Monchengladbach,169,Eintracht Frankfurt,1,1,FT,R. Schröder,BORUSSIA-PARK,Mönchengladbach,1,1,D,2,0,5,5,1,33,163.0,14.0,34.0,LDDDL,169.0,6.0,47.0,DDLLW,0,3,2,3,1,2,2,5
1049170,2024-05-11 13:30:00+00:00,1715434200,78,2023,Regular Season - 33,173,RB Leipzig,162,Werder Bremen,1,1,FT,S. Stegemann,Red Bull Arena,Leipzig,0,1,D,2,0,5,5,1,33,173.0,4.0,65.0,DDDWW,162.0,9.0,42.0,WDDWW,2,3,0,9,3,2,0,11
1049174,2024-05-11 13:30:00+00:00,1715434200,78,2023,Regular Season - 33,192,1. FC Köln,182,Union Berlin,3,2,FT,D. Aytekin,RheinEnergieSTADION,Köln,1,2,H,5,1,5,5,1,33,192.0,17.0,27.0,LWDDL,182.0,15.0,33.0,WLLDL,1,2,2,5,1,1,3,4
1049172,2024-05-11 16:30:00+00:00,1715445000,78,2023,Regular Season - 33,164,FSV Mainz 05,165,Borussia Dortmund,3,0,FT,T. Stieler,MEWA ARENA,Mainz,3,0,H,3,3,5,5,1,33,164.0,13.0,35.0,WWDDD,165.0,5.0,63.0,WLWLD,2,3,0,9,2,1,2,7
1049177,2024-05-12 13:30:00+00:00,1715520600,78,2023,Regular Season - 33,181,SV Darmstadt 98,167,1899 Hoffenheim,0,6,FT,F. Badstübner,Merck-Stadion am Böllenfalltor,Darmstadt,0,5,A,6,-6,5,6,1,33,181.0,18.0,17.0,LLLLW,167.0,7.0,46.0,WWDLW,1,0,4,3,3,1,1,10
1049169,2024-05-12 15:30:00+00:00,1715527800,78,2023,Regular Season - 33,157,Bayern Munich,161,VfL Wolfsburg,2,0,FT,B. Dankert,Allianz Arena,München,2,0,H,2,2,5,6,1,33,157.0,3.0,72.0,LWLWW,161.0,12.0,37.0,LLWWW,3,0,2,9,3,0,2,9
1049175,2024-05-12 17:30:00+00:00,1715535000,78,2023,Regular Season - 33,176,Vfl Bochum,168,Bayer Leverkusen,0,5,FT,B. Brand,Vonovia Ruhrstadion,Bochum,0,2,A,5,-5,5,6,1,33,176.0,16.0,33.0,LLWWL,168.0,1.0,90.0,WWWDD,2,0,3,6,3,2,0,11
1049185,2024-05-18 13:30:00+00:00,1716039000,78,2023,Regular Season - 34,172,VfB Stuttgart,163,Borussia Monchengladbach,4,0,FT,D. Schlager,Stuttgart Arena,Stuttgart,2,0,H,4,4,5,5,1,34,172.0,2.0,73.0,WWWDL,163.0,14.0,34.0,LDDDL,3,1,1,10,0,3,2,3
1049181,2024-05-18 13:30:00+00:00,1716039000,78,2023,Regular Season - 34,169,Eintracht Frankfurt,173,RB Leipzig,2,2,FT,F. Zwayer,Frankfurt Arena,Frankfurt am Main,0,1,D,4,0,5,5,1,34,169.0,6.0,47.0,DDLLW,173.0,4.0,65.0,DDDWW,1,2,2,5,2,3,0,9
1049186,2024-05-18 13:30:00+00:00,1716039000,78,2023,Regular Season - 34,180,FC Heidenheim,192,1. FC Köln,4,1,FT,T. Welz,Voith-Arena,Heidenheim an der Brenz,3,0,H,5,3,5,5,1,34,180.0,8.0,42.0,WDDWL,192.0,17.0,27.0,LWDDL,2,2,1,8,1,2,2,5
1049180,2024-05-18 13:30:00+00:00,1716039000,78,2023,Regular Season - 34,168,Bayer Leverkusen,170,FC Augsburg,2,1,FT,M. Jöllenbeck,BayArena,Leverkusen,2,0,H,3,1,5,5,1,34,168.0,1.0,90.0,WWWDD,170.0,11.0,39.0,LLLLL,3,2,0,11,0,0,5,0
1049179,2024-05-18 13:30:00+00:00,1716039000,78,2023,Regular Season - 34,182,Union Berlin,160,SC Freiburg,2,1,FT,C. Dingert,Stadion An der Alten Försterei,Berlin,0,0,H,3,1,5,5,1,34,182.0,15.0,33.0,WLLDL,160.0,10.0,42.0,LDDLD,1,1,3,4,0,3,2,3
1049178,2024-05-18 13:30:00+00:00,1716039000,78,2023,Regular Season - 34,165,Borussia Dortmund,181,SV Darmstadt 98,4,0,FT,D. Siebert,BVB Stadion Dortmund,Dortmund,2,0,H,4,4,5,5,1,34,165.0,5.0,63.0,WLWLD,181.0,18.0,17.0,LLLLW,2,1,2,7,1,0,4,3
1049184,2024-05-18 13:30:00+00:00,1716039000,78,2023,Regular Season - 34,162,Werder Bremen,176,Vfl Bochum,4,1,FT,M. Petersen,wohninvest WESERSTADION,Bremen,1,0,H,5,3,5,5,1,34,162.0,9.0,42.0,WDDWW,176.0,16.0,33.0,LLWWL,3,2,0,11,2,0,3,6
1049182,2024-05-18 13:30:00+00:00,1716039000,78,2023,Regular Season - 34,161,VfL Wolfsburg,164,FSV Mainz 05,1,3,FT,F. Willenborg,Volkswagen Arena,Wolfsburg,1,1,A,4,-2,5,5,1,34,161.0,12.0,37.0,LLWWW,164.0,13.0,35.0,WWDDD,3,0,2,9,2,3,0,9
1049183,2024-05-18 13:30:00+00:00,1716039000,78,2023,Regular Season - 34,167,1899 Hoffenheim,157,Bayern Munich,4,2,FT,M. Fritz,PreZero Arena,Sinsheim,1,2,H,6,2,5,5,1,34,167.0,7.0,46.0,WWDLW,157.0,3.0,72.0,LWLWW,3,1,1,10,3,0,2,9
1200849,2024-05-23 18:30:00+00:00,1716489000,78,2023,Relegation Round,176,Vfl Bochum,158,Fortuna Dusseldorf,0,3,FT,R. Schröder,Vonovia Ruhrstadion,Bochum,0,1,A,3,-3,5,3,0,0,176.0,16.0,33.0,LLWWL,170.11111111111111,9.5,46.5,,2,0,3,6,0,0,0,0
881780,2022-08-13 16:30:00+00:00,1660408200,135,2022,Regular Season - 1,489,AC Milan,494,Udinese,4,2,FT,L. Marinelli,Stadio Giuseppe Meazza,Milano,2,2,H,6,2,8,5,1,1,489.0,4.0,70.0,WWWLW,494.0,12.0,46.0,LLLLW,4,0,1,12,1,0,4,3
881781,2022-08-13 16:30:00+00:00,1660408200,135,2022,Regular Season - 1,498,Sampdoria,499,Atalanta,0,2,FT,F. Dionisi,Stadio Comunale Luigi Ferraris,Genova,0,1,A,2,-2,8,5,1,1,498.0,20.0,19.0,LDLDL,499.0,5.0,64.0,WLWLL,0,2,3,2,2,0,3,6
881782,2022-08-13 18:45:00+00:00,1660416300,135,2022,Regular Season - 1,867,Lecce,505,Inter,1,2,FT,A. Prontera,Stadio Comunale Via del Mare,Lecce,0,1,A,3,-1,8,5,1,1,867.0,16.0,36.0,LWDDL,505.0,3.0,72.0,WWLWW,1,2,2,5,4,0,1,12
881783,2022-08-13 18:45:00+00:00,1660416300,135,2022,Regular Season - 1,1579,Monza,503,Torino,1,2,FT,M. Mariani,U-Power Stadium,Monza,0,1,A,3,-1,8,5,1,1,1579.0,11.0,52.0,LLWWD,503.0,10.0,53.0,LWDWD,2,1,2,7,2,2,1,8
881785,2022-08-14 16:30:00+00:00,1660494600,135,2022,Regular Season - 1,487,Lazio,500,Bologna,2,1,FT,L. Massimi,Stadio Olimpico,Roma,0,1,H,3,1,8,6,1,1,487.0,2.0,74.0,WWWDL,500.0,9.0,54.0,WDWDD,3,1,1,10,2,3,0,9
881784,2022-08-14 16:30:00+00:00,1660494600,135,2022,Regular Season - 1,502,Fiorentina,520,Cremonese,3,2,FT,J. Sacchi,Stadio Artemio Franchi,Firenze,2,1,H,5,1,8,6,1,1,502.0,8.0,56.0,WWDWL,520.0,19.0,27.0,WLLLW,3,1,1,10,2,0,3,6
881786,2022-08-14 18:45:00+00:00,1660502700,135,2022,Regular Season - 1,514,Salernitana,497,AS Roma,0,1,FT,S. Sozza,Stadio Arechi,Salerno,0,1,A,1,-1,8,6,1,1,514.0,15.0,42.0,LWDWL,497.0,6.0,63.0,WLDDL,2,1,2,7,1,2,2,5
881787,2022-08-14 18:45:00+00:00,1660502700,135,2022,Regular Season - 1,515,Spezia,511,Empoli,1,0,FT,D. Chiffi,Stadio Alberto Picco,La Spezia,1,0,H,1,1,8,6,1,1,515.0,17.0,31.0,LLDWL,511.0,14.0,43.0,LDWDW,1,1,3,4,2,2,1,8
881788,2022-08-15 16:30:00+00:00,1660581000,135,2022,Regular Season - 1,504,Verona,492,Napoli,2,5,FT,M. Fabbri,Stadio Marc'Antonio Bentegodi,Verona,1,2,A,7,-3,8,0,0,1,504.0,18.0,31.0,LDLLW,492.0,1.0,90.0,WDWLW,1,1,3,4,3,1,1,10
881789,2022-08-15 18:45:00+00:00,1660589100,135,2022,Regular Season - 1,496,Juventus,488,Sassuolo,3,0,FT,A. Rapuano,Allianz Stadium,Torino,2,0,H,3,3,8,0,0,1,496.0,7.0,62.0,WLLWW,488.0,13.0,45.0,LDLLD,3,0,2,9,0,2,3,2
881790,2022-08-20 16:30:00+00:00,1661013000,135,2022,Regular Season - 2,503,Torino,487,Lazio,0,0,FT,M. Piccinini,Stadio Olimpico Grande Torino,Torino,0,0,D,0,0,8,5,1,2,503.0,10.0,53.0,LWDWD,487.0,2.0,74.0,WWWDL,2,2,1,8,3,1,1,10
881791,2022-08-20 16:30:00+00:00,1661013000,135,2022,Regular Season - 2,494,Udinese,514,Salernitana,0,0,FT,G. Aureliano,Dacia Arena,Udine,0,0,D,0,0,8,5,1,2,494.0,12.0,46.0,LLLLW,514.0,15.0,42.0,LWDWL,1,0,4,3,2,1,2,7
881793,2022-08-20 18:45:00+00:00,1661021100,135,2022,Regular Season - 2,488,Sassuolo,867,Lecce,1,0,FT,A. Colombo,MAPEI Stadium - Città del Tricolore,Reggio nell'Emilia,1,0,H,1,1,8,5,1,2,488.0,13.0,45.0,LDLLD,867.0,16.0,36.0,LWDDL,0,2,3,2,1,2,2,5
881792,2022-08-20 18:45:00+00:00,1661021100,135,2022,Regular Season - 2,505,Inter,515,Spezia,3,0,FT,D. Ghersini,Stadio Giuseppe Meazza,Milano,1,0,H,3,3,8,5,1,2,505.0,3.0,72.0,WWLWW,515.0,17.0,31.0,LLDWL,4,0,1,12,1,1,3,4
881795,2022-08-21 16:30:00+00:00,1661099400,135,2022,Regular Season - 2,492,Napoli,1579,Monza,4,0,FT,F. Fourneau,Stadio Diego Armando Maradona,Napoli,2,0,H,4,4,8,6,1,2,492.0,1.0,90.0,WDWLW,1579.0,11.0,52.0,LLWWD,3,1,1,10,2,1,2,7
881794,2022-08-21 16:30:00+00:00,1661099400,135,2022,Regular Season - 2,511,Empoli,502,Fiorentina,0,0,FT,M. Marchetti,Stadio Carlo Castellani,Empoli,0,0,D,0,0,8,6,1,2,511.0,14.0,43.0,LDWDW,502.0,8.0,56.0,WWDWL,2,2,1,8,3,1,1,10
881796,2022-08-21 18:45:00+00:00,1661107500,135,2022,Regular Season - 2,499,Atalanta,489,AC Milan,1,1,FT,F. Maresca,Gewiss Stadium,Bergamo,1,0,D,2,0,8,6,1,2,499.0,5.0,64.0,WLWLL,489.0,4.0,70.0,WWWLW,2,0,3,6,4,0,1,12
881797,2022-08-21 18:45:00+00:00,1661107500,135,2022,Regular Season - 2,500,Bologna,504,Verona,1,1,FT,M. Marcenaro,Stadio Renato Dall'Ara,Bologna,1,1,D,2,0,8,6,1,2,500.0,9.0,54.0,WDWDD,504.0,18.0,31.0,LDLLW,2,3,0,9,1,1,3,4
881798,2022-08-22 16:30:00+00:00,1661185800,135,2022,Regular Season - 2,497,AS Roma,520,Cremonese,1,0,FT,L. Massimi,Stadio Olimpico,Roma,0,0,H,1,1,8,0,0,2,497.0,6.0,63.0,WLDDL,520.0,19.0,27.0,WLLLW,1,2,2,5,2,0,3,6
881799,2022-08-22 18:45:00+00:00,1661193900,135,2022,Regular Season - 2,498,Sampdoria,496,Juventus,0,0,FT,R. Abisso,Stadio Comunale Luigi Ferraris,Genova,0,0,D,0,0,8,0,0,2,498.0,20.0,19.0,LDLDL,496.0,7.0,62.0,WLLWW,0,2,3,2,3,0,2,9
881800,2022-08-26 16:30:00+00:00,1661531400,135,2022,Regular Season - 3,1579,Monza,494,Udinese,1,2,FT,M. Di Bello,U-Power Stadium,Monza,1,1,A,3,-1,8,4,0,3,1579.0,11.0,52.0,LLWWD,494.0,12.0,46.0,LLLLW,2,1,2,7,1,0,4,3
881801,2022-08-26 18:45:00+00:00,1661539500,135,2022,Regular Season - 3,487,Lazio,505,Inter,3,1,FT,M. Fabbri,Stadio Olimpico,Roma,1,0,H,4,2,8,4,0,3,487.0,2.0,74.0,WWWDL,505.0,3.0,72.0,WWLWW,3,1,1,10,4,0,1,12
881802,2022-08-27 16:30:00+00:00,1661617800,135,2022,Regular Season - 3,520,Cremonese,503,Torino,1,2,FT,P. Valeri,Stadio Giovanni Zini,Cremona,0,1,A,3,-1,8,5,1,3,520.0,19.0,27.0,WLLLW,503.0,10.0,53.0,LWDWD,2,0,3,6,2,2,1,8
881803,2022-08-27 16:30:00+00:00,1661617800,135,2022,Regular Season - 3,496,Juventus,497,AS Roma,1,1,FT,M. Irrati,Allianz Stadium,Torino,1,0,D,2,0,8,5,1,3,496.0,7.0,62.0,WLLWW,497.0,6.0,63.0,WLDDL,3,0,2,9,1,2,2,5
881804,2022-08-27 18:45:00+00:00,1661625900,135,2022,Regular Season - 3,489,AC Milan,500,Bologna,2,0,FT,G. Manganiello,Stadio Giuseppe Meazza,Milano,1,0,H,2,2,8,5,1,3,489.0,4.0,70.0,WWWLW,500.0,9.0,54.0,WDWDD,4,0,1,12,2,3,0,9
881805,2022-08-27 18:45:00+00:00,1661625900,135,2022,Regular Season - 3,515,Spezia,488,Sassuolo,2,2,FT,F. Cosso,Stadio Alberto Picco,La Spezia,2,1,D,4,0,8,5,1,3,515.0,17.0,31.0,LLDWL,488.0,13.0,45.0,LDLLD,1,1,3,4,0,2,3,2
881806,2022-08-28 16:30:00+00:00,1661704200,135,2022,Regular Season - 3,504,Verona,499,Atalanta,0,1,FT,A. Prontera,Stadio Marc'Antonio Bentegodi,Verona,0,0,A,1,-1,8,6,1,3,504.0,18.0,31.0,LDLLW,499.0,5.0,64.0,WLWLL,1,1,3,4,2,0,3,6
881807,2022-08-28 16:30:00+00:00,1661704200,135,2022,Regular Season - 3,514,Salernitana,498,Sampdoria,4,0,FT,D. Massa,Stadio Arechi,Salerno,2,0,H,4,4,8,6,1,3,514.0,15.0,42.0,LWDWL,498.0,20.0,19.0,LDLDL,2,1,2,7,0,2,3,2
881808,2022-08-28 18:45:00+00:00,1661712300,135,2022,Regular Season - 3,502,Fiorentina,492,Napoli,0,0,FT,L. Marinelli,Stadio Artemio Franchi,Firenze,0,0,D,0,0,8,6,1,3,502.0,8.0,56.0,WWDWL,492.0,1.0,90.0,WDWLW,3,1,1,10,3,1,1,10
881809,2022-08-28 18:45:00+00:00,1661712300,135,2022,Regular Season - 3,867,Lecce,511,Empoli,1,1,FT,A. Santoro,Stadio Comunale Via del Mare,Lecce,1,1,D,2,0,8,6,1,3,867.0,16.0,36.0,LWDDL,511.0,14.0,43.0,LDWDW,1,2,2,5,2,2,1,8
881810,2022-08-30 16:30:00+00:00,1661877000,135,2022,Regular Season - 4,488,Sassuolo,489,AC Milan,0,0,FT,G. Ayroldi,MAPEI Stadium - Città del Tricolore,Reggio nell'Emilia,0,0,D,0,0,8,1,0,4,488.0,13.0,45.0,LDLLD,489.0,4.0,70.0,WWWLW,0,2,3,2,4,0,1,12
881812,2022-08-30 18:45:00+00:00,1661885100,135,2022,Regular Season - 4,497,AS Roma,1579,Monza,3,0,FT,M. Piccinini,Stadio Olimpico,Roma,2,0,H,3,3,8,1,0,4,497.0,6.0,63.0,WLDDL,1579.0,11.0,52.0,LLWWD,1,2,2,5,2,1,2,7
881811,2022-08-30 18:45:00+00:00,1661885100,135,2022,Regular Season - 4,505,Inter,520,Cremonese,3,1,FT,F. Fourneau,Stadio Giuseppe Meazza,Milano,2,0,H,4,2,8,1,0,4,505.0,3.0,72.0,WWLWW,520.0,19.0,27.0,WLLLW,4,0,1,12,2,0,3,6
881813,2022-08-31 16:30:00+00:00,1661963400,135,2022,Regular Season - 4,511,Empoli,504,Verona,1,1,FT,M. Serra,Stadio Carlo Castellani,Empoli,1,0,D,2,0,8,2,0,4,511.0,14.0,43.0,LDWDW,504.0,18.0,31.0,LDLLW,2,2,1,8,1,1,3,4
881814,2022-08-31 16:30:00+00:00,1661963400,135,2022,Regular Season - 4,498,Sampdoria,487,Lazio,1,1,FT,G. Aureliano,Stadio Comunale Luigi Ferraris,Genova,0,1,D,2,0,8,2,0,4,498.0,20.0,19.0,LDLDL,487.0,2.0,74.0,WWWDL,0,2,3,2,3,1,1,10
881815,2022-08-31 16:30:00+00:00,1661963400,135,2022,Regular Season - 4,494,Udinese,502,Fiorentina,1,0,FT,M. Mariani,Dacia Arena,Udine,1,0,H,1,1,8,2,0,4,494.0,12.0,46.0,LLLLW,502.0,8.0,56.0,WWDWL,1,0,4,3,3,1,1,10
881817,2022-08-31 18:45:00+00:00,1661971500,135,2022,Regular Season - 4,492,Napoli,867,Lecce,1,1,FT,M. Marcenaro,Stadio Diego Armando Maradona,Napoli,1,1,D,2,0,8,2,0,4,492.0,1.0,90.0,WDWLW,867.0,16.0,36.0,LWDDL,3,1,1,10,1,2,2,5
881816,2022-08-31 18:45:00+00:00,1661971500,135,2022,Regular Season - 4,496,Juventus,515,Spezia,2,0,FT,A. Colombo,Allianz Stadium,Torino,1,0,H,2,2,8,2,0,4,496.0,7.0,62.0,WLLWW,515.0,17.0,31.0,LLDWL,3,0,2,9,1,1,3,4
881818,2022-09-01 18:45:00+00:00,1662057900,135,2022,Regular Season - 4,499,Atalanta,503,Torino,3,1,FT,M. Di Bello,Gewiss Stadium,Bergamo,1,0,H,4,2,9,3,0,4,499.0,5.0,64.0,WLWLL,503.0,10.0,53.0,LWDWD,2,0,3,6,2,2,1,8
881819,2022-09-01 18:45:00+00:00,1662057900,135,2022,Regular Season - 4,500,Bologna,514,Salernitana,1,1,FT,D. Ghersini,Stadio Renato Dall'Ara,Bologna,0,0,D,2,0,9,3,0,4,500.0,9.0,54.0,WDWDD,514.0,15.0,42.0,LWDWL,2,3,0,9,2,1,2,7
881820,2022-09-03 13:00:00+00:00,1662210000,135,2022,Regular Season - 5,502,Fiorentina,496,Juventus,1,1,FT,D. Doveri,Stadio Artemio Franchi,Firenze,1,1,D,2,0,9,5,1,5,502.0,8.0,56.0,WWDWL,496.0,7.0,62.0,WLLWW,3,1,1,10,3,0,2,9
881821,2022-09-03 16:00:00+00:00,1662220800,135,2022,Regular Season - 5,489,AC Milan,505,Inter,3,2,FT,D. Chiffi,Stadio Giuseppe Meazza,Milano,1,1,H,5,1,9,5,1,5,489.0,4.0,70.0,WWWLW,505.0,3.0,72.0,WWLWW,4,0,1,12,4,0,1,12
881822,2022-09-03 18:45:00+00:00,1662230700,135,2022,Regular Season - 5,487,Lazio,492,Napoli,1,2,FT,S. Sozza,Stadio Olimpico,Roma,1,1,A,3,-1,9,5,1,5,487.0,2.0,74.0,WWWDL,492.0,1.0,90.0,WDWLW,3,1,1,10,3,1,1,10
881823,2022-09-04 10:30:00+00:00,1662287400,135,2022,Regular Season - 5,520,Cremonese,488,Sassuolo,0,0,FT,L. Pairetto,Stadio Giovanni Zini,Cremona,0,0,D,0,0,9,6,1,5,520.0,19.0,27.0,WLLLW,488.0,13.0,45.0,LDLLD,2,0,3,6,0,2,3,2
881824,2022-09-04 13:00:00+00:00,1662296400,135,2022,Regular Season - 5,515,Spezia,500,Bologna,2,2,FT,A. Giua,Stadio Alberto Picco,La Spezia,1,1,D,4,0,9,6,1,5,515.0,17.0,31.0,LLDWL,500.0,9.0,54.0,WDWDD,1,1,3,4,2,3,0,9
881825,2022-09-04 16:00:00+00:00,1662307200,135,2022,Regular Season - 5,504,Verona,498,Sampdoria,2,1,FT,P. Valeri,Stadio Marc'Antonio Bentegodi,Verona,2,1,H,3,1,9,6,1,5,504.0,18.0,31.0,LDLLW,498.0,20.0,19.0,LDLDL,1,1,3,4,0,2,3,2
881826,2022-09-04 18:45:00+00:00,1662317100,135,2022,Regular Season - 5,494,Udinese,497,AS Roma,4,0,FT,F. Maresca,Dacia Arena,Udine,1,0,H,4,4,9,6,1,5,494.0,12.0,46.0,LLLLW,497.0,6.0,63.0,WLDDL,1,0,4,3,1,2,2,5
881827,2022-09-05 16:30:00+00:00,1662395400,135,2022,Regular Season - 5,1579,Monza,499,Atalanta,0,2,FT,J. Sacchi,U-Power Stadium,Monza,0,0,A,2,-2,9,0,0,5,1579.0,11.0,52.0,LLWWD,499.0,5.0,64.0,WLWLL,2,1,2,7,2,0,3,6
881828,2022-09-05 16:30:00+00:00,1662395400,135,2022,Regular Season - 5,514,Salernitana,511,Empoli,2,2,FT,R. Abisso,Stadio Arechi,Salerno,1,1,D,4,0,9,0,0,5,514.0,15.0,42.0,LWDWL,511.0,14.0,43.0,LDWDW,2,1,2,7,2,2,1,8
881829,2022-09-05 18:45:00+00:00,1662403500,135,2022,Regular Season - 5,503,Torino,867,Lecce,1,0,FT,M. Volpi,Stadio Olimpico Grande Torino,Torino,1,0,H,1,1,9,0,0,5,503.0,10.0,53.0,LWDWD,867.0,16.0,36.0,LWDDL,2,2,1,8,1,2,2,5
881837,2022-09-10 13:00:00+00:00,1662814800,135,2022,Regular Season - 6,492,Napoli,515,Spezia,1,0,FT,A. Santoro,Stadio Diego Armando Maradona,Napoli,0,0,H,1,1,9,5,1,6,492.0,1.0,90.0,WDWLW,515.0,17.0,31.0,LLDWL,3,1,1,10,1,1,3,4
881833,2022-09-10 16:00:00+00:00,1662825600,135,2022,Regular Season - 6,505,Inter,503,Torino,1,0,FT,G. Ayroldi,Stadio Giuseppe Meazza,Milano,0,0,H,1,1,9,5,1,6,505.0,3.0,72.0,WWLWW,503.0,10.0,53.0,LWDWD,4,0,1,12,2,2,1,8
881838,2022-09-10 18:45:00+00:00,1662835500,135,2022,Regular Season - 6,498,Sampdoria,489,AC Milan,1,2,FT,M. Fabbri,Stadio Comunale Luigi Ferraris,Genova,0,1,A,3,-1,9,5,1,6,498.0,20.0,19.0,LDLDL,489.0,4.0,70.0,WWWLW,0,2,3,2,4,0,1,12
881830,2022-09-11 10:30:00+00:00,1662892200,135,2022,Regular Season - 6,499,Atalanta,520,Cremonese,1,1,FT,A. Colombo,Gewiss Stadium,Bergamo,0,0,D,2,0,9,6,1,6,499.0,5.0,64.0,WLWLL,520.0,19.0,27.0,WLLLW,2,0,3,6,2,0,3,6
881839,2022-09-11 13:00:00+00:00,1662901200,135,2022,Regular Season - 6,488,Sassuolo,494,Udinese,1,3,FT,G. Camplone,MAPEI Stadium - Città del Tricolore,Reggio nell'Emilia,1,0,A,4,-2,9,6,1,6,488.0,13.0,45.0,LDLLD,494.0,12.0,46.0,LLLLW,0,2,3,2,1,0,4,3
881831,2022-09-11 13:00:00+00:00,1662901200,135,2022,Regular Season - 6,500,Bologna,502,Fiorentina,2,1,FT,D. Orsato,Stadio Renato Dall'Ara,Bologna,0,0,H,3,1,9,6,1,6,500.0,9.0,54.0,WDWDD,502.0,8.0,56.0,WWDWL,2,3,0,9,3,1,1,10
881836,2022-09-11 13:00:00+00:00,1662901200,135,2022,Regular Season - 6,867,Lecce,1579,Monza,1,1,FT,L. Pairetto,Stadio Comunale Via del Mare,Lecce,0,1,D,2,0,9,6,1,6,867.0,16.0,36.0,LWDDL,1579.0,11.0,52.0,LLWWD,1,2,2,5,2,1,2,7
881835,2022-09-11 16:00:00+00:00,1662912000,135,2022,Regular Season - 6,487,Lazio,504,Verona,2,0,FT,M. Irrati,Stadio Olimpico,Roma,0,0,H,2,2,9,6,1,6,487.0,2.0,74.0,WWWDL,504.0,18.0,31.0,LDLLW,3,1,1,10,1,1,3,4
881834,2022-09-11 18:45:00+00:00,1662921900,135,2022,Regular Season - 6,496,Juventus,514,Salernitana,2,2,FT,M. Marcenaro,Allianz Stadium,Torino,0,2,D,4,0,9,6,1,6,496.0,7.0,62.0,WLLWW,514.0,15.0,42.0,LWDWL,3,0,2,9,2,1,2,7
881832,2022-09-12 18:45:00+00:00,1663008300,135,2022,Regular Season - 6,511,Empoli,497,AS Roma,1,2,FT,L. Marinelli,Stadio Carlo Castellani,Empoli,1,1,A,3,-1,9,0,0,6,511.0,14.0,43.0,LDWDW,497.0,6.0,63.0,WLDDL,2,2,1,8,1,2,2,5
881846,2022-09-16 18:45:00+00:00,1663353900,135,2022,Regular Season - 7,514,Salernitana,867,Lecce,1,2,FT,D. Doveri,Stadio Arechi,Salerno,0,1,A,3,-1,9,4,0,7,514.0,15.0,42.0,LWDWL,867.0,16.0,36.0,LWDDL,2,1,2,7,1,2,2,5
881840,2022-09-17 13:00:00+00:00,1663419600,135,2022,Regular Season - 7,500,Bologna,511,Empoli,0,1,FT,M. Volpi,Stadio Renato Dall'Ara,Bologna,0,0,A,1,-1,9,5,1,7,500.0,9.0,54.0,WDWDD,511.0,14.0,43.0,LDWDW,2,3,0,9,2,2,1,8
881847,2022-09-17 16:00:00+00:00,1663430400,135,2022,Regular Season - 7,515,Spezia,498,Sampdoria,2,1,FT,S. Sozza,Stadio Alberto Picco,La Spezia,1,1,H,3,1,9,5,1,7,515.0,17.0,31.0,LLDWL,498.0,20.0,19.0,LDLDL,1,1,3,4,0,2,3,2
881848,2022-09-17 18:45:00+00:00,1663440300,135,2022,Regular Season - 7,503,Torino,488,Sassuolo,0,1,FT,N. Baroni,Stadio Olimpico Grande Torino,Torino,0,0,A,1,-1,9,5,1,7,503.0,10.0,53.0,LWDWD,488.0,13.0,45.0,LDLLD,2,2,1,8,0,2,3,2
881849,2022-09-18 10:30:00+00:00,1663497000,135,2022,Regular Season - 7,494,Udinese,505,Inter,3,1,FT,P. Valeri,Dacia Arena,Udine,1,1,H,4,2,9,6,1,7,494.0,12.0,46.0,LLLLW,505.0,3.0,72.0,WWLWW,1,0,4,3,4,0,1,12
881842,2022-09-18 13:00:00+00:00,1663506000,135,2022,Regular Season - 7,502,Fiorentina,504,Verona,2,0,FT,A. Rapuano,Stadio Artemio Franchi,Firenze,1,0,H,2,2,9,6,1,7,502.0,8.0,56.0,WWDWL,504.0,18.0,31.0,LDLLW,3,1,1,10,1,1,3,4
881841,2022-09-18 13:00:00+00:00,1663506000,135,2022,Regular Season - 7,520,Cremonese,487,Lazio,0,4,FT,D. Orsato,Stadio Giovanni Zini,Cremona,0,3,A,4,-4,9,6,1,7,520.0,19.0,27.0,WLLLW,487.0,2.0,74.0,WWWDL,2,0,3,6,3,1,1,10
881844,2022-09-18 13:00:00+00:00,1663506000,135,2022,Regular Season - 7,1579,Monza,496,Juventus,1,0,FT,F. Maresca,U-Power Stadium,Monza,0,0,H,1,1,9,6,1,7,1579.0,11.0,52.0,LLWWD,496.0,7.0,62.0,WLLWW,2,1,2,7,3,0,2,9
881845,2022-09-18 16:00:00+00:00,1663516800,135,2022,Regular Season - 7,497,AS Roma,499,Atalanta,0,1,FT,D. Chiffi,Stadio Olimpico,Roma,0,1,A,1,-1,9,6,1,7,497.0,6.0,63.0,WLDDL,499.0,5.0,64.0,WLWLL,1,2,2,5,2,0,3,6
881843,2022-09-18 18:45:00+00:00,1663526700,135,2022,Regular Season - 7,489,AC Milan,492,Napoli,1,2,FT,M. Mariani,Stadio Giuseppe Meazza,Milano,0,0,A,3,-1,9,6,1,7,489.0,4.0,70.0,WWWLW,492.0,1.0,90.0,WDWLW,4,0,1,12,3,1,1,10
881857,2022-10-01 13:00:00+00:00,1664629200,135,2022,Regular Season - 8,492,Napoli,503,Torino,3,1,FT,L. Massimi,Stadio Diego Armando Maradona,Napoli,3,1,H,4,2,10,5,1,8,492.0,1.0,90.0,WDWLW,503.0,10.0,53.0,LWDWD,3,1,1,10,2,2,1,8
881853,2022-10-01 16:00:00+00:00,1664640000,135,2022,Regular Season - 8,505,Inter,497,AS Roma,1,2,FT,D. Massa,Stadio Giuseppe Meazza,Milano,1,1,A,3,-1,10,5,1,8,505.0,3.0,72.0,WWLWW,497.0,6.0,63.0,WLDDL,4,0,1,12,1,2,2,5
881851,2022-10-01 18:45:00+00:00,1664649900,135,2022,Regular Season - 8,511,Empoli,489,AC Milan,1,3,FT,G. Aureliano,Stadio Carlo Castellani,Empoli,0,0,A,4,-2,10,5,1,8,511.0,14.0,43.0,LDWDW,489.0,4.0,70.0,WWWLW,2,2,1,8,4,0,1,12
881855,2022-10-02 10:30:00+00:00,1664706600,135,2022,Regular Season - 8,487,Lazio,515,Spezia,4,0,FT,J. Sacchi,Stadio Olimpico,Roma,2,0,H,4,4,10,6,1,8,487.0,2.0,74.0,WWWDL,515.0,17.0,31.0,LLDWL,3,1,1,10,1,1,3,4
881859,2022-10-02 13:00:00+00:00,1664715600,135,2022,Regular Season - 8,488,Sassuolo,514,Salernitana,5,0,FT,M. Ferrieri Caputi,MAPEI Stadium - Città del Tricolore,Reggio nell'Emilia,2,0,H,5,5,10,6,1,8,488.0,13.0,45.0,LDLLD,514.0,15.0,42.0,LWDWL,0,2,3,2,2,1,2,7
881858,2022-10-02 13:00:00+00:00,1664715600,135,2022,Regular Season - 8,498,Sampdoria,1579,Monza,0,3,FT,G. Ayroldi,Stadio Comunale Luigi Ferraris,Genova,0,1,A,3,-3,10,6,1,8,498.0,20.0,19.0,LDLDL,1579.0,11.0,52.0,LLWWD,0,2,3,2,2,1,2,7
881856,2022-10-02 13:00:00+00:00,1664715600,135,2022,Regular Season - 8,867,Lecce,520,Cremonese,1,1,FT,L. Marinelli,Stadio Comunale Via del Mare,Lecce,1,1,D,2,0,10,6,1,8,867.0,16.0,36.0,LWDDL,520.0,19.0,27.0,WLLLW,1,2,2,5,2,0,3,6
881850,2022-10-02 16:00:00+00:00,1664726400,135,2022,Regular Season - 8,499,Atalanta,502,Fiorentina,1,0,FT,M. Irrati,Gewiss Stadium,Bergamo,0,0,H,1,1,10,6,1,8,499.0,5.0,64.0,WLWLL,502.0,8.0,56.0,WWDWL,2,0,3,6,3,1,1,10
881854,2022-10-02 18:45:00+00:00,1664736300,135,2022,Regular Season - 8,496,Juventus,500,Bologna,3,0,FT,R. Abisso,Allianz Stadium,Torino,1,0,H,3,3,10,6,1,8,496.0,7.0,62.0,WLLWW,500.0,9.0,54.0,WDWDD,3,0,2,9,2,3,0,9
881852,2022-10-03 18:45:00+00:00,1664822700,135,2022,Regular Season - 8,504,Verona,494,Udinese,1,2,FT,D. Minelli,Stadio Marc'Antonio Bentegodi,Verona,1,0,A,3,-1,10,0,0,8,504.0,18.0,31.0,LDLLW,494.0,12.0,46.0,LLLLW,1,1,3,4,1,0,4,3
881867,2022-10-08 13:00:00+00:00,1665234000,135,2022,Regular Season - 9,488,Sassuolo,505,Inter,1,2,FT,S. Sozza,MAPEI Stadium - Città del Tricolore,Reggio nell'Emilia,0,1,A,3,-1,10,5,1,9,488.0,13.0,45.0,LDLLD,505.0,3.0,72.0,WWLWW,0,2,3,2,4,0,1,12
881863,2022-10-08 16:00:00+00:00,1665244800,135,2022,Regular Season - 9,489,AC Milan,496,Juventus,2,0,FT,D. Orsato,Stadio Giuseppe Meazza,Milano,1,0,H,2,2,10,5,1,9,489.0,4.0,70.0,WWWLW,496.0,7.0,62.0,WLLWW,4,0,1,12,3,0,2,9
881860,2022-10-08 18:45:00+00:00,1665254700,135,2022,Regular Season - 9,500,Bologna,498,Sampdoria,1,1,FT,M. Piccinini,Stadio Renato Dall'Ara,Bologna,1,0,D,2,0,10,5,1,9,500.0,9.0,54.0,WDWDD,498.0,20.0,19.0,LDLDL,2,3,0,9,0,2,3,2
881868,2022-10-09 10:30:00+00:00,1665311400,135,2022,Regular Season - 9,503,Torino,511,Empoli,1,1,FT,F. Fourneau,Stadio Olimpico Grande Torino,Torino,0,0,D,2,0,10,6,1,9,503.0,10.0,53.0,LWDWD,511.0,14.0,43.0,LDWDW,2,2,1,8,2,2,1,8
881869,2022-10-09 13:00:00+00:00,1665320400,135,2022,Regular Season - 9,494,Udinese,499,Atalanta,2,2,FT,D. Doveri,Dacia Arena,Udine,0,1,D,4,0,10,6,1,9,494.0,12.0,46.0,LLLLW,499.0,5.0,64.0,WLWLL,1,0,4,3,2,0,3,6
881866,2022-10-09 13:00:00+00:00,1665320400,135,2022,Regular Season - 9,514,Salernitana,504,Verona,2,1,FT,D. Ghersini,Stadio Arechi,Salerno,1,0,H,3,1,10,6,1,9,514.0,15.0,42.0,LWDWL,504.0,18.0,31.0,LDLLW,2,1,2,7,1,1,3,4
881864,2022-10-09 13:00:00+00:00,1665320400,135,2022,Regular Season - 9,1579,Monza,515,Spezia,2,0,FT,D. Perenzoni,U-Power Stadium,Monza,1,0,H,2,2,10,6,1,9,1579.0,11.0,52.0,LLWWD,515.0,17.0,31.0,LLDWL,2,1,2,7,1,1,3,4
881861,2022-10-09 16:00:00+00:00,1665331200,135,2022,Regular Season - 9,520,Cremonese,492,Napoli,1,4,FT,R. Abisso,Stadio Giovanni Zini,Cremona,0,1,A,5,-3,10,6,1,9,520.0,19.0,27.0,WLLLW,492.0,1.0,90.0,WDWLW,2,0,3,6,3,1,1,10
881865,2022-10-09 18:45:00+00:00,1665341100,135,2022,Regular Season - 9,497,AS Roma,867,Lecce,2,1,FT,A. Prontera,Stadio Olimpico,Roma,1,1,H,3,1,10,6,1,9,497.0,6.0,63.0,WLDDL,867.0,16.0,36.0,LWDDL,1,2,2,5,1,2,2,5
881862,2022-10-10 18:45:00+00:00,1665427500,135,2022,Regular Season - 9,502,Fiorentina,487,Lazio,0,4,FT,F. Maresca,Stadio Artemio Franchi,Firenze,0,2,A,4,-4,10,0,0,9,502.0,8.0,56.0,WWDWL,487.0,2.0,74.0,WWWDL,3,1,1,10,3,1,1,10
881871,2022-10-15 13:00:00+00:00,1665838800,135,2022,Regular Season - 10,511,Empoli,1579,Monza,1,0,FT,A. Rapuano,Stadio Carlo Castellani,Empoli,1,0,H,1,1,10,5,1,10,511.0,14.0,43.0,LDWDW,1579.0,11.0,52.0,LLWWD,2,2,1,8,2,1,2,7
881879,2022-10-15 16:00:00+00:00,1665849600,135,2022,Regular Season - 10,503,Torino,496,Juventus,0,1,FT,M. Mariani,Stadio Olimpico Grande Torino,Torino,0,0,A,1,-1,10,5,1,10,503.0,10.0,53.0,LWDWD,496.0,7.0,62.0,WLLWW,2,2,1,8,3,0,2,9
881870,2022-10-15 18:45:00+00:00,1665859500,135,2022,Regular Season - 10,499,Atalanta,488,Sassuolo,2,1,FT,M. Marcenaro,Gewiss Stadium,Bergamo,1,1,H,3,1,10,5,1,10,499.0,5.0,64.0,WLWLL,488.0,13.0,45.0,LDLLD,2,0,3,6,0,2,3,2
881873,2022-10-16 10:30:00+00:00,1665916200,135,2022,Regular Season - 10,505,Inter,514,Salernitana,2,0,FT,J. Sacchi,Stadio Giuseppe Meazza,Milano,1,0,H,2,2,10,6,1,10,505.0,3.0,72.0,WWLWW,514.0,15.0,42.0,LWDWL,4,0,1,12,2,1,2,7
881878,2022-10-16 13:00:00+00:00,1665925200,135,2022,Regular Season - 10,515,Spezia,520,Cremonese,2,2,FT,G. Manganiello,Stadio Alberto Picco,La Spezia,2,1,D,4,0,10,6,1,10,515.0,17.0,31.0,LLDWL,520.0,19.0,27.0,WLLLW,1,1,3,4,2,0,3,6
881874,2022-10-16 13:00:00+00:00,1665925200,135,2022,Regular Season - 10,487,Lazio,494,Udinese,0,0,FT,A. Colombo,Stadio Olimpico,Roma,0,0,D,0,0,10,6,1,10,487.0,2.0,74.0,WWWDL,494.0,12.0,46.0,LLLLW,3,1,1,10,1,0,4,3
881876,2022-10-16 16:00:00+00:00,1665936000,135,2022,Regular Season - 10,492,Napoli,500,Bologna,3,2,FT,F. Cosso,Stadio Diego Armando Maradona,Napoli,1,1,H,5,1,10,6,1,10,492.0,1.0,90.0,WDWLW,500.0,9.0,54.0,WDWDD,3,1,1,10,2,3,0,9
881872,2022-10-16 18:45:00+00:00,1665945900,135,2022,Regular Season - 10,504,Verona,489,AC Milan,1,2,FT,D. Massa,Stadio Marc'Antonio Bentegodi,Verona,1,1,A,3,-1,10,6,1,10,504.0,18.0,31.0,LDLLW,489.0,4.0,70.0,WWWLW,1,1,3,4,4,0,1,12
881877,2022-10-17 16:30:00+00:00,1666024200,135,2022,Regular Season - 10,498,Sampdoria,497,AS Roma,0,1,FT,M. Di Bello,Stadio Comunale Luigi Ferraris,Genova,0,1,A,1,-1,10,0,0,10,498.0,20.0,19.0,LDLDL,497.0,6.0,63.0,WLDDL,0,2,3,2,1,2,2,5
881875,2022-10-17 18:45:00+00:00,1666032300,135,2022,Regular Season - 10,867,Lecce,502,Fiorentina,1,1,FT,L. Massimi,Stadio Comunale Via del Mare,Lecce,1,0,D,2,0,10,0,0,10,867.0,16.0,36.0,LWDDL,502.0,8.0,56.0,WWDWL,1,2,2,5,3,1,1,10
881884,2022-10-21 18:45:00+00:00,1666377900,135,2022,Regular Season - 11,496,Juventus,511,Empoli,4,0,FT,M. Fabbri,Allianz Stadium,Torino,1,0,H,4,4,10,4,0,11,496.0,7.0,62.0,WLLWW,511.0,14.0,43.0,LDWDW,3,0,2,9,2,2,1,8
881887,2022-10-22 13:00:00+00:00,1666443600,135,2022,Regular Season - 11,514,Salernitana,515,Spezia,1,0,FT,D. Chiffi,Stadio Arechi,Salerno,0,0,H,1,1,10,5,1,11,514.0,15.0,42.0,LWDWL,515.0,17.0,31.0,LLDWL,2,1,2,7,1,1,3,4
881885,2022-10-22 16:00:00+00:00,1666454400,135,2022,Regular Season - 11,489,AC Milan,1579,Monza,4,1,FT,L. Marinelli,Stadio Giuseppe Meazza,Milano,2,0,H,5,3,10,5,1,11,489.0,4.0,70.0,WWWLW,1579.0,11.0,52.0,LLWWD,4,0,1,12,2,1,2,7
881883,2022-10-22 18:45:00+00:00,1666464300,135,2022,Regular Season - 11,502,Fiorentina,505,Inter,3,4,FT,P. Valeri,Stadio Artemio Franchi,Firenze,1,2,A,7,-1,10,5,1,11,502.0,8.0,56.0,WWDWL,505.0,3.0,72.0,WWLWW,3,1,1,10,4,0,1,12
881889,2022-10-23 10:30:00+00:00,1666521000,135,2022,Regular Season - 11,494,Udinese,503,Torino,1,2,FT,M. Marchetti,Dacia Arena,Udine,1,1,A,3,-1,10,6,1,11,494.0,12.0,46.0,LLLLW,503.0,10.0,53.0,LWDWD,1,0,4,3,2,2,1,8
881881,2022-10-23 13:00:00+00:00,1666530000,135,2022,Regular Season - 11,500,Bologna,867,Lecce,2,0,FT,S. Sozza,Stadio Renato Dall'Ara,Bologna,2,0,H,2,2,10,6,1,11,500.0,9.0,54.0,WDWDD,867.0,16.0,36.0,LWDDL,2,3,0,9,1,2,2,5
881880,2022-10-23 16:00:00+00:00,1666540800,135,2022,Regular Season - 11,499,Atalanta,487,Lazio,0,2,FT,R. Abisso,Gewiss Stadium,Bergamo,0,1,A,2,-2,10,6,1,11,499.0,5.0,64.0,WLWLL,487.0,2.0,74.0,WWWDL,2,0,3,6,3,1,1,10
881886,2022-10-23 18:45:00+00:00,1666550700,135,2022,Regular Season - 11,497,AS Roma,492,Napoli,0,1,FT,M. Irrati,Stadio Olimpico,Roma,0,0,A,1,-1,10,6,1,11,497.0,6.0,63.0,WLDDL,492.0,1.0,90.0,WDWLW,1,2,2,5,3,1,1,10
881882,2022-10-24 16:30:00+00:00,1666629000,135,2022,Regular Season - 11,520,Cremonese,498,Sampdoria,0,1,FT,F. Maresca,Stadio Giovanni Zini,Cremona,0,0,A,1,-1,10,0,0,11,520.0,19.0,27.0,WLLLW,498.0,20.0,19.0,LDLDL,2,0,3,6,0,2,3,2
881888,2022-10-24 18:45:00+00:00,1666637100,135,2022,Regular Season - 11,488,Sassuolo,504,Verona,2,1,FT,A. Santoro,MAPEI Stadium - Città del Tricolore,Reggio nell'Emilia,1,1,H,3,1,10,0,0,11,488.0,13.0,45.0,LDLLD,504.0,18.0,31.0,LDLLW,0,2,3,2,1,1,3,4
881894,2022-10-29 13:00:00+00:00,1667048400,135,2022,Regular Season - 12,492,Napoli,488,Sassuolo,4,0,FT,A. Rapuano,Stadio Diego Armando Maradona,Napoli,3,0,H,4,4,10,5,1,12,492.0,1.0,90.0,WDWLW,488.0,13.0,45.0,LDLLD,3,1,1,10,0,2,3,2
881898,2022-10-29 16:00:00+00:00,1667059200,135,2022,Regular Season - 12,867,Lecce,496,Juventus,0,1,FT,D. Chiffi,Stadio Comunale Via del Mare,Lecce,0,0,A,1,-1,10,5,1,12,867.0,16.0,36.0,LWDDL,496.0,7.0,62.0,WLLWW,1,2,2,5,3,0,2,9
881892,2022-10-29 18:45:00+00:00,1667069100,135,2022,Regular Season - 12,505,Inter,498,Sampdoria,3,0,FT,L. Massimi,Stadio Giuseppe Meazza,Milano,2,0,H,3,3,10,5,1,12,505.0,3.0,72.0,WWLWW,498.0,20.0,19.0,LDLDL,4,0,1,12,0,2,3,2
881895,2022-10-30 11:30:00+00:00,1667129400,135,2022,Regular Season - 12,511,Empoli,499,Atalanta,0,2,FT,G. Ayroldi,Stadio Carlo Castellani,Empoli,0,1,A,2,-2,10,6,1,12,511.0,14.0,43.0,LDWDW,499.0,5.0,64.0,WLWLL,2,2,1,8,2,0,3,6
881897,2022-10-30 14:00:00+00:00,1667138400,135,2022,Regular Season - 12,515,Spezia,502,Fiorentina,1,2,FT,D. Massa,Stadio Alberto Picco,La Spezia,1,1,A,3,-1,10,6,1,12,515.0,17.0,31.0,LLDWL,502.0,8.0,56.0,WWDWL,1,1,3,4,3,1,1,10
881890,2022-10-30 14:00:00+00:00,1667138400,135,2022,Regular Season - 12,520,Cremonese,494,Udinese,0,0,FT,M. Irrati,Stadio Giovanni Zini,Cremona,0,0,D,0,0,10,6,1,12,520.0,19.0,27.0,WLLLW,494.0,12.0,46.0,LLLLW,2,0,3,6,1,0,4,3
881893,2022-10-30 17:00:00+00:00,1667149200,135,2022,Regular Season - 12,487,Lazio,514,Salernitana,1,3,FT,G. Manganiello,Stadio Olimpico,Roma,1,0,A,4,-2,10,6,1,12,487.0,2.0,74.0,WWWDL,514.0,15.0,42.0,LWDWL,3,1,1,10,2,1,2,7
881899,2022-10-30 19:45:00+00:00,1667159100,135,2022,Regular Season - 12,503,Torino,489,AC Milan,2,1,FT,R. Abisso,Stadio Olimpico Grande Torino,Torino,2,0,H,3,1,10,6,1,12,503.0,10.0,53.0,LWDWD,489.0,4.0,70.0,WWWLW,2,2,1,8,4,0,1,12
881891,2022-10-31 17:30:00+00:00,1667237400,135,2022,Regular Season - 12,504,Verona,497,AS Roma,1,3,FT,J. Sacchi,Stadio Marc'Antonio Bentegodi,Verona,1,1,A,4,-2,10,0,0,12,504.0,18.0,31.0,LDLLW,497.0,6.0,63.0,WLDDL,1,1,3,4,1,2,2,5
881896,2022-10-31 19:45:00+00:00,1667245500,135,2022,Regular Season - 12,1579,Monza,500,Bologna,1,2,FT,L. Pairetto,U-Power Stadium,Monza,0,0,A,3,-1,10,0,0,12,1579.0,11.0,52.0,LLWWD,500.0,9.0,54.0,WDWDD,2,1,2,7,2,3,0,9
881909,2022-11-04 19:45:00+00:00,1667591100,135,2022,Regular Season - 13,494,Udinese,867,Lecce,1,1,FT,F. Fourneau,Dacia Arena,Udine,0,1,D,2,0,11,4,0,13,494.0,12.0,46.0,LLLLW,867.0,16.0,36.0,LWDDL,1,0,4,3,1,2,2,5
881902,2022-11-05 14:00:00+00:00,1667656800,135,2022,Regular Season - 13,511,Empoli,488,Sassuolo,1,0,FT,E. Feliciani,Stadio Carlo Castellani,Empoli,0,0,H,1,1,11,5,1,13,511.0,14.0,43.0,LDWDW,488.0,13.0,45.0,LDLLD,2,2,1,8,0,2,3,2
881904,2022-11-05 14:00:00+00:00,1667656800,135,2022,Regular Season - 13,514,Salernitana,520,Cremonese,2,2,FT,M. Marchetti,Stadio Arechi,Salerno,2,1,D,4,0,11,5,1,13,514.0,15.0,42.0,LWDWL,520.0,19.0,27.0,WLLLW,2,1,2,7,2,0,3,6
881900,2022-11-05 17:00:00+00:00,1667667600,135,2022,Regular Season - 13,499,Atalanta,492,Napoli,1,2,FT,M. Mariani,Gewiss Stadium,Bergamo,1,2,A,3,-1,11,5,1,13,499.0,5.0,64.0,WLWLL,492.0,1.0,90.0,WDWLW,2,0,3,6,3,1,1,10
881903,2022-11-05 19:45:00+00:00,1667677500,135,2022,Regular Season - 13,489,AC Milan,515,Spezia,2,1,FT,M. Fabbri,Stadio Giuseppe Meazza,Milano,1,0,H,3,1,11,5,1,13,489.0,4.0,70.0,WWWLW,515.0,17.0,31.0,LLDWL,4,0,1,12,1,1,3,4
881901,2022-11-06 11:30:00+00:00,1667734200,135,2022,Regular Season - 13,500,Bologna,503,Torino,2,1,FT,A. Giua,Stadio Renato Dall'Ara,Bologna,0,1,H,3,1,11,6,1,13,500.0,9.0,54.0,WDWDD,503.0,10.0,53.0,LWDWD,2,3,0,9,2,2,1,8
881905,2022-11-06 14:00:00+00:00,1667743200,135,2022,Regular Season - 13,498,Sampdoria,502,Fiorentina,0,2,FT,L. Marinelli,Stadio Comunale Luigi Ferraris,Genova,0,1,A,2,-2,11,6,1,13,498.0,20.0,19.0,LDLDL,502.0,8.0,56.0,WWDWL,0,2,3,2,3,1,1,10
881906,2022-11-06 14:00:00+00:00,1667743200,135,2022,Regular Season - 13,1579,Monza,504,Verona,2,0,FT,F. Cosso,U-Power Stadium,Monza,0,0,H,2,2,11,6,1,13,1579.0,11.0,52.0,LLWWD,504.0,18.0,31.0,LDLLW,2,1,2,7,1,1,3,4
881908,2022-11-06 17:00:00+00:00,1667754000,135,2022,Regular Season - 13,497,AS Roma,487,Lazio,0,1,FT,D. Orsato,Stadio Olimpico,Roma,0,1,A,1,-1,11,6,1,13,497.0,6.0,63.0,WLDDL,487.0,2.0,74.0,WWWDL,1,2,2,5,3,1,1,10
881907,2022-11-06 19:45:00+00:00,1667763900,135,2022,Regular Season - 13,496,Juventus,505,Inter,2,0,FT,D. Doveri,Allianz Stadium,Torino,0,0,H,2,2,11,6,1,13,496.0,7.0,62.0,WLLWW,505.0,3.0,72.0,WWLWW,3,0,2,9,4,0,1,12
881918,2022-11-08 17:30:00+00:00,1667928600,135,2022,Regular Season - 14,515,Spezia,494,Udinese,1,1,FT,M. Piccinini,Stadio Alberto Picco,La Spezia,1,1,D,2,0,11,1,0,14,515.0,17.0,31.0,LLDWL,494.0,12.0,46.0,LLLLW,1,1,3,4,1,0,4,3
881916,2022-11-08 17:30:00+00:00,1667928600,135,2022,Regular Season - 14,492,Napoli,511,Empoli,2,0,FT,L. Pairetto,Stadio Diego Armando Maradona,Napoli,0,0,H,2,2,11,1,0,14,492.0,1.0,90.0,WDWLW,511.0,14.0,43.0,LDWDW,3,1,1,10,2,2,1,8
881910,2022-11-08 19:45:00+00:00,1667936700,135,2022,Regular Season - 14,520,Cremonese,489,AC Milan,0,0,FT,A. Rapuano,Stadio Giovanni Zini,Cremona,0,0,D,0,0,11,1,0,14,520.0,19.0,27.0,WLLLW,489.0,4.0,70.0,WWWLW,2,0,3,6,4,0,1,12
881917,2022-11-09 17:30:00+00:00,1668015000,135,2022,Regular Season - 14,488,Sassuolo,497,AS Roma,1,1,FT,G. Ayroldi,MAPEI Stadium - Città del Tricolore,Reggio nell'Emilia,0,0,D,2,0,11,2,0,14,488.0,13.0,45.0,LDLLD,497.0,6.0,63.0,WLDDL,0,2,3,2,1,2,2,5
881915,2022-11-09 17:30:00+00:00,1668015000,135,2022,Regular Season - 14,867,Lecce,499,Atalanta,2,1,FT,G. Aureliano,Stadio Comunale Via del Mare,Lecce,2,1,H,3,1,11,2,0,14,867.0,16.0,36.0,LWDDL,499.0,5.0,64.0,WLWLL,1,2,2,5,2,0,3,6
881911,2022-11-09 19:45:00+00:00,1668023100,135,2022,Regular Season - 14,502,Fiorentina,514,Salernitana,2,1,FT,F. La Penna,Stadio Artemio Franchi,Firenze,1,0,H,3,1,11,2,0,14,502.0,8.0,56.0,WWDWL,514.0,15.0,42.0,LWDWL,3,1,1,10,2,1,2,7
881919,2022-11-09 19:45:00+00:00,1668023100,135,2022,Regular Season - 14,503,Torino,498,Sampdoria,2,0,FT,D. Massa,Stadio Olimpico Grande Torino,Torino,1,0,H,2,2,11,2,0,14,503.0,10.0,53.0,LWDWD,498.0,20.0,19.0,LDLDL,2,2,1,8,0,2,3,2
881913,2022-11-09 19:45:00+00:00,1668023100,135,2022,Regular Season - 14,505,Inter,500,Bologna,6,1,FT,A. Colombo,Stadio Giuseppe Meazza,Milano,3,1,H,7,5,11,2,0,14,505.0,3.0,72.0,WWLWW,500.0,9.0,54.0,WDWDD,4,0,1,12,2,3,0,9
881912,2022-11-10 17:30:00+00:00,1668101400,135,2022,Regular Season - 14,504,Verona,496,Juventus,0,1,FT,M. Di Bello,Stadio Marc'Antonio Bentegodi,Verona,0,0,A,1,-1,11,3,0,14,504.0,18.0,31.0,LDLLW,496.0,7.0,62.0,WLLWW,1,1,3,4,3,0,2,9
881914,2022-11-10 19:45:00+00:00,1668109500,135,2022,Regular Season - 14,487,Lazio,1579,Monza,1,0,FT,A. Santoro,Stadio Olimpico,Roma,0,0,H,1,1,11,3,0,14,487.0,2.0,74.0,WWWDL,1579.0,11.0,52.0,LLWWD,3,1,1,10,2,1,2,7
881922,2022-11-11 19:45:00+00:00,1668195900,135,2022,Regular Season - 15,511,Empoli,520,Cremonese,2,0,FT,F. Dionisi,Stadio Carlo Castellani,Empoli,0,0,H,2,2,11,4,0,15,511.0,14.0,43.0,LDWDW,520.0,19.0,27.0,WLLLW,2,2,1,8,2,0,3,6
881927,2022-11-12 14:00:00+00:00,1668261600,135,2022,Regular Season - 15,492,Napoli,494,Udinese,3,2,FT,G. Ayroldi,Stadio Diego Armando Maradona,Napoli,2,0,H,5,1,11,5,1,15,492.0,1.0,90.0,WDWLW,494.0,12.0,46.0,LLLLW,3,1,1,10,1,0,4,3
881929,2022-11-12 17:00:00+00:00,1668272400,135,2022,Regular Season - 15,498,Sampdoria,867,Lecce,0,2,FT,D. Doveri,Stadio Comunale Luigi Ferraris,Genova,0,1,A,2,-2,11,5,1,15,498.0,20.0,19.0,LDLDL,867.0,16.0,36.0,LWDDL,0,2,3,2,1,2,2,5
881921,2022-11-12 19:45:00+00:00,1668282300,135,2022,Regular Season - 15,500,Bologna,488,Sassuolo,3,0,FT,I. Pezzuto,Stadio Renato Dall'Ara,Bologna,1,0,H,3,3,11,5,1,15,500.0,9.0,54.0,WDWDD,488.0,13.0,45.0,LDLLD,2,3,0,9,0,2,3,2
881920,2022-11-13 11:30:00+00:00,1668339000,135,2022,Regular Season - 15,499,Atalanta,505,Inter,2,3,FT,D. Chiffi,Gewiss Stadium,Bergamo,1,1,A,5,-1,11,6,1,15,499.0,5.0,64.0,WLWLL,505.0,3.0,72.0,WWLWW,2,0,3,6,4,0,1,12
881928,2022-11-13 14:00:00+00:00,1668348000,135,2022,Regular Season - 15,497,AS Roma,503,Torino,1,1,FT,A. Rapuano,Stadio Olimpico,Roma,0,0,D,2,0,11,6,1,15,497.0,6.0,63.0,WLDDL,503.0,10.0,53.0,LWDWD,1,2,2,5,2,2,1,8
881923,2022-11-13 14:00:00+00:00,1668348000,135,2022,Regular Season - 15,504,Verona,515,Spezia,1,2,FT,F. Maresca,Stadio Marc'Antonio Bentegodi,Verona,1,0,A,3,-1,11,6,1,15,504.0,18.0,31.0,LDLLW,515.0,17.0,31.0,LLDWL,1,1,3,4,1,1,3,4
881926,2022-11-13 14:00:00+00:00,1668348000,135,2022,Regular Season - 15,1579,Monza,514,Salernitana,3,0,FT,A. Giua,U-Power Stadium,Monza,2,0,H,3,3,11,6,1,15,1579.0,11.0,52.0,LLWWD,514.0,15.0,42.0,LWDWL,2,1,2,7,2,1,2,7
881925,2022-11-13 17:00:00+00:00,1668358800,135,2022,Regular Season - 15,489,AC Milan,502,Fiorentina,2,1,FT,S. Sozza,Stadio Giuseppe Meazza,Milano,1,1,H,3,1,11,6,1,15,489.0,4.0,70.0,WWWLW,502.0,8.0,56.0,WWDWL,4,0,1,12,3,1,1,10
881924,2022-11-13 19:45:00+00:00,1668368700,135,2022,Regular Season - 15,496,Juventus,487,Lazio,3,0,FT,D. Massa,Allianz Stadium,Torino,1,0,H,3,3,11,6,1,15,496.0,7.0,62.0,WLLWW,487.0,2.0,74.0,WWWDL,3,0,2,9,3,1,1,10
881939,2023-01-04 11:30:00+00:00,1672831800,135,2022,Regular Season - 16,488,Sassuolo,498,Sampdoria,1,2,FT,F. Maresca,MAPEI Stadium - Città del Tricolore,Reggio nell'Emilia,0,2,A,3,-1,1,2,0,16,488.0,13.0,45.0,LDLLD,498.0,20.0,19.0,LDLDL,0,2,3,2,0,2,3,2
881938,2023-01-04 11:30:00+00:00,1672831800,135,2022,Regular Season - 16,514,Salernitana,489,AC Milan,1,2,FT,F. Fourneau,Stadio Arechi,Salerno,0,2,A,3,-1,1,2,0,16,514.0,15.0,42.0,LWDWL,489.0,4.0,70.0,WWWLW,2,1,2,7,4,0,1,12
881936,2023-01-04 13:30:00+00:00,1672839000,135,2022,Regular Season - 16,503,Torino,504,Verona,1,1,FT,F. Dionisi,Stadio Olimpico Grande Torino,Torino,0,1,D,2,0,1,2,0,16,503.0,10.0,53.0,LWDWD,504.0,18.0,31.0,LDLLW,2,2,1,8,1,1,3,4
881933,2023-01-04 13:30:00+00:00,1672839000,135,2022,Regular Season - 16,515,Spezia,499,Atalanta,2,2,FT,A. Giua,Stadio Alberto Picco,La Spezia,2,0,D,4,0,1,2,0,16,515.0,17.0,31.0,LLDWL,499.0,5.0,64.0,WLWLL,1,1,3,4,2,0,3,6
881937,2023-01-04 15:30:00+00:00,1672846200,135,2022,Regular Season - 16,867,Lecce,487,Lazio,2,1,FT,L. Marinelli,Stadio Comunale Via del Mare,Lecce,0,1,H,3,1,1,2,0,16,867.0,16.0,36.0,LWDDL,487.0,2.0,74.0,WWWDL,1,2,2,5,3,1,1,10
881934,2023-01-04 15:30:00+00:00,1672846200,135,2022,Regular Season - 16,497,AS Roma,500,Bologna,1,0,FT,A. Santoro,Stadio Olimpico,Roma,1,0,H,1,1,1,2,0,16,497.0,6.0,63.0,WLDDL,500.0,9.0,54.0,WDWDD,1,2,2,5,2,3,0,9
881931,2023-01-04 17:30:00+00:00,1672853400,135,2022,Regular Season - 16,502,Fiorentina,1579,Monza,1,1,FT,E. Feliciani,Stadio Artemio Franchi,Firenze,1,0,D,2,0,1,2,0,16,502.0,8.0,56.0,WWDWL,1579.0,11.0,52.0,LLWWD,3,1,1,10,2,1,2,7
881930,2023-01-04 17:30:00+00:00,1672853400,135,2022,Regular Season - 16,520,Cremonese,496,Juventus,0,1,FT,G. Ayroldi,Stadio Giovanni Zini,Cremona,0,0,A,1,-1,1,2,0,16,520.0,19.0,27.0,WLLLW,496.0,7.0,62.0,WLLWW,2,0,3,6,3,0,2,9
881935,2023-01-04 19:45:00+00:00,1672861500,135,2022,Regular Season - 16,494,Udinese,511,Empoli,1,1,FT,M. Serra,Dacia Arena,Udine,0,1,D,2,0,1,2,0,16,494.0,12.0,46.0,LLLLW,511.0,14.0,43.0,LDWDW,1,0,4,3,2,2,1,8
881932,2023-01-04 19:45:00+00:00,1672861500,135,2022,Regular Season - 16,505,Inter,492,Napoli,1,0,FT,S. Sozza,Stadio Giuseppe Meazza,Milano,0,0,H,1,1,1,2,0,16,505.0,3.0,72.0,WWLWW,492.0,1.0,90.0,WDWLW,4,0,1,12,3,1,1,10
881941,2023-01-07 14:00:00+00:00,1673100000,135,2022,Regular Season - 17,502,Fiorentina,488,Sassuolo,2,1,FT,G. Manganiello,Stadio Artemio Franchi,Firenze,0,0,H,3,1,1,5,1,17,502.0,8.0,56.0,WWDWL,488.0,13.0,45.0,LDLLD,3,1,1,10,0,2,3,2
881943,2023-01-07 17:00:00+00:00,1673110800,135,2022,Regular Season - 17,496,Juventus,494,Udinese,1,0,FT,M. Marchetti,Allianz Stadium,Torino,0,0,H,1,1,1,5,1,17,496.0,7.0,62.0,WLLWW,494.0,12.0,46.0,LLLLW,3,0,2,9,1,0,4,3
881946,2023-01-07 19:45:00+00:00,1673120700,135,2022,Regular Season - 17,1579,Monza,505,Inter,2,2,FT,J. Sacchi,U-Power Stadium,Monza,1,2,D,4,0,1,5,1,17,1579.0,11.0,52.0,LLWWD,505.0,3.0,72.0,WWLWW,2,1,2,7,4,0,1,12
881947,2023-01-08 11:30:00+00:00,1673177400,135,2022,Regular Season - 17,514,Salernitana,503,Torino,1,1,FT,A. Colombo,Stadio Arechi,Salerno,0,1,D,2,0,1,6,1,17,514.0,15.0,42.0,LWDWL,503.0,10.0,53.0,LWDWD,2,1,2,7,2,2,1,8
881944,2023-01-08 14:00:00+00:00,1673186400,135,2022,Regular Season - 17,487,Lazio,511,Empoli,2,2,FT,I. Pezzuto,Stadio Olimpico,Roma,1,0,D,4,0,1,6,1,17,487.0,2.0,74.0,WWWDL,511.0,14.0,43.0,LDWDW,3,1,1,10,2,2,1,8
881949,2023-01-08 14:00:00+00:00,1673186400,135,2022,Regular Season - 17,515,Spezia,867,Lecce,0,0,FT,D. Chiffi,Stadio Alberto Picco,La Spezia,0,0,D,0,0,1,6,1,17,515.0,17.0,31.0,LLDWL,867.0,16.0,36.0,LWDDL,1,1,3,4,1,2,2,5
881948,2023-01-08 17:00:00+00:00,1673197200,135,2022,Regular Season - 17,498,Sampdoria,492,Napoli,0,2,FT,R. Abisso,Stadio Comunale Luigi Ferraris,Genova,0,1,A,2,-2,1,6,1,17,498.0,20.0,19.0,LDLDL,492.0,1.0,90.0,WDWLW,0,2,3,2,3,1,1,10
881945,2023-01-08 19:45:00+00:00,1673207100,135,2022,Regular Season - 17,489,AC Milan,497,AS Roma,2,2,FT,D. Massa,Stadio Giuseppe Meazza,Milano,1,0,D,4,0,1,6,1,17,489.0,4.0,70.0,WWWLW,497.0,6.0,63.0,WLDDL,4,0,1,12,1,2,2,5
881942,2023-01-09 17:30:00+00:00,1673285400,135,2022,Regular Season - 17,504,Verona,520,Cremonese,2,0,FT,M. Mariani,Stadio Marc'Antonio Bentegodi,Verona,2,0,H,2,2,1,0,0,17,504.0,18.0,31.0,LDLLW,520.0,19.0,27.0,WLLLW,1,1,3,4,2,0,3,6
881940,2023-01-09 19:45:00+00:00,1673293500,135,2022,Regular Season - 17,500,Bologna,499,Atalanta,1,2,FT,M. Di Bello,Stadio Renato Dall'Ara,Bologna,1,0,A,3,-1,1,0,0,17,500.0,9.0,54.0,WDWDD,499.0,5.0,64.0,WLWLL,2,3,0,9,2,0,3,6
881955,2023-01-13 19:45:00+00:00,1673639100,135,2022,Regular Season - 18,492,Napoli,496,Juventus,5,1,FT,D. Doveri,Stadio Diego Armando Maradona,Napoli,2,1,H,6,4,1,4,0,18,492.0,1.0,90.0,WDWLW,496.0,7.0,62.0,WLLWW,3,1,1,10,3,0,2,9
881951,2023-01-14 14:00:00+00:00,1673704800,135,2022,Regular Season - 18,520,Cremonese,1579,Monza,2,3,FT,D. Massa,Stadio Giovanni Zini,Cremona,0,2,A,5,-1,1,5,1,18,520.0,19.0,27.0,WLLLW,1579.0,11.0,52.0,LLWWD,2,0,3,6,2,1,2,7
881954,2023-01-14 17:00:00+00:00,1673715600,135,2022,Regular Season - 18,867,Lecce,489,AC Milan,2,2,FT,D. Orsato,Stadio Comunale Via del Mare,Lecce,2,0,D,4,0,1,5,1,18,867.0,16.0,36.0,LWDDL,489.0,4.0,70.0,WWWLW,1,2,2,5,4,0,1,12
881953,2023-01-14 19:45:00+00:00,1673725500,135,2022,Regular Season - 18,505,Inter,504,Verona,1,0,FT,M. Fabbri,Stadio Giuseppe Meazza,Milano,1,0,H,1,1,1,5,1,18,505.0,3.0,72.0,WWLWW,504.0,18.0,31.0,LDLLW,4,0,1,12,1,1,3,4
881957,2023-01-15 11:30:00+00:00,1673782200,135,2022,Regular Season - 18,488,Sassuolo,487,Lazio,0,2,FT,L. Pairetto,MAPEI Stadium - Città del Tricolore,Reggio nell'Emilia,0,1,A,2,-2,1,6,1,18,488.0,13.0,45.0,LDLLD,487.0,2.0,74.0,WWWDL,0,2,3,2,3,1,1,10
881959,2023-01-15 14:00:00+00:00,1673791200,135,2022,Regular Season - 18,494,Udinese,500,Bologna,1,2,FT,M. Volpi,Dacia Arena,Udine,1,0,A,3,-1,1,6,1,18,494.0,12.0,46.0,LLLLW,500.0,9.0,54.0,WDWDD,1,0,4,3,2,3,0,9
881958,2023-01-15 14:00:00+00:00,1673791200,135,2022,Regular Season - 18,503,Torino,515,Spezia,0,1,FT,D. Ghersini,Stadio Olimpico Grande Torino,Torino,0,1,A,1,-1,1,6,1,18,503.0,10.0,53.0,LWDWD,515.0,17.0,31.0,LLDWL,2,2,1,8,1,1,3,4
881950,2023-01-15 17:00:00+00:00,1673802000,135,2022,Regular Season - 18,499,Atalanta,514,Salernitana,8,2,FT,G. Aureliano,Gewiss Stadium,Bergamo,5,1,H,10,6,1,6,1,18,499.0,5.0,64.0,WLWLL,514.0,15.0,42.0,LWDWL,2,0,3,6,2,1,2,7
881956,2023-01-15 19:45:00+00:00,1673811900,135,2022,Regular Season - 18,497,AS Roma,502,Fiorentina,2,0,FT,A. Giua,Stadio Olimpico,Roma,1,0,H,2,2,1,6,1,18,497.0,6.0,63.0,WLDDL,502.0,8.0,56.0,WWDWL,1,2,2,5,3,1,1,10
881952,2023-01-16 19:45:00+00:00,1673898300,135,2022,Regular Season - 18,511,Empoli,498,Sampdoria,1,0,FT,A. Santoro,Stadio Carlo Castellani,Empoli,0,0,H,1,1,1,0,0,18,511.0,14.0,43.0,LDWDW,498.0,20.0,19.0,LDLDL,2,2,1,8,0,2,3,2
881962,2023-01-21 14:00:00+00:00,1674309600,135,2022,Regular Season - 19,504,Verona,867,Lecce,2,0,FT,F. La Penna,Stadio Marc'Antonio Bentegodi,Verona,1,0,H,2,2,1,5,1,19,504.0,18.0,31.0,LDLLW,867.0,16.0,36.0,LWDDL,1,1,3,4,1,2,2,5
881967,2023-01-21 17:00:00+00:00,1674320400,135,2022,Regular Season - 19,514,Salernitana,492,Napoli,0,2,FT,D. Chiffi,Stadio Arechi,Salerno,0,1,A,2,-2,1,5,1,19,514.0,15.0,42.0,LWDWL,492.0,1.0,90.0,WDWLW,2,1,2,7,3,1,1,10
881961,2023-01-21 19:45:00+00:00,1674330300,135,2022,Regular Season - 19,502,Fiorentina,503,Torino,0,1,FT,F. Dionisi,Stadio Artemio Franchi,Firenze,0,1,A,1,-1,1,5,1,19,502.0,8.0,56.0,WWDWL,503.0,10.0,53.0,LWDWD,3,1,1,10,2,2,1,8
881968,2023-01-22 11:30:00+00:00,1674387000,135,2022,Regular Season - 19,498,Sampdoria,494,Udinese,0,1,FT,M. Mariani,Stadio Comunale Luigi Ferraris,Genova,0,0,A,1,-1,1,6,1,19,498.0,20.0,19.0,LDLDL,494.0,12.0,46.0,LLLLW,0,2,3,2,1,0,4,3
881966,2023-01-22 14:00:00+00:00,1674396000,135,2022,Regular Season - 19,1579,Monza,488,Sassuolo,1,1,FT,A. Prontera,U-Power Stadium,Monza,0,1,D,2,0,1,6,1,19,1579.0,11.0,52.0,LLWWD,488.0,13.0,45.0,LDLLD,2,1,2,7,0,2,3,2
881969,2023-01-22 17:00:00+00:00,1674406800,135,2022,Regular Season - 19,515,Spezia,497,AS Roma,0,2,FT,S. Sozza,Stadio Alberto Picco,La Spezia,0,1,A,2,-2,1,6,1,19,515.0,17.0,31.0,LLDWL,497.0,6.0,63.0,WLDDL,1,1,3,4,1,2,2,5
881964,2023-01-22 19:45:00+00:00,1674416700,135,2022,Regular Season - 19,496,Juventus,499,Atalanta,3,3,FT,L. Marinelli,Allianz Stadium,Torino,2,1,D,6,0,1,6,1,19,496.0,7.0,62.0,WLLWW,499.0,5.0,64.0,WLWLL,3,0,2,9,2,0,3,6
881960,2023-01-23 17:30:00+00:00,1674495000,135,2022,Regular Season - 19,500,Bologna,520,Cremonese,1,1,FT,M. Marchetti,Stadio Renato Dall'Ara,Bologna,0,0,D,2,0,1,0,0,19,500.0,9.0,54.0,WDWDD,520.0,19.0,27.0,WLLLW,2,3,0,9,2,0,3,6
881963,2023-01-23 19:45:00+00:00,1674503100,135,2022,Regular Season - 19,505,Inter,511,Empoli,0,1,FT,A. Rapuano,Stadio Giuseppe Meazza,Milano,0,0,A,1,-1,1,0,0,19,505.0,3.0,72.0,WWLWW,511.0,14.0,43.0,LDWDW,4,0,1,12,2,2,1,8
881965,2023-01-24 19:45:00+00:00,1674589500,135,2022,Regular Season - 19,487,Lazio,489,AC Milan,4,0,FT,M. Di Bello,Stadio Olimpico,Roma,2,0,H,4,4,1,1,0,19,487.0,2.0,74.0,WWWDL,489.0,4.0,70.0,WWWLW,3,1,1,10,4,0,1,12
881971,2023-01-27 17:30:00+00:00,1674840600,135,2022,Regular Season - 20,500,Bologna,515,Spezia,2,0,FT,L. Massimi,Stadio Renato Dall'Ara,Bologna,1,0,H,2,2,1,4,0,20,500.0,9.0,54.0,WDWDD,515.0,17.0,31.0,LLDWL,2,3,0,9,1,1,3,4
881975,2023-01-27 19:45:00+00:00,1674848700,135,2022,Regular Season - 20,867,Lecce,514,Salernitana,1,2,FT,D. Massa,Stadio Comunale Via del Mare,Lecce,1,2,A,3,-1,1,4,0,20,867.0,16.0,36.0,LWDDL,514.0,15.0,42.0,LWDWL,1,2,2,5,2,1,2,7
881973,2023-01-28 14:00:00+00:00,1674914400,135,2022,Regular Season - 20,511,Empoli,503,Torino,2,2,FT,M. Marcenaro,Stadio Carlo Castellani,Empoli,1,0,D,4,0,1,5,1,20,511.0,14.0,43.0,LDWDW,503.0,10.0,53.0,LWDWD,2,2,1,8,2,2,1,8
881972,2023-01-28 17:00:00+00:00,1674925200,135,2022,Regular Season - 20,520,Cremonese,505,Inter,1,2,FT,M. Mariani,Stadio Giovanni Zini,Cremona,1,1,A,3,-1,1,5,1,20,520.0,19.0,27.0,WLLLW,505.0,3.0,72.0,WWLWW,2,0,3,6,4,0,1,12
881970,2023-01-28 19:45:00+00:00,1674935100,135,2022,Regular Season - 20,499,Atalanta,498,Sampdoria,2,0,FT,D. Doveri,Gewiss Stadium,Bergamo,1,0,H,2,2,1,5,1,20,499.0,5.0,64.0,WLWLL,498.0,20.0,19.0,LDLDL,2,0,3,6,0,2,3,2
881976,2023-01-29 11:30:00+00:00,1674991800,135,2022,Regular Season - 20,489,AC Milan,488,Sassuolo,2,5,FT,A. Giua,Stadio Giuseppe Meazza,Milano,1,3,A,7,-3,1,6,1,20,489.0,4.0,70.0,WWWLW,488.0,13.0,45.0,LDLLD,4,0,1,12,0,2,3,2
881974,2023-01-29 14:00:00+00:00,1675000800,135,2022,Regular Season - 20,496,Juventus,1579,Monza,0,2,FT,G. Aureliano,Allianz Stadium,Torino,0,2,A,2,-2,1,6,1,20,496.0,7.0,62.0,WLLWW,1579.0,11.0,52.0,LLWWD,3,0,2,9,2,1,2,7
881978,2023-01-29 17:00:00+00:00,1675011600,135,2022,Regular Season - 20,487,Lazio,502,Fiorentina,1,1,FT,A. Colombo,Stadio Olimpico,Roma,1,0,D,2,0,1,6,1,20,487.0,2.0,74.0,WWWDL,502.0,8.0,56.0,WWDWL,3,1,1,10,3,1,1,10
881977,2023-01-29 19:45:00+00:00,1675021500,135,2022,Regular Season - 20,492,Napoli,497,AS Roma,2,1,FT,D. Orsato,Stadio Diego Armando Maradona,Napoli,1,0,H,3,1,1,6,1,20,492.0,1.0,90.0,WDWLW,497.0,6.0,63.0,WLDDL,3,1,1,10,1,2,2,5
881979,2023-01-30 19:45:00+00:00,1675107900,135,2022,Regular Season - 20,494,Udinese,504,Verona,1,1,FT,L. Pairetto,Dacia Arena,Udine,1,1,D,2,0,1,0,0,20,494.0,12.0,46.0,LLLLW,504.0,18.0,31.0,LDLLW,1,0,4,3,1,1,3,4
881980,2023-02-04 14:00:00+00:00,1675519200,135,2022,Regular Season - 21,520,Cremonese,867,Lecce,0,2,FT,D. Orsato,Stadio Giovanni Zini,Cremona,0,0,A,2,-2,2,5,1,21,520.0,19.0,27.0,WLLLW,867.0,16.0,36.0,LWDDL,2,0,3,6,1,2,2,5
881985,2023-02-04 17:00:00+00:00,1675530000,135,2022,Regular Season - 21,497,AS Roma,511,Empoli,2,0,FT,F. Dionisi,Stadio Olimpico,Roma,2,0,H,2,2,2,5,1,21,497.0,6.0,63.0,WLDDL,511.0,14.0,43.0,LDWDW,1,2,2,5,2,2,1,8
881987,2023-02-04 19:45:00+00:00,1675539900,135,2022,Regular Season - 21,488,Sassuolo,499,Atalanta,1,0,FT,M. Marcenaro,MAPEI Stadium - Città del Tricolore,Reggio nell'Emilia,0,0,H,1,1,2,5,1,21,488.0,13.0,45.0,LDLLD,499.0,5.0,64.0,WLWLL,0,2,3,2,2,0,3,6
881988,2023-02-05 11:30:00+00:00,1675596600,135,2022,Regular Season - 21,515,Spezia,492,Napoli,0,3,FT,M. Di Bello,Stadio Alberto Picco,La Spezia,0,0,A,3,-3,2,6,1,21,515.0,17.0,31.0,LLDWL,492.0,1.0,90.0,WDWLW,1,1,3,4,3,1,1,10
881989,2023-02-05 14:00:00+00:00,1675605600,135,2022,Regular Season - 21,503,Torino,494,Udinese,1,0,FT,A. Prontera,Stadio Olimpico Grande Torino,Torino,0,0,H,1,1,2,6,1,21,503.0,10.0,53.0,LWDWD,494.0,12.0,46.0,LLLLW,2,2,1,8,1,0,4,3
881981,2023-02-05 17:00:00+00:00,1675616400,135,2022,Regular Season - 21,502,Fiorentina,500,Bologna,1,2,FT,L. Pairetto,Stadio Artemio Franchi,Firenze,1,1,A,3,-1,2,6,1,21,502.0,8.0,56.0,WWDWL,500.0,9.0,54.0,WDWDD,3,1,1,10,2,3,0,9
881983,2023-02-05 19:45:00+00:00,1675626300,135,2022,Regular Season - 21,505,Inter,489,AC Milan,1,0,FT,D. Massa,Stadio Giuseppe Meazza,Milano,1,0,H,1,1,2,6,1,21,505.0,3.0,72.0,WWLWW,489.0,4.0,70.0,WWWLW,4,0,1,12,4,0,1,12
881982,2023-02-06 17:30:00+00:00,1675704600,135,2022,Regular Season - 21,504,Verona,487,Lazio,1,1,FT,G. Ayroldi,Stadio Marc'Antonio Bentegodi,Verona,0,1,D,2,0,2,0,0,21,504.0,18.0,31.0,LDLLW,487.0,2.0,74.0,WWWDL,1,1,3,4,3,1,1,10
881984,2023-02-06 19:45:00+00:00,1675712700,135,2022,Regular Season - 21,1579,Monza,498,Sampdoria,2,2,FT,D. Chiffi,U-Power Stadium,Monza,1,1,D,4,0,2,0,0,21,1579.0,11.0,52.0,LLWWD,498.0,20.0,19.0,LDLDL,2,1,2,7,0,2,3,2
881986,2023-02-07 19:45:00+00:00,1675799100,135,2022,Regular Season - 21,514,Salernitana,496,Juventus,0,3,FT,A. Rapuano,Stadio Arechi,Salerno,0,2,A,3,-3,2,1,0,21,514.0,15.0,42.0,LWDWL,496.0,7.0,62.0,WLLWW,2,1,2,7,3,0,2,9
881996,2023-02-10 19:45:00+00:00,1676058300,135,2022,Regular Season - 22,489,AC Milan,503,Torino,1,0,FT,G. Ayroldi,Stadio Giuseppe Meazza,Milano,0,0,H,1,1,2,4,0,22,489.0,4.0,70.0,WWWLW,503.0,10.0,53.0,LWDWD,4,0,1,12,2,2,1,8
881991,2023-02-11 14:00:00+00:00,1676124000,135,2022,Regular Season - 22,511,Empoli,515,Spezia,2,2,FT,A. Giua,Stadio Carlo Castellani,Empoli,0,2,D,4,0,2,5,1,22,511.0,14.0,43.0,LDWDW,515.0,17.0,31.0,LLDWL,2,2,1,8,1,1,3,4
881995,2023-02-11 17:00:00+00:00,1676134800,135,2022,Regular Season - 22,867,Lecce,497,AS Roma,1,1,FT,G. Aureliano,Stadio Comunale Via del Mare,Lecce,1,1,D,2,0,2,5,1,22,867.0,16.0,36.0,LWDDL,497.0,6.0,63.0,WLDDL,1,2,2,5,1,2,2,5
881994,2023-02-11 19:45:00+00:00,1676144700,135,2022,Regular Season - 22,487,Lazio,499,Atalanta,0,2,FT,D. Orsato,Stadio Olimpico,Roma,0,1,A,2,-2,2,5,1,22,487.0,2.0,74.0,WWWDL,499.0,5.0,64.0,WLWLL,3,1,1,10,2,0,3,6
881999,2023-02-12 11:30:00+00:00,1676201400,135,2022,Regular Season - 22,494,Udinese,488,Sassuolo,2,2,FT,I. Pezzuto,Dacia Arena,Udine,2,2,D,4,0,2,6,1,22,494.0,12.0,46.0,LLLLW,488.0,13.0,45.0,LDLLD,1,0,4,3,0,2,3,2
881990,2023-02-12 14:00:00+00:00,1676210400,135,2022,Regular Season - 22,500,Bologna,1579,Monza,0,1,FT,L. Zufferli,Stadio Renato Dall'Ara,Bologna,0,1,A,1,-1,2,6,1,22,500.0,9.0,54.0,WDWDD,1579.0,11.0,52.0,LLWWD,2,3,0,9,2,1,2,7
881993,2023-02-12 17:00:00+00:00,1676221200,135,2022,Regular Season - 22,496,Juventus,502,Fiorentina,1,0,FT,M. Fabbri,Allianz Stadium,Torino,1,0,H,1,1,2,6,1,22,496.0,7.0,62.0,WLLWW,502.0,8.0,56.0,WWDWL,3,0,2,9,3,1,1,10
881997,2023-02-12 19:45:00+00:00,1676231100,135,2022,Regular Season - 22,492,Napoli,520,Cremonese,3,0,FT,L. Massimi,Stadio Diego Armando Maradona,Napoli,1,0,H,3,3,2,6,1,22,492.0,1.0,90.0,WDWLW,520.0,19.0,27.0,WLLLW,3,1,1,10,2,0,3,6
881992,2023-02-13 17:30:00+00:00,1676309400,135,2022,Regular Season - 22,504,Verona,514,Salernitana,1,0,FT,P. Valeri,Stadio Marc'Antonio Bentegodi,Verona,1,0,H,1,1,2,0,0,22,504.0,18.0,31.0,LDLLW,514.0,15.0,42.0,LWDWL,1,1,3,4,2,1,2,7
881998,2023-02-13 19:45:00+00:00,1676317500,135,2022,Regular Season - 22,498,Sampdoria,505,Inter,0,0,FT,F. Maresca,Stadio Comunale Luigi Ferraris,Genova,0,0,D,0,0,2,0,0,22,498.0,20.0,19.0,LDLDL,505.0,3.0,72.0,WWLWW,0,2,3,2,4,0,1,12
882007,2023-02-17 19:45:00+00:00,1676663100,135,2022,Regular Season - 23,488,Sassuolo,492,Napoli,0,2,FT,A. Colombo,MAPEI Stadium - Città del Tricolore,Reggio nell'Emilia,0,2,A,2,-2,2,4,0,23,488.0,13.0,45.0,LDLLD,492.0,1.0,90.0,WDWLW,0,2,3,2,3,1,1,10
882006,2023-02-18 14:00:00+00:00,1676728800,135,2022,Regular Season - 23,498,Sampdoria,500,Bologna,1,2,FT,M. Irrati,Stadio Comunale Luigi Ferraris,Genova,0,1,A,3,-1,2,5,1,23,498.0,20.0,19.0,LDLDL,500.0,9.0,54.0,WDWDD,0,2,3,2,2,3,0,9
882003,2023-02-18 17:00:00+00:00,1676739600,135,2022,Regular Season - 23,1579,Monza,489,AC Milan,0,1,FT,A. Rapuano,U-Power Stadium,Monza,0,1,A,1,-1,2,5,1,23,1579.0,11.0,52.0,LLWWD,489.0,4.0,70.0,WWWLW,2,1,2,7,4,0,1,12
882002,2023-02-18 19:45:00+00:00,1676749500,135,2022,Regular Season - 23,505,Inter,494,Udinese,3,1,FT,F. Dionisi,Stadio Giuseppe Meazza,Milano,1,1,H,4,2,2,5,1,23,505.0,3.0,72.0,WWLWW,494.0,12.0,46.0,LLLLW,4,0,1,12,1,0,4,3
882000,2023-02-19 11:30:00+00:00,1676806200,135,2022,Regular Season - 23,499,Atalanta,867,Lecce,1,2,FT,M. Piccinini,Gewiss Stadium,Bergamo,0,1,A,3,-1,2,6,1,23,499.0,5.0,64.0,WLWLL,867.0,16.0,36.0,LWDDL,2,0,3,6,1,2,2,5
882005,2023-02-19 14:00:00+00:00,1676815200,135,2022,Regular Season - 23,514,Salernitana,487,Lazio,0,2,FT,R. Abisso,Stadio Arechi,Salerno,0,0,A,2,-2,2,6,1,23,514.0,15.0,42.0,LWDWL,487.0,2.0,74.0,WWWDL,2,1,2,7,3,1,1,10
882001,2023-02-19 14:00:00+00:00,1676815200,135,2022,Regular Season - 23,502,Fiorentina,511,Empoli,1,1,FT,A. Prontera,Stadio Artemio Franchi,Firenze,0,1,D,2,0,2,6,1,23,502.0,8.0,56.0,WWDWL,511.0,14.0,43.0,LDWDW,3,1,1,10,2,2,1,8
882008,2023-02-19 17:00:00+00:00,1676826000,135,2022,Regular Season - 23,515,Spezia,496,Juventus,0,2,FT,F. La Penna,Stadio Alberto Picco,La Spezia,0,1,A,2,-2,2,6,1,23,515.0,17.0,31.0,LLDWL,496.0,7.0,62.0,WLLWW,1,1,3,4,3,0,2,9
882004,2023-02-19 19:45:00+00:00,1676835900,135,2022,Regular Season - 23,497,AS Roma,504,Verona,1,0,FT,S. Sozza,Stadio Olimpico,Roma,1,0,H,1,1,2,6,1,23,497.0,6.0,63.0,WLDDL,504.0,18.0,31.0,LDLLW,1,2,2,5,1,1,3,4
882009,2023-02-20 19:45:00+00:00,1676922300,135,2022,Regular Season - 23,503,Torino,520,Cremonese,2,2,FT,G. Camplone,Stadio Olimpico Grande Torino,Torino,1,0,D,4,0,2,0,0,23,503.0,10.0,53.0,LWDWD,520.0,19.0,27.0,WLLLW,2,2,1,8,2,0,3,6
882012,2023-02-25 17:00:00+00:00,1677344400,135,2022,Regular Season - 24,511,Empoli,492,Napoli,0,2,FT,G. Ayroldi,Stadio Carlo Castellani,Empoli,0,2,A,2,-2,2,5,1,24,511.0,14.0,43.0,LDWDW,492.0,1.0,90.0,WDWLW,2,2,1,8,3,1,1,10
882015,2023-02-25 19:45:00+00:00,1677354300,135,2022,Regular Season - 24,867,Lecce,488,Sassuolo,0,1,FT,N. Baroni,Stadio Comunale Via del Mare,Lecce,0,0,A,1,-1,2,5,1,24,867.0,16.0,36.0,LWDDL,488.0,13.0,45.0,LDLLD,1,2,2,5,0,2,3,2
882010,2023-02-26 11:30:00+00:00,1677411000,135,2022,Regular Season - 24,500,Bologna,505,Inter,1,0,FT,D. Orsato,Stadio Renato Dall'Ara,Bologna,0,0,H,1,1,2,6,1,24,500.0,9.0,54.0,WDWDD,505.0,3.0,72.0,WWLWW,2,3,0,9,4,0,1,12
882018,2023-02-26 14:00:00+00:00,1677420000,135,2022,Regular Season - 24,514,Salernitana,1579,Monza,3,0,FT,L. Marinelli,Stadio Arechi,Salerno,0,0,H,3,3,2,6,1,24,514.0,15.0,42.0,LWDWL,1579.0,11.0,52.0,LLWWD,2,1,2,7,2,1,2,7
882019,2023-02-26 17:00:00+00:00,1677430800,135,2022,Regular Season - 24,494,Udinese,515,Spezia,2,2,FT,M. Marchetti,Dacia Arena,Udine,1,1,D,4,0,2,6,1,24,494.0,12.0,46.0,LLLLW,515.0,17.0,31.0,LLDWL,1,0,4,3,1,1,3,4
882016,2023-02-26 19:45:00+00:00,1677440700,135,2022,Regular Season - 24,489,AC Milan,499,Atalanta,2,0,FT,M. Mariani,Stadio Giuseppe Meazza,Milano,1,0,H,2,2,2,6,1,24,489.0,4.0,70.0,WWWLW,499.0,5.0,64.0,WLWLL,4,0,1,12,2,0,3,6
882017,2023-02-27 17:30:00+00:00,1677519000,135,2022,Regular Season - 24,504,Verona,502,Fiorentina,0,3,FT,F. La Penna,Stadio Marc'Antonio Bentegodi,Verona,0,2,A,3,-3,2,0,0,24,504.0,18.0,31.0,LDLLW,502.0,8.0,56.0,WWDWL,1,1,3,4,3,1,1,10
882014,2023-02-27 19:45:00+00:00,1677527100,135,2022,Regular Season - 24,487,Lazio,498,Sampdoria,1,0,FT,A. Colombo,Stadio Olimpico,Roma,0,0,H,1,1,2,0,0,24,487.0,2.0,74.0,WWWDL,498.0,20.0,19.0,LDLDL,3,1,1,10,0,2,3,2
882011,2023-02-28 17:30:00+00:00,1677605400,135,2022,Regular Season - 24,520,Cremonese,497,AS Roma,2,1,FT,M. Piccinini,Stadio Giovanni Zini,Cremona,1,0,H,3,1,2,1,0,24,520.0,19.0,27.0,WLLLW,497.0,6.0,63.0,WLDDL,2,0,3,6,1,2,2,5
882013,2023-02-28 19:45:00+00:00,1677613500,135,2022,Regular Season - 24,496,Juventus,503,Torino,4,2,FT,D. Chiffi,Allianz Stadium,Torino,2,2,H,6,2,2,1,0,24,496.0,7.0,62.0,WLLWW,503.0,10.0,53.0,LWDWD,3,0,2,9,2,2,1,8
882024,2023-03-03 19:45:00+00:00,1677872700,135,2022,Regular Season - 25,492,Napoli,487,Lazio,0,1,FT,L. Pairetto,Stadio Diego Armando Maradona,Napoli,0,0,A,1,-1,3,4,0,25,492.0,1.0,90.0,WDWLW,487.0,2.0,74.0,WWWDL,3,1,1,10,3,1,1,10
882023,2023-03-04 14:00:00+00:00,1677938400,135,2022,Regular Season - 25,1579,Monza,511,Empoli,2,1,FT,E. Feliciani,U-Power Stadium,Monza,1,0,H,3,1,3,5,1,25,1579.0,11.0,52.0,LLWWD,511.0,14.0,43.0,LDWDW,2,1,2,7,2,2,1,8
882020,2023-03-04 17:00:00+00:00,1677949200,135,2022,Regular Season - 25,499,Atalanta,494,Udinese,0,0,FT,D. Ghersini,Gewiss Stadium,Bergamo,0,0,D,0,0,3,5,1,25,499.0,5.0,64.0,WLWLL,494.0,12.0,46.0,LLLLW,2,0,3,6,1,0,4,3
882021,2023-03-04 19:45:00+00:00,1677959100,135,2022,Regular Season - 25,502,Fiorentina,489,AC Milan,2,1,FT,M. Di Bello,Stadio Artemio Franchi,Firenze,0,0,H,3,1,3,5,1,25,502.0,8.0,56.0,WWDWL,489.0,4.0,70.0,WWWLW,3,1,1,10,4,0,1,12
882028,2023-03-05 11:30:00+00:00,1678015800,135,2022,Regular Season - 25,515,Spezia,504,Verona,0,0,FT,D. Doveri,Stadio Alberto Picco,La Spezia,0,0,D,0,0,3,6,1,25,515.0,17.0,31.0,LLDWL,504.0,18.0,31.0,LDLLW,1,1,3,4,1,1,3,4
882026,2023-03-05 14:00:00+00:00,1678024800,135,2022,Regular Season - 25,498,Sampdoria,514,Salernitana,0,0,FT,D. Massa,Stadio Comunale Luigi Ferraris,Genova,0,0,D,0,0,3,6,1,25,498.0,20.0,19.0,LDLDL,514.0,15.0,42.0,LWDWL,0,2,3,2,2,1,2,7
882022,2023-03-05 17:00:00+00:00,1678035600,135,2022,Regular Season - 25,505,Inter,867,Lecce,2,0,FT,G. Manganiello,Stadio Giuseppe Meazza,Milano,1,0,H,2,2,3,6,1,25,505.0,3.0,72.0,WWLWW,867.0,16.0,36.0,LWDDL,4,0,1,12,1,2,2,5
882025,2023-03-05 19:45:00+00:00,1678045500,135,2022,Regular Season - 25,497,AS Roma,496,Juventus,1,0,FT,F. Maresca,Stadio Olimpico,Roma,0,0,H,1,1,3,6,1,25,497.0,6.0,63.0,WLDDL,496.0,7.0,62.0,WLLWW,1,2,2,5,3,0,2,9
882027,2023-03-06 17:30:00+00:00,1678123800,135,2022,Regular Season - 25,488,Sassuolo,520,Cremonese,3,2,FT,F. Fourneau,MAPEI Stadium - Città del Tricolore,Reggio nell'Emilia,2,0,H,5,1,3,0,0,25,488.0,13.0,45.0,LDLLD,520.0,19.0,27.0,WLLLW,0,2,3,2,2,0,3,6
882029,2023-03-06 19:45:00+00:00,1678131900,135,2022,Regular Season - 25,503,Torino,500,Bologna,1,0,FT,A. Rapuano,Stadio Olimpico Grande Torino,Torino,1,0,H,1,1,3,0,0,25,503.0,10.0,53.0,LWDWD,500.0,9.0,54.0,WDWDD,2,2,1,8,2,3,0,9
882039,2023-03-10 19:45:00+00:00,1678477500,135,2022,Regular Season - 26,515,Spezia,505,Inter,2,1,FT,L. Marinelli,Stadio Alberto Picco,La Spezia,0,0,H,3,1,3,4,0,26,515.0,17.0,31.0,LLDWL,505.0,3.0,72.0,WWLWW,1,1,3,4,4,0,1,12
882032,2023-03-11 14:00:00+00:00,1678543200,135,2022,Regular Season - 26,511,Empoli,494,Udinese,0,1,FT,F. Cosso,Stadio Carlo Castellani,Empoli,0,0,A,1,-1,3,5,1,26,511.0,14.0,43.0,LDWDW,494.0,12.0,46.0,LLLLW,2,2,1,8,1,0,4,3
882038,2023-03-11 17:00:00+00:00,1678554000,135,2022,Regular Season - 26,492,Napoli,499,Atalanta,2,0,FT,A. Colombo,Stadio Diego Armando Maradona,Napoli,0,0,H,2,2,3,5,1,26,492.0,1.0,90.0,WDWLW,499.0,5.0,64.0,WLWLL,3,1,1,10,2,0,3,6
882030,2023-03-11 19:45:00+00:00,1678563900,135,2022,Regular Season - 26,500,Bologna,487,Lazio,0,0,FT,F. Maresca,Stadio Renato Dall'Ara,Bologna,0,0,D,0,0,3,5,1,26,500.0,9.0,54.0,WDWDD,487.0,2.0,74.0,WWWDL,2,3,0,9,3,1,1,10
882035,2023-03-12 11:30:00+00:00,1678620600,135,2022,Regular Season - 26,867,Lecce,503,Torino,0,2,FT,J. Sacchi,Stadio Comunale Via del Mare,Lecce,0,2,A,2,-2,3,6,1,26,867.0,16.0,36.0,LWDDL,503.0,10.0,53.0,LWDWD,1,2,2,5,2,2,1,8
882033,2023-03-12 14:00:00+00:00,1678629600,135,2022,Regular Season - 26,504,Verona,1579,Monza,1,1,FT,M. Piccinini,Stadio Marc'Antonio Bentegodi,Verona,0,0,D,2,0,3,6,1,26,504.0,18.0,31.0,LDLLW,1579.0,11.0,52.0,LLWWD,1,1,3,4,2,1,2,7
882031,2023-03-12 14:00:00+00:00,1678629600,135,2022,Regular Season - 26,520,Cremonese,502,Fiorentina,0,2,FT,M. Marcenaro,Stadio Giovanni Zini,Cremona,0,1,A,2,-2,3,6,1,26,520.0,19.0,27.0,WLLLW,502.0,8.0,56.0,WWDWL,2,0,3,6,3,1,1,10
882037,2023-03-12 17:00:00+00:00,1678640400,135,2022,Regular Season - 26,497,AS Roma,488,Sassuolo,3,4,FT,M. Fabbri,Stadio Olimpico,Roma,1,3,A,7,-1,3,6,1,26,497.0,6.0,63.0,WLDDL,488.0,13.0,45.0,LDLLD,1,2,2,5,0,2,3,2
882034,2023-03-12 19:45:00+00:00,1678650300,135,2022,Regular Season - 26,496,Juventus,498,Sampdoria,4,2,FT,A. Prontera,Allianz Stadium,Torino,2,2,H,6,2,3,6,1,26,496.0,7.0,62.0,WLLWW,498.0,20.0,19.0,LDLDL,3,0,2,9,0,2,3,2
882036,2023-03-13 19:45:00+00:00,1678736700,135,2022,Regular Season - 26,489,AC Milan,514,Salernitana,1,1,FT,F. La Penna,Stadio Giuseppe Meazza,Milano,1,0,D,2,0,3,0,0,26,489.0,4.0,70.0,WWWLW,514.0,15.0,42.0,LWDWL,4,0,1,12,2,1,2,7
882044,2023-03-17 17:30:00+00:00,1679074200,135,2022,Regular Season - 27,488,Sassuolo,515,Spezia,1,0,FT,D. Ghersini,MAPEI Stadium - Città del Tricolore,Reggio nell'Emilia,0,0,H,1,1,3,4,0,27,488.0,13.0,45.0,LDLLD,515.0,17.0,31.0,LLDWL,0,2,3,2,1,1,3,4
882040,2023-03-17 19:45:00+00:00,1679082300,135,2022,Regular Season - 27,499,Atalanta,511,Empoli,2,1,FT,F. Dionisi,Gewiss Stadium,Bergamo,0,1,H,3,1,3,4,0,27,499.0,5.0,64.0,WLWLL,511.0,14.0,43.0,LDWDW,2,0,3,6,2,2,1,8
882046,2023-03-18 14:00:00+00:00,1679148000,135,2022,Regular Season - 27,1579,Monza,520,Cremonese,1,1,FT,A. Giua,U-Power Stadium,Monza,0,0,D,2,0,3,5,1,27,1579.0,11.0,52.0,LLWWD,520.0,19.0,27.0,WLLLW,2,1,2,7,2,0,3,6
882045,2023-03-18 17:00:00+00:00,1679158800,135,2022,Regular Season - 27,514,Salernitana,500,Bologna,2,2,FT,L. Pairetto,Stadio Arechi,Salerno,1,1,D,4,0,3,5,1,27,514.0,15.0,42.0,LWDWL,500.0,9.0,54.0,WDWDD,2,1,2,7,2,3,0,9
882048,2023-03-18 19:45:00+00:00,1679168700,135,2022,Regular Season - 27,494,Udinese,489,AC Milan,3,1,FT,D. Doveri,Dacia Arena,Udine,2,1,H,4,2,3,5,1,27,494.0,12.0,46.0,LLLLW,489.0,4.0,70.0,WWWLW,1,0,4,3,4,0,1,12
882047,2023-03-19 11:30:00+00:00,1679225400,135,2022,Regular Season - 27,498,Sampdoria,504,Verona,3,1,FT,M. Mariani,Stadio Comunale Luigi Ferraris,Genova,2,0,H,4,2,3,6,1,27,498.0,20.0,19.0,LDLDL,504.0,18.0,31.0,LDLLW,0,2,3,2,1,1,3,4
882041,2023-03-19 14:00:00+00:00,1679234400,135,2022,Regular Season - 27,502,Fiorentina,867,Lecce,1,0,FT,R. Abisso,Stadio Artemio Franchi,Firenze,1,0,H,1,1,3,6,1,27,502.0,8.0,56.0,WWDWL,867.0,16.0,36.0,LWDDL,3,1,1,10,1,2,2,5
882049,2023-03-19 14:00:00+00:00,1679234400,135,2022,Regular Season - 27,503,Torino,492,Napoli,0,4,FT,M. Marchetti,Stadio Olimpico Grande Torino,Torino,0,2,A,4,-4,3,6,1,27,503.0,10.0,53.0,LWDWD,492.0,1.0,90.0,WDWLW,2,2,1,8,3,1,1,10
882043,2023-03-19 17:00:00+00:00,1679245200,135,2022,Regular Season - 27,487,Lazio,497,AS Roma,1,0,FT,D. Massa,Stadio Olimpico,Roma,0,0,H,1,1,3,6,1,27,487.0,2.0,74.0,WWWDL,497.0,6.0,63.0,WLDDL,3,1,1,10,1,2,2,5
882042,2023-03-19 19:45:00+00:00,1679255100,135,2022,Regular Season - 27,505,Inter,496,Juventus,0,1,FT,D. Chiffi,Stadio Giuseppe Meazza,Milano,0,1,A,1,-1,3,6,1,27,505.0,3.0,72.0,WWLWW,496.0,7.0,62.0,WLLWW,4,0,1,12,3,0,2,9
882054,2023-04-01 13:00:00+00:00,1680354000,135,2022,Regular Season - 28,520,Cremonese,499,Atalanta,1,3,FT,L. Marinelli,Stadio Giovanni Zini,Cremona,0,1,A,4,-2,4,5,1,28,520.0,19.0,27.0,WLLLW,499.0,5.0,64.0,WLWLL,2,0,3,6,2,0,3,6
882055,2023-04-01 16:00:00+00:00,1680364800,135,2022,Regular Season - 28,505,Inter,502,Fiorentina,0,1,FT,F. Maresca,Stadio Giuseppe Meazza,Milano,0,0,A,1,-1,4,5,1,28,505.0,3.0,72.0,WWLWW,502.0,8.0,56.0,WWDWL,4,0,1,12,3,1,1,10
882056,2023-04-01 18:45:00+00:00,1680374700,135,2022,Regular Season - 28,496,Juventus,504,Verona,1,0,FT,M. Marchetti,Allianz Stadium,Torino,0,0,H,1,1,4,5,1,28,496.0,7.0,62.0,WLLWW,504.0,18.0,31.0,LDLLW,3,0,2,9,1,1,3,4
882050,2023-04-02 10:30:00+00:00,1680431400,135,2022,Regular Season - 28,500,Bologna,494,Udinese,3,0,FT,M. Ferrieri Caputi,Stadio Renato Dall'Ara,Bologna,2,0,H,3,3,4,6,1,28,500.0,9.0,54.0,WDWDD,494.0,12.0,46.0,LLLLW,2,3,0,9,1,0,4,3
882057,2023-04-02 13:00:00+00:00,1680440400,135,2022,Regular Season - 28,1579,Monza,487,Lazio,0,2,FT,M. Marcenaro,U-Power Stadium,Monza,0,1,A,2,-2,4,6,1,28,1579.0,11.0,52.0,LLWWD,487.0,2.0,74.0,WWWDL,2,1,2,7,3,1,1,10
882059,2023-04-02 13:00:00+00:00,1680440400,135,2022,Regular Season - 28,515,Spezia,514,Salernitana,1,1,FT,D. Orsato,Stadio Alberto Picco,La Spezia,0,1,D,2,0,4,6,1,28,515.0,17.0,31.0,LLDWL,514.0,15.0,42.0,LWDWL,1,1,3,4,2,1,2,7
882052,2023-04-02 16:00:00+00:00,1680451200,135,2022,Regular Season - 28,497,AS Roma,498,Sampdoria,3,0,FT,M. Irrati,Stadio Olimpico,Roma,0,0,H,3,3,4,6,1,28,497.0,6.0,63.0,WLDDL,498.0,20.0,19.0,LDLDL,1,2,2,5,0,2,3,2
882058,2023-04-02 18:45:00+00:00,1680461100,135,2022,Regular Season - 28,492,Napoli,489,AC Milan,0,4,FT,A. Rapuano,Stadio Diego Armando Maradona,Napoli,0,2,A,4,-4,4,6,1,28,492.0,1.0,90.0,WDWLW,489.0,4.0,70.0,WWWLW,3,1,1,10,4,0,1,12
882051,2023-04-03 16:30:00+00:00,1680539400,135,2022,Regular Season - 28,511,Empoli,867,Lecce,1,0,FT,M. Fabbri,Stadio Carlo Castellani,Empoli,0,0,H,1,1,4,0,0,28,511.0,14.0,43.0,LDWDW,867.0,16.0,36.0,LWDDL,2,2,1,8,1,2,2,5
882053,2023-04-03 18:45:00+00:00,1680547500,135,2022,Regular Season - 28,488,Sassuolo,503,Torino,1,1,FT,I. Pezzuto,MAPEI Stadium - Città del Tricolore,Reggio nell'Emilia,1,0,D,2,0,4,0,0,28,488.0,13.0,45.0,LDLLD,503.0,10.0,53.0,LWDWD,0,2,3,2,2,2,1,8
882066,2023-04-07 15:00:00+00:00,1680879600,135,2022,Regular Season - 29,514,Salernitana,505,Inter,1,1,FT,M. Fabbri,Stadio Arechi,Salerno,0,1,D,2,0,4,4,0,29,514.0,15.0,42.0,LWDWL,505.0,3.0,72.0,WWLWW,2,1,2,7,4,0,1,12
882063,2023-04-07 17:00:00+00:00,1680886800,135,2022,Regular Season - 29,867,Lecce,492,Napoli,1,2,FT,G. Manganiello,Stadio Comunale Via del Mare,Lecce,0,1,A,3,-1,4,4,0,29,867.0,16.0,36.0,LWDDL,492.0,1.0,90.0,WDWLW,1,2,2,5,3,1,1,10
882065,2023-04-07 19:00:00+00:00,1680894000,135,2022,Regular Season - 29,489,AC Milan,511,Empoli,0,0,FT,M. Marcenaro,Stadio Giuseppe Meazza,Milano,0,0,D,0,0,4,4,0,29,489.0,4.0,70.0,WWWLW,511.0,14.0,43.0,LDWDW,4,0,1,12,2,2,1,8
882068,2023-04-08 10:30:00+00:00,1680949800,135,2022,Regular Season - 29,494,Udinese,1579,Monza,2,2,FT,L. Massimi,Dacia Arena,Udine,1,0,D,4,0,4,5,1,29,494.0,12.0,46.0,LLLLW,1579.0,11.0,52.0,LLWWD,1,0,4,3,2,1,2,7
882061,2023-04-08 12:30:00+00:00,1680957000,135,2022,Regular Season - 29,502,Fiorentina,515,Spezia,1,1,FT,F. Dionisi,Stadio Artemio Franchi,Firenze,1,1,D,2,0,4,5,1,29,502.0,8.0,56.0,WWDWL,515.0,17.0,31.0,LLDWL,3,1,1,10,1,1,3,4
882060,2023-04-08 14:30:00+00:00,1680964200,135,2022,Regular Season - 29,499,Atalanta,500,Bologna,0,2,FT,D. Orsato,Gewiss Stadium,Bergamo,0,0,A,2,-2,4,5,1,29,499.0,5.0,64.0,WLWLL,500.0,9.0,54.0,WDWDD,2,0,3,6,2,3,0,9
882064,2023-04-08 14:30:00+00:00,1680964200,135,2022,Regular Season - 29,498,Sampdoria,520,Cremonese,2,3,FT,D. Doveri,Stadio Comunale Luigi Ferraris,Genova,1,1,A,5,-1,4,5,1,29,498.0,20.0,19.0,LDLDL,520.0,19.0,27.0,WLLLW,0,2,3,2,2,0,3,6
882069,2023-04-08 16:30:00+00:00,1680971400,135,2022,Regular Season - 29,503,Torino,497,AS Roma,0,1,FT,A. Colombo,Stadio Olimpico Grande Torino,Torino,0,1,A,1,-1,4,5,1,29,503.0,10.0,53.0,LWDWD,497.0,6.0,63.0,WLDDL,2,2,1,8,1,2,2,5
882062,2023-04-08 16:30:00+00:00,1680971400,135,2022,Regular Season - 29,504,Verona,488,Sassuolo,2,1,FT,F. Fourneau,Stadio Marc'Antonio Bentegodi,Verona,0,1,H,3,1,4,5,1,29,504.0,18.0,31.0,LDLLW,488.0,13.0,45.0,LDLLD,1,1,3,4,0,2,3,2
882067,2023-04-08 18:45:00+00:00,1680979500,135,2022,Regular Season - 29,487,Lazio,496,Juventus,2,1,FT,M. Di Bello,Stadio Olimpico,Roma,1,1,H,3,1,4,5,1,29,487.0,2.0,74.0,WWWDL,496.0,7.0,62.0,WLLWW,3,1,1,10,3,0,2,9
882071,2023-04-14 16:30:00+00:00,1681489800,135,2022,Regular Season - 30,520,Cremonese,511,Empoli,1,0,FT,L. Zufferli,Stadio Giovanni Zini,Cremona,1,0,H,1,1,4,4,0,30,520.0,19.0,27.0,WLLLW,511.0,14.0,43.0,LDWDW,2,0,3,6,2,2,1,8
882078,2023-04-14 18:45:00+00:00,1681497900,135,2022,Regular Season - 30,515,Spezia,487,Lazio,0,3,FT,M. Irrati,Stadio Alberto Picco,La Spezia,0,1,A,3,-3,4,4,0,30,515.0,17.0,31.0,LLDWL,487.0,2.0,74.0,WWWDL,1,1,3,4,3,1,1,10
882070,2023-04-15 13:00:00+00:00,1681563600,135,2022,Regular Season - 30,500,Bologna,489,AC Milan,1,1,FT,D. Massa,Stadio Renato Dall'Ara,Bologna,1,1,D,2,0,4,5,1,30,500.0,9.0,54.0,WDWDD,489.0,4.0,70.0,WWWLW,2,3,0,9,4,0,1,12
882076,2023-04-15 16:00:00+00:00,1681574400,135,2022,Regular Season - 30,492,Napoli,504,Verona,0,0,FT,F. La Penna,Stadio Diego Armando Maradona,Napoli,0,0,D,0,0,4,5,1,30,492.0,1.0,90.0,WDWLW,504.0,18.0,31.0,LDLLW,3,1,1,10,1,1,3,4
882072,2023-04-15 18:45:00+00:00,1681584300,135,2022,Regular Season - 30,505,Inter,1579,Monza,0,1,FT,L. Pairetto,Stadio Giuseppe Meazza,Milano,0,0,A,1,-1,4,5,1,30,505.0,3.0,72.0,WWLWW,1579.0,11.0,52.0,LLWWD,4,0,1,12,2,1,2,7
882073,2023-04-16 10:30:00+00:00,1681641000,135,2022,Regular Season - 30,867,Lecce,498,Sampdoria,1,1,FT,M. Mariani,Stadio Comunale Via del Mare,Lecce,1,0,D,2,0,4,6,1,30,867.0,16.0,36.0,LWDDL,498.0,20.0,19.0,LDLDL,1,2,2,5,0,2,3,2
882079,2023-04-16 13:00:00+00:00,1681650000,135,2022,Regular Season - 30,503,Torino,514,Salernitana,1,1,FT,G. Aureliano,Stadio Olimpico Grande Torino,Torino,0,1,D,2,0,4,6,1,30,503.0,10.0,53.0,LWDWD,514.0,15.0,42.0,LWDWL,2,2,1,8,2,1,2,7
882077,2023-04-16 16:00:00+00:00,1681660800,135,2022,Regular Season - 30,488,Sassuolo,496,Juventus,1,0,FT,A. Rapuano,MAPEI Stadium - Città del Tricolore,Reggio nell'Emilia,0,0,H,1,1,4,6,1,30,488.0,13.0,45.0,LDLLD,496.0,7.0,62.0,WLLWW,0,2,3,2,3,0,2,9
882074,2023-04-16 18:45:00+00:00,1681670700,135,2022,Regular Season - 30,497,AS Roma,494,Udinese,3,0,FT,A. Giua,Stadio Olimpico,Roma,1,0,H,3,3,4,6,1,30,497.0,6.0,63.0,WLDDL,494.0,12.0,46.0,LLLLW,1,2,2,5,1,0,4,3
882075,2023-04-17 18:45:00+00:00,1681757100,135,2022,Regular Season - 30,502,Fiorentina,499,Atalanta,1,1,FT,M. Guida,Stadio Artemio Franchi,Firenze,0,1,D,2,0,4,0,0,30,502.0,8.0,56.0,WWDWL,499.0,5.0,64.0,WLWLL,3,1,1,10,2,0,3,6
882086,2023-04-21 18:45:00+00:00,1682102700,135,2022,Regular Season - 31,504,Verona,500,Bologna,2,1,FT,M. Mariani,Stadio Marc'Antonio Bentegodi,Verona,1,0,H,3,1,4,4,0,31,504.0,18.0,31.0,LDLLW,500.0,9.0,54.0,WDWDD,1,1,3,4,2,3,0,9
882084,2023-04-22 13:00:00+00:00,1682168400,135,2022,Regular Season - 31,514,Salernitana,488,Sassuolo,3,0,FT,G. Camplone,Stadio Arechi,Salerno,2,0,H,3,3,4,5,1,31,514.0,15.0,42.0,LWDWL,488.0,13.0,45.0,LDLLD,2,1,2,7,0,2,3,2
882083,2023-04-22 16:00:00+00:00,1682179200,135,2022,Regular Season - 31,487,Lazio,503,Torino,0,1,FT,D. Ghersini,Stadio Olimpico,Roma,0,1,A,1,-1,4,5,1,31,487.0,2.0,74.0,WWWDL,503.0,10.0,53.0,LWDWD,3,1,1,10,2,2,1,8
882085,2023-04-22 18:45:00+00:00,1682189100,135,2022,Regular Season - 31,498,Sampdoria,515,Spezia,1,1,FT,F. Maresca,Stadio Comunale Luigi Ferraris,Genova,1,0,D,2,0,4,5,1,31,498.0,20.0,19.0,LDLDL,515.0,17.0,31.0,LLDWL,0,2,3,2,1,1,3,4
882081,2023-04-23 10:30:00+00:00,1682245800,135,2022,Regular Season - 31,511,Empoli,505,Inter,0,3,FT,L. Marinelli,Stadio Carlo Castellani,Empoli,0,0,A,3,-3,4,6,1,31,511.0,14.0,43.0,LDWDW,505.0,3.0,72.0,WWLWW,2,2,1,8,4,0,1,12
882087,2023-04-23 13:00:00+00:00,1682254800,135,2022,Regular Season - 31,494,Udinese,520,Cremonese,3,0,FT,F. Fourneau,Dacia Arena,Udine,3,0,H,3,3,4,6,1,31,494.0,12.0,46.0,LLLLW,520.0,19.0,27.0,WLLLW,1,0,4,3,2,0,3,6
882088,2023-04-23 13:00:00+00:00,1682254800,135,2022,Regular Season - 31,1579,Monza,502,Fiorentina,3,2,FT,J. Sacchi,U-Power Stadium,Monza,2,2,H,5,1,4,6,1,31,1579.0,11.0,52.0,LLWWD,502.0,8.0,56.0,WWDWL,2,1,2,7,3,1,1,10
882089,2023-04-23 16:00:00+00:00,1682265600,135,2022,Regular Season - 31,489,AC Milan,867,Lecce,2,0,FT,D. Chiffi,Stadio Giuseppe Meazza,Milano,1,0,H,2,2,4,6,1,31,489.0,4.0,70.0,WWWLW,867.0,16.0,36.0,LWDDL,4,0,1,12,1,2,2,5
882082,2023-04-23 18:45:00+00:00,1682275500,135,2022,Regular Season - 31,496,Juventus,492,Napoli,0,1,FT,M. Fabbri,Allianz Stadium,Torino,0,0,A,1,-1,4,6,1,31,496.0,7.0,62.0,WLLWW,492.0,1.0,90.0,WDWLW,3,0,2,9,3,1,1,10
882080,2023-04-24 18:45:00+00:00,1682361900,135,2022,Regular Season - 31,499,Atalanta,497,AS Roma,3,1,FT,M. Irrati,Gewiss Stadium,Bergamo,1,0,H,4,2,4,0,0,31,499.0,5.0,64.0,WLWLL,497.0,6.0,63.0,WLDDL,2,0,3,6,1,2,2,5
882094,2023-04-28 16:30:00+00:00,1682699400,135,2022,Regular Season - 32,867,Lecce,494,Udinese,1,0,FT,M. Marchetti,Stadio Comunale Via del Mare,Lecce,0,0,H,1,1,4,4,0,32,867.0,16.0,36.0,LWDDL,494.0,12.0,46.0,LLLLW,1,2,2,5,1,0,4,3
882099,2023-04-28 18:45:00+00:00,1682707500,135,2022,Regular Season - 32,515,Spezia,1579,Monza,0,2,FT,A. Rapuano,Stadio Alberto Picco,La Spezia,0,1,A,2,-2,4,4,0,32,515.0,17.0,31.0,LLDWL,1579.0,11.0,52.0,LLWWD,1,1,3,4,2,1,2,7
882098,2023-04-29 16:00:00+00:00,1682784000,135,2022,Regular Season - 32,497,AS Roma,489,AC Milan,1,1,FT,D. Orsato,Stadio Olimpico,Roma,0,0,D,2,0,4,5,1,32,497.0,6.0,63.0,WLDDL,489.0,4.0,70.0,WWWLW,1,2,2,5,4,0,1,12
882096,2023-04-29 18:45:00+00:00,1682793900,135,2022,Regular Season - 32,503,Torino,499,Atalanta,1,2,FT,J. Sacchi,Stadio Olimpico Grande Torino,Torino,0,1,A,3,-1,4,5,1,32,503.0,10.0,53.0,LWDWD,499.0,5.0,64.0,WLWLL,2,2,1,8,2,0,3,6
882093,2023-04-30 10:30:00+00:00,1682850600,135,2022,Regular Season - 32,505,Inter,487,Lazio,3,1,FT,M. Guida,Stadio Giuseppe Meazza,Milano,0,1,H,4,2,4,6,1,32,505.0,3.0,72.0,WWLWW,487.0,2.0,74.0,WWWDL,4,0,1,12,3,1,1,10
882097,2023-04-30 13:00:00+00:00,1682859600,135,2022,Regular Season - 32,488,Sassuolo,511,Empoli,2,1,FT,F. Dionisi,MAPEI Stadium - Città del Tricolore,Reggio nell'Emilia,0,1,H,3,1,4,6,1,32,488.0,13.0,45.0,LDLLD,511.0,14.0,43.0,LDWDW,0,2,3,2,2,2,1,8
882095,2023-04-30 13:00:00+00:00,1682859600,135,2022,Regular Season - 32,492,Napoli,514,Salernitana,1,1,FT,M. Marcenaro,Stadio Diego Armando Maradona,Napoli,0,0,D,2,0,4,6,1,32,492.0,1.0,90.0,WDWLW,514.0,15.0,42.0,LWDWL,3,1,1,10,2,1,2,7
882091,2023-04-30 13:00:00+00:00,1682859600,135,2022,Regular Season - 32,520,Cremonese,504,Verona,1,1,FT,D. Doveri,Stadio Giovanni Zini,Cremona,1,0,D,2,0,4,6,1,32,520.0,19.0,27.0,WLLLW,504.0,18.0,31.0,LDLLW,2,0,3,6,1,1,3,4
882092,2023-04-30 16:00:00+00:00,1682870400,135,2022,Regular Season - 32,502,Fiorentina,498,Sampdoria,5,0,FT,A. Giua,Stadio Artemio Franchi,Firenze,1,0,H,5,5,4,6,1,32,502.0,8.0,56.0,WWDWL,498.0,20.0,19.0,LDLDL,3,1,1,10,0,2,3,2
882090,2023-04-30 18:45:00+00:00,1682880300,135,2022,Regular Season - 32,500,Bologna,496,Juventus,1,1,FT,S. Sozza,Stadio Renato Dall'Ara,Bologna,1,0,D,2,0,4,6,1,32,500.0,9.0,54.0,WDWDD,496.0,7.0,62.0,WLLWW,2,3,0,9,3,0,2,9
882108,2023-05-03 16:00:00+00:00,1683129600,135,2022,Regular Season - 33,514,Salernitana,502,Fiorentina,3,3,FT,I. Pezzuto,Stadio Arechi,Salerno,1,1,D,6,0,5,2,0,33,514.0,15.0,42.0,LWDWL,502.0,8.0,56.0,WWDWL,2,1,2,7,3,1,1,10
882100,2023-05-03 16:00:00+00:00,1683129600,135,2022,Regular Season - 33,499,Atalanta,515,Spezia,3,2,FT,L. Marinelli,Gewiss Stadium,Bergamo,1,1,H,5,1,5,2,0,33,499.0,5.0,64.0,WLWLL,515.0,17.0,31.0,LLDWL,2,0,3,6,1,1,3,4
882105,2023-05-03 16:00:00+00:00,1683129600,135,2022,Regular Season - 33,498,Sampdoria,503,Torino,0,2,FT,G. Camplone,Stadio Comunale Luigi Ferraris,Genova,0,1,A,2,-2,5,2,0,33,498.0,20.0,19.0,LDLDL,503.0,10.0,53.0,LWDWD,0,2,3,2,2,2,1,8
882102,2023-05-03 16:00:00+00:00,1683129600,135,2022,Regular Season - 33,496,Juventus,867,Lecce,2,1,FT,F. Fourneau,Allianz Stadium,Torino,2,1,H,3,1,5,2,0,33,496.0,7.0,62.0,WLLWW,867.0,16.0,36.0,LWDDL,3,0,2,9,1,2,2,5
882103,2023-05-03 19:00:00+00:00,1683140400,135,2022,Regular Season - 33,487,Lazio,488,Sassuolo,2,0,FT,M. Irrati,Stadio Olimpico,Roma,1,0,H,2,2,5,2,0,33,487.0,2.0,74.0,WWWDL,488.0,13.0,45.0,LDLLD,3,1,1,10,0,2,3,2
882107,2023-05-03 19:00:00+00:00,1683140400,135,2022,Regular Season - 33,489,AC Milan,520,Cremonese,1,1,FT,L. Pairetto,Stadio Giuseppe Meazza,Milano,0,0,D,2,0,5,2,0,33,489.0,4.0,70.0,WWWLW,520.0,19.0,27.0,WLLLW,4,0,1,12,2,0,3,6
882101,2023-05-03 19:00:00+00:00,1683140400,135,2022,Regular Season - 33,504,Verona,505,Inter,0,6,FT,D. Orsato,Stadio Marc'Antonio Bentegodi,Verona,0,3,A,6,-6,5,2,0,33,504.0,18.0,31.0,LDLLW,505.0,3.0,72.0,WWLWW,1,1,3,4,4,0,1,12
882104,2023-05-03 19:00:00+00:00,1683140400,135,2022,Regular Season - 33,1579,Monza,497,AS Roma,1,1,FT,D. Chiffi,U-Power Stadium,Monza,1,1,D,2,0,5,2,0,33,1579.0,11.0,52.0,LLWWD,497.0,6.0,63.0,WLDDL,2,1,2,7,1,2,2,5
882109,2023-05-04 18:45:00+00:00,1683225900,135,2022,Regular Season - 33,494,Udinese,492,Napoli,1,1,FT,R. Abisso,Dacia Arena,Udine,1,0,D,2,0,5,3,0,33,494.0,12.0,46.0,LLLLW,492.0,1.0,90.0,WDWLW,1,0,4,3,3,1,1,10
882106,2023-05-04 18:45:00+00:00,1683225900,135,2022,Regular Season - 33,511,Empoli,500,Bologna,3,1,FT,F. La Penna,Stadio Carlo Castellani,Empoli,2,0,H,4,2,5,3,0,33,511.0,14.0,43.0,LDWDW,500.0,9.0,54.0,WDWDD,2,2,1,8,2,3,0,9
882117,2023-05-06 13:00:00+00:00,1683378000,135,2022,Regular Season - 34,489,AC Milan,487,Lazio,2,0,FT,A. Rapuano,Stadio Giuseppe Meazza,Milano,2,0,H,2,2,5,5,1,34,489.0,4.0,70.0,WWWLW,487.0,2.0,74.0,WWWDL,4,0,1,12,3,1,1,10
882116,2023-05-06 16:00:00+00:00,1683388800,135,2022,Regular Season - 34,497,AS Roma,505,Inter,0,2,FT,F. Maresca,Stadio Olimpico,Roma,0,1,A,2,-2,5,5,1,34,497.0,6.0,63.0,WLDDL,505.0,3.0,72.0,WWLWW,1,2,2,5,4,0,1,12
882111,2023-05-06 18:45:00+00:00,1683398700,135,2022,Regular Season - 34,520,Cremonese,515,Spezia,2,0,FT,M. Guida,Stadio Giovanni Zini,Cremona,1,0,H,2,2,5,5,1,34,520.0,19.0,27.0,WLLLW,515.0,17.0,31.0,LLDWL,2,0,3,6,1,1,3,4
882110,2023-05-07 10:30:00+00:00,1683455400,135,2022,Regular Season - 34,499,Atalanta,496,Juventus,0,2,FT,D. Doveri,Gewiss Stadium,Bergamo,0,0,A,2,-2,5,6,1,34,499.0,5.0,64.0,WLWLL,496.0,7.0,62.0,WLLWW,2,0,3,6,3,0,2,9
882118,2023-05-07 13:00:00+00:00,1683464400,135,2022,Regular Season - 34,503,Torino,1579,Monza,1,1,FT,L. Zufferli,Stadio Olimpico Grande Torino,Torino,0,0,D,2,0,5,6,1,34,503.0,10.0,53.0,LWDWD,1579.0,11.0,52.0,LLWWD,2,2,1,8,2,1,2,7
882114,2023-05-07 16:00:00+00:00,1683475200,135,2022,Regular Season - 34,492,Napoli,502,Fiorentina,1,0,FT,M. Marchetti,Stadio Diego Armando Maradona,Napoli,0,0,H,1,1,5,6,1,34,492.0,1.0,90.0,WDWLW,502.0,8.0,56.0,WWDWL,3,1,1,10,3,1,1,10
882115,2023-05-07 18:45:00+00:00,1683485100,135,2022,Regular Season - 34,867,Lecce,504,Verona,0,1,FT,D. Massa,Stadio Comunale Via del Mare,Lecce,0,0,A,1,-1,5,6,1,34,867.0,16.0,36.0,LWDDL,504.0,18.0,31.0,LDLLW,1,2,2,5,1,1,3,4
882119,2023-05-08 16:30:00+00:00,1683563400,135,2022,Regular Season - 34,494,Udinese,498,Sampdoria,2,0,FT,N. Baroni,Dacia Arena,Udine,2,0,H,2,2,5,0,0,34,494.0,12.0,46.0,LLLLW,498.0,20.0,19.0,LDLDL,1,0,4,3,0,2,3,2
882112,2023-05-08 16:30:00+00:00,1683563400,135,2022,Regular Season - 34,511,Empoli,514,Salernitana,2,1,FT,M. Volpi,Stadio Carlo Castellani,Empoli,1,0,H,3,1,5,0,0,34,511.0,14.0,43.0,LDWDW,514.0,15.0,42.0,LWDWL,2,2,1,8,2,1,2,7
882113,2023-05-08 18:45:00+00:00,1683571500,135,2022,Regular Season - 34,488,Sassuolo,500,Bologna,1,1,FT,M. Ferrieri Caputi,MAPEI Stadium - Città del Tricolore,Reggio nell'Emilia,1,1,D,2,0,5,0,0,34,488.0,13.0,45.0,LDLLD,500.0,9.0,54.0,WDWDD,0,2,3,2,2,3,0,9
882124,2023-05-12 18:45:00+00:00,1683917100,135,2022,Regular Season - 35,487,Lazio,867,Lecce,2,2,FT,F. Maresca,Stadio Olimpico,Roma,1,1,D,4,0,5,4,0,35,487.0,2.0,74.0,WWWDL,867.0,16.0,36.0,LWDDL,3,1,1,10,1,2,2,5
882126,2023-05-13 13:00:00+00:00,1683982800,135,2022,Regular Season - 35,514,Salernitana,499,Atalanta,1,0,FT,M. Piccinini,Stadio Arechi,Salerno,0,0,H,1,1,5,5,1,35,514.0,15.0,42.0,LWDWL,499.0,5.0,64.0,WLWLL,2,1,2,7,2,0,3,6
882129,2023-05-13 16:00:00+00:00,1683993600,135,2022,Regular Season - 35,515,Spezia,489,AC Milan,2,0,FT,D. Doveri,Stadio Alberto Picco,La Spezia,0,0,H,2,2,5,5,1,35,515.0,17.0,31.0,LLDWL,489.0,4.0,70.0,WWWLW,1,1,3,4,4,0,1,12
882123,2023-05-13 18:45:00+00:00,1684003500,135,2022,Regular Season - 35,505,Inter,488,Sassuolo,4,2,FT,M. Marcenaro,Stadio Giuseppe Meazza,Milano,1,0,H,6,2,5,5,1,35,505.0,3.0,72.0,WWLWW,488.0,13.0,45.0,LDLLD,4,0,1,12,0,2,3,2
882122,2023-05-14 10:30:00+00:00,1684060200,135,2022,Regular Season - 35,504,Verona,503,Torino,0,1,FT,M. Di Bello,Stadio Marc'Antonio Bentegodi,Verona,0,1,A,1,-1,5,6,1,35,504.0,18.0,31.0,LDLLW,503.0,10.0,53.0,LWDWD,1,1,3,4,2,2,1,8
882125,2023-05-14 13:00:00+00:00,1684069200,135,2022,Regular Season - 35,1579,Monza,492,Napoli,2,0,FT,F. Cosso,U-Power Stadium,Monza,1,0,H,2,2,5,6,1,35,1579.0,11.0,52.0,LLWWD,492.0,1.0,90.0,WDWLW,2,1,2,7,3,1,1,10
882121,2023-05-14 13:00:00+00:00,1684069200,135,2022,Regular Season - 35,502,Fiorentina,494,Udinese,2,0,FT,D. Paterna,Stadio Artemio Franchi,Firenze,1,0,H,2,2,5,6,1,35,502.0,8.0,56.0,WWDWL,494.0,12.0,46.0,LLLLW,3,1,1,10,1,0,4,3
882120,2023-05-14 16:00:00+00:00,1684080000,135,2022,Regular Season - 35,500,Bologna,497,AS Roma,0,0,FT,D. Orsato,Stadio Renato Dall'Ara,Bologna,0,0,D,0,0,5,6,1,35,500.0,9.0,54.0,WDWDD,497.0,6.0,63.0,WLDDL,2,3,0,9,1,2,2,5
882127,2023-05-14 18:45:00+00:00,1684089900,135,2022,Regular Season - 35,496,Juventus,520,Cremonese,2,0,FT,D. Chiffi,Allianz Stadium,Torino,0,0,H,2,2,5,6,1,35,496.0,7.0,62.0,WLLWW,520.0,19.0,27.0,WLLLW,3,0,2,9,2,0,3,6
882128,2023-05-15 18:45:00+00:00,1684176300,135,2022,Regular Season - 35,498,Sampdoria,511,Empoli,1,1,FT,E. Feliciani,Stadio Comunale Luigi Ferraris,Genova,1,0,D,2,0,5,0,0,35,498.0,20.0,19.0,LDLDL,511.0,14.0,43.0,LDWDW,0,2,3,2,2,2,1,8
882139,2023-05-19 18:45:00+00:00,1684521900,135,2022,Regular Season - 36,488,Sassuolo,1579,Monza,1,2,FT,A. Santoro,MAPEI Stadium - Città del Tricolore,Reggio nell'Emilia,1,0,A,3,-1,5,4,0,36,488.0,13.0,45.0,LDLLD,1579.0,11.0,52.0,LLWWD,0,2,3,2,2,1,2,7
882135,2023-05-20 13:00:00+00:00,1684587600,135,2022,Regular Season - 36,520,Cremonese,500,Bologna,1,5,FT,P. Valeri,Stadio Giovanni Zini,Cremona,0,3,A,6,-4,5,5,1,36,520.0,19.0,27.0,WLLLW,500.0,9.0,54.0,WDWDD,2,0,3,6,2,3,0,9
882130,2023-05-20 16:00:00+00:00,1684598400,135,2022,Regular Season - 36,499,Atalanta,504,Verona,3,1,FT,S. Sozza,Gewiss Stadium,Bergamo,1,1,H,4,2,5,5,1,36,499.0,5.0,64.0,WLWLL,504.0,18.0,31.0,LDLLW,2,0,3,6,1,1,3,4
882133,2023-05-20 18:45:00+00:00,1684608300,135,2022,Regular Season - 36,489,AC Milan,498,Sampdoria,5,1,FT,F. Fourneau,Stadio Giuseppe Meazza,Milano,3,1,H,6,4,5,5,1,36,489.0,4.0,70.0,WWWLW,498.0,20.0,19.0,LDLDL,4,0,1,12,0,2,3,2
882132,2023-05-21 10:30:00+00:00,1684665000,135,2022,Regular Season - 36,867,Lecce,515,Spezia,0,0,FT,M. Mariani,Stadio Comunale Via del Mare,Lecce,0,0,D,0,0,5,6,1,36,867.0,16.0,36.0,LWDDL,515.0,17.0,31.0,LLDWL,1,2,2,5,1,1,3,4
882136,2023-05-21 13:00:00+00:00,1684674000,135,2022,Regular Season - 36,503,Torino,502,Fiorentina,1,1,FT,L. Massimi,Stadio Olimpico Grande Torino,Torino,0,0,D,2,0,5,6,1,36,503.0,10.0,53.0,LWDWD,502.0,8.0,56.0,WWDWL,2,2,1,8,3,1,1,10
882137,2023-05-21 16:00:00+00:00,1684684800,135,2022,Regular Season - 36,492,Napoli,505,Inter,3,1,FT,L. Marinelli,Stadio Diego Armando Maradona,Napoli,0,0,H,4,2,5,6,1,36,492.0,1.0,90.0,WDWLW,505.0,3.0,72.0,WWLWW,3,1,1,10,4,0,1,12
882138,2023-05-21 18:45:00+00:00,1684694700,135,2022,Regular Season - 36,494,Udinese,487,Lazio,0,1,FT,L. Pairetto,Dacia Arena,Udine,0,0,A,1,-1,5,6,1,36,494.0,12.0,46.0,LLLLW,487.0,2.0,74.0,WWWDL,1,0,4,3,3,1,1,10
882134,2023-05-22 16:30:00+00:00,1684773000,135,2022,Regular Season - 36,497,AS Roma,514,Salernitana,2,2,FT,A. Colombo,Stadio Olimpico,Roma,0,1,D,4,0,5,0,0,36,497.0,6.0,63.0,WLDDL,514.0,15.0,42.0,LWDWL,1,2,2,5,2,1,2,7
882131,2023-05-22 18:45:00+00:00,1684781100,135,2022,Regular Season - 36,511,Empoli,496,Juventus,4,1,FT,G. Ayroldi,Stadio Carlo Castellani,Empoli,2,0,H,5,3,5,0,0,36,511.0,14.0,43.0,LDWDW,496.0,7.0,62.0,WLLWW,2,2,1,8,3,0,2,9
882144,2023-05-26 18:45:00+00:00,1685126700,135,2022,Regular Season - 37,498,Sampdoria,488,Sassuolo,2,2,FT,F. Meraviglia,Stadio Comunale Luigi Ferraris,Genova,1,2,D,4,0,5,4,0,37,498.0,20.0,19.0,LDLDL,488.0,13.0,45.0,LDLLD,0,2,3,2,0,2,3,2
882143,2023-05-27 13:00:00+00:00,1685192400,135,2022,Regular Season - 37,514,Salernitana,494,Udinese,3,2,FT,N. Baroni,Stadio Arechi,Salerno,1,2,H,5,1,5,5,1,37,514.0,15.0,42.0,LWDWL,494.0,12.0,46.0,LLLLW,2,1,2,7,1,0,4,3
882145,2023-05-27 13:00:00+00:00,1685192400,135,2022,Regular Season - 37,515,Spezia,503,Torino,0,4,FT,M. Guida,Stadio Alberto Picco,La Spezia,0,1,A,4,-4,5,5,1,37,515.0,17.0,31.0,LLDWL,503.0,10.0,53.0,LWDWD,1,1,3,4,2,2,1,8
882141,2023-05-27 16:00:00+00:00,1685203200,135,2022,Regular Season - 37,502,Fiorentina,497,AS Roma,2,1,FT,G. Ayroldi,Stadio Artemio Franchi,Firenze,0,1,H,3,1,5,5,1,37,502.0,8.0,56.0,WWDWL,497.0,6.0,63.0,WLDDL,3,1,1,10,1,2,2,5
882146,2023-05-27 18:45:00+00:00,1685213100,135,2022,Regular Season - 37,505,Inter,499,Atalanta,3,2,FT,D. Orsato,Stadio Giuseppe Meazza,Milano,2,1,H,5,1,5,5,1,37,505.0,3.0,72.0,WWLWW,499.0,5.0,64.0,WLWLL,4,0,1,12,2,0,3,6
882148,2023-05-28 10:30:00+00:00,1685269800,135,2022,Regular Season - 37,504,Verona,511,Empoli,1,1,FT,D. Chiffi,Stadio Marc'Antonio Bentegodi,Verona,0,0,D,2,0,5,6,1,37,504.0,18.0,31.0,LDLLW,511.0,14.0,43.0,LDWDW,1,1,3,4,2,2,1,8
882140,2023-05-28 13:00:00+00:00,1685278800,135,2022,Regular Season - 37,500,Bologna,492,Napoli,2,2,FT,M. Marcenaro,Stadio Renato Dall'Ara,Bologna,0,1,D,4,0,5,6,1,37,500.0,9.0,54.0,WDWDD,492.0,1.0,90.0,WDWLW,2,3,0,9,3,1,1,10
882149,2023-05-28 13:00:00+00:00,1685278800,135,2022,Regular Season - 37,1579,Monza,867,Lecce,0,1,FT,D. Doveri,U-Power Stadium,Monza,0,0,A,1,-1,5,6,1,37,1579.0,11.0,52.0,LLWWD,867.0,16.0,36.0,LWDDL,2,1,2,7,1,2,2,5
882147,2023-05-28 16:00:00+00:00,1685289600,135,2022,Regular Season - 37,487,Lazio,520,Cremonese,3,2,FT,A. Giua,Stadio Olimpico,Roma,2,0,H,5,1,5,6,1,37,487.0,2.0,74.0,WWWDL,520.0,19.0,27.0,WLLLW,3,1,1,10,2,0,3,6
882142,2023-05-28 18:45:00+00:00,1685299500,135,2022,Regular Season - 37,496,Juventus,489,AC Milan,0,1,FT,M. Mariani,Allianz Stadium,Torino,0,1,A,1,-1,5,6,1,37,496.0,7.0,62.0,WLLWW,489.0,4.0,70.0,WWWLW,3,0,2,9,4,0,1,12
882156,2023-06-02 18:30:00+00:00,1685730600,135,2022,Regular Season - 38,488,Sassuolo,502,Fiorentina,1,3,FT,M. Marchetti,MAPEI Stadium - Città del Tricolore,Reggio nell'Emilia,0,0,A,4,-2,6,4,0,38,488.0,13.0,45.0,LDLLD,502.0,8.0,56.0,WWDWL,0,2,3,2,3,1,1,10
882158,2023-06-03 16:30:00+00:00,1685809800,135,2022,Regular Season - 38,503,Torino,505,Inter,0,1,FT,M. Fabbri,Stadio Olimpico Grande Torino,Torino,0,1,A,1,-1,6,5,1,38,503.0,10.0,53.0,LWDWD,505.0,3.0,72.0,WWLWW,2,2,1,8,4,0,1,12
882152,2023-06-03 19:00:00+00:00,1685818800,135,2022,Regular Season - 38,511,Empoli,487,Lazio,0,2,FT,L. Massimi,Stadio Carlo Castellani,Empoli,0,0,A,2,-2,6,5,1,38,511.0,14.0,43.0,LDWDW,487.0,2.0,74.0,WWWDL,2,2,1,8,3,1,1,10
882151,2023-06-03 19:00:00+00:00,1685818800,135,2022,Regular Season - 38,520,Cremonese,514,Salernitana,2,0,FT,D. Perenzoni,Stadio Giovanni Zini,Cremona,1,0,H,2,2,6,5,1,38,520.0,19.0,27.0,WLLLW,514.0,15.0,42.0,LWDWL,2,0,3,6,2,1,2,7
882153,2023-06-04 16:30:00+00:00,1685896200,135,2022,Regular Season - 38,492,Napoli,498,Sampdoria,2,0,FT,E. Feliciani,Stadio Diego Armando Maradona,Napoli,0,0,H,2,2,6,6,1,38,492.0,1.0,90.0,WDWLW,498.0,20.0,19.0,LDLDL,3,1,1,10,0,2,3,2
882157,2023-06-04 19:00:00+00:00,1685905200,135,2022,Regular Season - 38,489,AC Milan,504,Verona,3,1,FT,P. Valeri,Stadio Giuseppe Meazza,Milano,1,0,H,4,2,6,6,1,38,489.0,4.0,70.0,WWWLW,504.0,18.0,31.0,LDLLW,4,0,1,12,1,1,3,4
882159,2023-06-04 19:00:00+00:00,1685905200,135,2022,Regular Season - 38,494,Udinese,496,Juventus,0,1,FT,M. Guida,Dacia Arena,Udine,0,0,A,1,-1,6,6,1,38,494.0,12.0,46.0,LLLLW,496.0,7.0,62.0,WLLWW,1,0,4,3,3,0,2,9
882154,2023-06-04 19:00:00+00:00,1685905200,135,2022,Regular Season - 38,497,AS Roma,515,Spezia,2,1,FT,F. Maresca,Stadio Olimpico,Roma,1,1,H,3,1,6,6,1,38,497.0,6.0,63.0,WLDDL,515.0,17.0,31.0,LLDWL,1,2,2,5,1,1,3,4
882150,2023-06-04 19:00:00+00:00,1685905200,135,2022,Regular Season - 38,499,Atalanta,1579,Monza,5,2,FT,M. Di Bello,Gewiss Stadium,Bergamo,2,0,H,7,3,6,6,1,38,499.0,5.0,64.0,WLWLL,1579.0,11.0,52.0,LLWWD,2,0,3,6,2,1,2,7
882155,2023-06-04 19:00:00+00:00,1685905200,135,2022,Regular Season - 38,867,Lecce,500,Bologna,2,3,FT,M. Piccinini,Stadio Comunale Via del Mare,Lecce,1,0,A,5,-1,6,6,1,38,867.0,16.0,36.0,LWDDL,500.0,9.0,54.0,WDWDD,1,2,2,5,2,3,0,9
1030674,2023-06-11 18:45:00+00:00,1686509100,135,2022,Relegation Decider,515,Spezia,504,Verona,1,3,FT,D. Orsato,MAPEI Stadium - Città del Tricolore,Reggio nell'Emilia,1,3,A,4,-2,6,6,1,0,515.0,17.0,31.0,LLDWL,504.0,18.0,31.0,LDLLW,1,1,3,4,1,1,3,4
871474,2022-08-05 19:00:00+00:00,1659726000,61,2022,Regular Season - 1,80,Lyon,98,Ajaccio,2,1,FT,B. Bastien,Groupama Stadium,Décines-Charpieu,2,1,H,3,1,8,4,0,1,80.0,7.0,62.0,LWWLW,98.0,18.0,26.0,WLLLD,3,0,2,9,1,1,3,4
871470,2022-08-06 15:00:00+00:00,1659798000,61,2022,Regular Season - 1,95,Strasbourg,91,Monaco,1,2,FT,F. Letexier,Stade de la Meinau,Strasbourg,0,1,A,3,-1,8,5,1,1,95.0,15.0,40.0,LDDWW,91.0,6.0,65.0,LLLDW,2,2,1,8,1,1,3,4
871472,2022-08-06 19:00:00+00:00,1659812400,61,2022,Regular Season - 1,99,Clermont Foot,85,Paris Saint Germain,0,5,FT,J. Stinat,Stade Gabriel Montpied,Clermont-Ferrand,0,3,A,5,-5,8,5,1,1,99.0,8.0,59.0,WWLWD,85.0,1.0,85.0,LDWWW,3,1,1,10,3,1,1,10
871473,2022-08-07 11:00:00+00:00,1659870000,61,2022,Regular Season - 1,96,Toulouse,84,Nice,1,1,FT,J. Hamel,Stadium de Toulouse,Toulouse,1,0,D,2,0,8,6,1,1,96.0,13.0,48.0,WDDDD,84.0,9.0,58.0,WWDLW,1,4,0,7,3,1,1,10
871476,2022-08-07 13:00:00+00:00,1659877200,61,2022,Regular Season - 1,77,Angers,83,Nantes,0,0,FT,H. Ben El Hadj,Stade Raymond-Kopa,Angers,0,0,D,0,0,8,6,1,1,77.0,20.0,18.0,LWDLL,83.0,16.0,36.0,WLLDL,1,1,3,4,1,1,3,4
871475,2022-08-07 13:00:00+00:00,1659877200,61,2022,Regular Season - 1,79,Lille,108,Auxerre,4,1,FT,E. Wattellier,Stade Pierre-Mauroy,Villeneuve d'Ascq,3,0,H,5,3,8,6,1,1,79.0,5.0,67.0,DWWDL,108.0,17.0,35.0,LDLLD,2,2,1,8,0,2,3,2
871477,2022-08-07 13:00:00+00:00,1659877200,61,2022,Regular Season - 1,82,Montpellier,110,Estac Troyes,3,2,FT,P. Gaillouste,Stade de la Mosson,Montpellier,2,2,H,5,1,8,6,1,1,82.0,12.0,50.0,WLWDL,110.0,19.0,24.0,DLDLL,2,1,2,7,0,2,3,2
871479,2022-08-07 13:00:00+00:00,1659877200,61,2022,Regular Season - 1,116,Lens,106,Stade Brestois 29,3,2,FT,T. Léonard,Stade Bollaert-Delelis,Lens,1,0,H,5,1,8,6,1,1,116.0,2.0,84.0,WWWWW,106.0,14.0,44.0,LWWWL,5,0,0,15,3,0,2,9
871471,2022-08-07 15:05:00+00:00,1659884700,61,2022,Regular Season - 1,94,Rennes,97,Lorient,0,1,FT,B. Dechepy,Roazhon Park,Rennes,0,0,A,1,-1,8,6,1,1,94.0,4.0,68.0,WWWWL,97.0,10.0,55.0,WLLDW,4,0,1,12,2,1,2,7
871478,2022-08-07 18:45:00+00:00,1659897900,61,2022,Regular Season - 1,81,Marseille,93,Reims,4,1,FT,J. Brisard,Stade Orange Vélodrome,Marseille,2,0,H,5,3,8,6,1,1,81.0,3.0,73.0,LLLWL,93.0,11.0,51.0,LLDLW,1,0,4,3,1,1,3,4
871484,2022-08-12 19:00:00+00:00,1660330800,61,2022,Regular Season - 2,83,Nantes,79,Lille,1,1,FT,B. Dechepy,Stade de la Beaujoire - Louis Fonteneau,Nantes,1,0,D,2,0,8,4,0,2,83.0,16.0,36.0,WLLDL,79.0,5.0,67.0,DWWDL,1,1,3,4,2,2,1,8
871482,2022-08-13 15:00:00+00:00,1660402800,61,2022,Regular Season - 2,91,Monaco,94,Rennes,1,1,FT,J. Pignard,Stade Louis II,Monaco,0,0,D,2,0,8,5,1,2,91.0,6.0,65.0,LLLDW,94.0,4.0,68.0,WWWWL,1,1,3,4,4,0,1,12
871486,2022-08-13 19:00:00+00:00,1660417200,61,2022,Regular Season - 2,85,Paris Saint Germain,82,Montpellier,5,2,FT,W. Delajod,Parc des Princes,Paris,2,0,H,7,3,8,5,1,2,85.0,1.0,85.0,LDWWW,82.0,12.0,50.0,WLWDL,3,1,1,10,2,1,2,7
871488,2022-08-14 13:00:00+00:00,1660482000,61,2022,Regular Season - 2,93,Reims,99,Clermont Foot,2,4,FT,J. Hamel,Stade Auguste-Delaune II,Reims,2,0,A,6,-2,8,6,1,2,93.0,11.0,51.0,LLDLW,99.0,8.0,59.0,WWLWD,1,1,3,4,3,1,1,10
871480,2022-08-14 13:00:00+00:00,1660482000,61,2022,Regular Season - 2,98,Ajaccio,116,Lens,0,0,FT,S. Frappart,Stade François Coty,Ajaccio,0,0,D,0,0,8,6,1,2,98.0,18.0,26.0,WLLLD,116.0,2.0,84.0,WWWWW,1,1,3,4,5,0,0,15
871481,2022-08-14 13:00:00+00:00,1660482000,61,2022,Regular Season - 2,108,Auxerre,77,Angers,2,2,FT,R. Buquet,Stade de l'Abbé Deschamps,Auxerre,2,1,D,4,0,8,6,1,2,108.0,17.0,35.0,LDLLD,77.0,20.0,18.0,LWDLL,0,2,3,2,1,1,3,4
871489,2022-08-14 13:00:00+00:00,1660482000,61,2022,Regular Season - 2,110,Estac Troyes,96,Toulouse,0,3,FT,M. Bollengier,Stade de l'Aube,Troyes,0,1,A,3,-3,8,6,1,2,110.0,19.0,24.0,DLDLL,96.0,13.0,48.0,WDDDD,0,2,3,2,1,4,0,7
871485,2022-08-14 15:05:00+00:00,1660489500,61,2022,Regular Season - 2,84,Nice,95,Strasbourg,1,1,FT,H. Ben El Hadj,Allianz Riviera,Nice,1,0,D,2,0,8,6,1,2,84.0,9.0,58.0,WWDLW,95.0,15.0,40.0,LDDWW,3,1,1,10,2,2,1,8
871487,2022-08-14 18:45:00+00:00,1660502700,61,2022,Regular Season - 2,106,Stade Brestois 29,81,Marseille,1,1,FT,J. Stinat,Stade Francis-Le Blé,Brest,0,1,D,2,0,8,6,1,2,106.0,14.0,44.0,LWWWL,81.0,3.0,73.0,LLLWL,3,0,2,9,1,0,4,3
871495,2022-08-19 19:00:00+00:00,1660935600,61,2022,Regular Season - 3,80,Lyon,110,Estac Troyes,4,1,FT,E. Wattellier,Groupama Stadium,Décines-Charpieu,1,1,H,5,3,8,4,0,3,80.0,7.0,62.0,LWWLW,110.0,19.0,24.0,DLDLL,3,0,2,9,0,2,3,2
871490,2022-08-20 15:00:00+00:00,1661007600,61,2022,Regular Season - 3,91,Monaco,116,Lens,1,4,FT,W. Delajod,Stade Louis II,Monaco,1,2,A,5,-3,8,5,1,3,91.0,6.0,65.0,LLLDW,116.0,2.0,84.0,WWWWW,1,1,3,4,5,0,0,15
871496,2022-08-20 19:00:00+00:00,1661022000,61,2022,Regular Season - 3,81,Marseille,83,Nantes,2,1,FT,J. Pignard,Stade Orange Vélodrome,Marseille,0,0,H,3,1,8,5,1,3,81.0,3.0,73.0,LLLWL,83.0,16.0,36.0,WLLDL,1,0,4,3,1,1,3,4
871497,2022-08-21 11:00:00+00:00,1661079600,61,2022,Regular Season - 3,95,Strasbourg,93,Reims,1,1,FT,R. Buquet,Stade de la Meinau,Strasbourg,1,0,D,2,0,8,6,1,3,95.0,15.0,40.0,LDDWW,93.0,11.0,51.0,LLDLW,2,2,1,8,1,1,3,4
871491,2022-08-21 13:00:00+00:00,1661086800,61,2022,Regular Season - 3,77,Angers,106,Stade Brestois 29,1,3,FT,J. Brisard,Stade Raymond-Kopa,Angers,0,2,A,4,-2,8,6,1,3,77.0,20.0,18.0,LWDLL,106.0,14.0,44.0,LWWWL,1,1,3,4,3,0,2,9
871494,2022-08-21 13:00:00+00:00,1661086800,61,2022,Regular Season - 3,82,Montpellier,108,Auxerre,1,2,FT,M. Vernice,Stade de la Mosson,Montpellier,1,0,A,3,-1,8,6,1,3,82.0,12.0,50.0,WLWDL,108.0,17.0,35.0,LDLLD,2,1,2,7,0,2,3,2
871499,2022-08-21 13:00:00+00:00,1661086800,61,2022,Regular Season - 3,96,Toulouse,97,Lorient,2,2,FT,Gustavo Correia,Stadium de Toulouse,Toulouse,1,1,D,4,0,8,6,1,3,96.0,13.0,48.0,WDDDD,97.0,10.0,55.0,WLLDW,1,4,0,7,2,1,2,7
871492,2022-08-21 13:00:00+00:00,1661086800,61,2022,Regular Season - 3,99,Clermont Foot,84,Nice,1,0,FT,T. Léonard,Stade Gabriel Montpied,Clermont-Ferrand,1,0,H,1,1,8,6,1,3,99.0,8.0,59.0,WWLWD,84.0,9.0,58.0,WWDLW,3,1,1,10,3,1,1,10
871498,2022-08-21 15:05:00+00:00,1661094300,61,2022,Regular Season - 3,94,Rennes,98,Ajaccio,2,1,FT,H. Ben El Hadj,Roazhon Park,Rennes,1,0,H,3,1,8,6,1,3,94.0,4.0,68.0,WWWWL,98.0,18.0,26.0,WLLLD,4,0,1,12,1,1,3,4
871493,2022-08-21 18:45:00+00:00,1661107500,61,2022,Regular Season - 3,79,Lille,85,Paris Saint Germain,1,7,FT,C. Turpin,Stade Pierre-Mauroy,Villeneuve d'Ascq,0,4,A,8,-6,8,6,1,3,79.0,5.0,67.0,DWWDL,85.0,1.0,85.0,LDWWW,2,2,1,8,3,1,1,10
871500,2022-08-26 19:00:00+00:00,1661540400,61,2022,Regular Season - 4,98,Ajaccio,79,Lille,1,3,FT,T. Léonard,Stade François Coty,Ajaccio,0,2,A,4,-2,8,4,0,4,98.0,18.0,26.0,WLLLD,79.0,5.0,67.0,DWWDL,1,1,3,4,2,2,1,8
871501,2022-08-27 15:00:00+00:00,1661612400,61,2022,Regular Season - 4,108,Auxerre,95,Strasbourg,1,0,FT,J. Hamel,Stade de l'Abbé Deschamps,Auxerre,1,0,H,1,1,8,5,1,4,108.0,17.0,35.0,LDLLD,95.0,15.0,40.0,LDDWW,0,2,3,2,2,2,1,8
871506,2022-08-27 19:00:00+00:00,1661626800,61,2022,Regular Season - 4,116,Lens,94,Rennes,2,1,FT,J. Brisard,Stade Bollaert-Delelis,Lens,0,0,H,3,1,8,5,1,4,116.0,2.0,84.0,WWWWW,94.0,4.0,68.0,WWWWL,5,0,0,15,4,0,1,12
871503,2022-08-28 11:00:00+00:00,1661684400,61,2022,Regular Season - 4,83,Nantes,96,Toulouse,3,1,FT,M. Vernice,Stade de la Beaujoire - Louis Fonteneau,Nantes,0,1,H,4,2,8,6,1,4,83.0,16.0,36.0,WLLDL,96.0,13.0,48.0,WDDDD,1,1,3,4,1,4,0,7
871509,2022-08-28 13:00:00+00:00,1661691600,61,2022,Regular Season - 4,110,Estac Troyes,77,Angers,3,1,FT,S. Frappart,Stade de l'Aube,Troyes,1,0,H,4,2,8,6,1,4,110.0,19.0,24.0,DLDLL,77.0,20.0,18.0,LWDLL,0,2,3,2,1,1,3,4
871507,2022-08-28 13:00:00+00:00,1661691600,61,2022,Regular Season - 4,106,Stade Brestois 29,82,Montpellier,0,7,FT,M. Bollengier,Stade Francis-Le Blé,Brest,0,5,A,7,-7,8,6,1,4,106.0,14.0,44.0,LWWWL,82.0,12.0,50.0,WLWDL,3,0,2,9,2,1,2,7
871502,2022-08-28 13:00:00+00:00,1661691600,61,2022,Regular Season - 4,97,Lorient,99,Clermont Foot,2,1,FT,W. Delajod,Stade Yves Allainmat - Le Moustoir,Lorient,2,0,H,3,1,8,6,1,4,97.0,10.0,55.0,WLLDW,99.0,8.0,59.0,WWLWD,2,1,2,7,3,1,1,10
871504,2022-08-28 13:00:00+00:00,1661691600,61,2022,Regular Season - 4,84,Nice,81,Marseille,0,3,FT,F. Letexier,Allianz Riviera,Nice,0,3,A,3,-3,8,6,1,4,84.0,9.0,58.0,WWDLW,81.0,3.0,73.0,LLLWL,3,1,1,10,1,0,4,3
871508,2022-08-28 15:05:00+00:00,1661699100,61,2022,Regular Season - 4,93,Reims,80,Lyon,1,1,FT,J. Stinat,Stade Auguste-Delaune II,Reims,1,0,D,2,0,8,6,1,4,93.0,11.0,51.0,LLDLW,80.0,7.0,62.0,LWWLW,1,1,3,4,3,0,2,9
871505,2022-08-28 18:45:00+00:00,1661712300,61,2022,Regular Season - 4,85,Paris Saint Germain,91,Monaco,1,1,FT,B. Bastien,Parc des Princes,Paris,0,1,D,2,0,8,6,1,4,85.0,1.0,85.0,LDWWW,91.0,6.0,65.0,LLLDW,3,1,1,10,1,1,3,4
871511,2022-08-31 17:00:00+00:00,1661965200,61,2022,Regular Season - 5,77,Angers,93,Reims,2,4,FT,J. Pignard,Stade Raymond-Kopa,Angers,0,2,A,6,-2,8,2,0,5,77.0,20.0,18.0,LWDLL,93.0,11.0,51.0,LLDLW,1,1,3,4,1,1,3,4
871514,2022-08-31 17:00:00+00:00,1661965200,61,2022,Regular Season - 5,80,Lyon,108,Auxerre,2,1,FT,P. Gaillouste,Groupama Stadium,Décines-Charpieu,1,0,H,3,1,8,2,0,5,80.0,7.0,62.0,LWWLW,108.0,17.0,35.0,LDLLD,3,0,2,9,0,2,3,2
871513,2022-08-31 17:00:00+00:00,1661965200,61,2022,Regular Season - 5,82,Montpellier,98,Ajaccio,2,0,FT,B. Dechepy,Stade de la Mosson,Montpellier,1,0,H,2,2,8,2,0,5,82.0,12.0,50.0,WLWDL,98.0,18.0,26.0,WLLLD,2,1,2,7,1,1,3,4
871510,2022-08-31 17:00:00+00:00,1661965200,61,2022,Regular Season - 5,91,Monaco,110,Estac Troyes,2,4,FT,R. Buquet,Stade Louis II,Monaco,1,2,A,6,-2,8,2,0,5,91.0,6.0,65.0,LLLDW,110.0,19.0,24.0,DLDLL,1,1,3,4,0,2,3,2
871517,2022-08-31 17:00:00+00:00,1661965200,61,2022,Regular Season - 5,95,Strasbourg,83,Nantes,1,1,FT,C. Turpin,Stade de la Meinau,Strasbourg,1,0,D,2,0,8,2,0,5,95.0,15.0,40.0,LDDWW,83.0,16.0,36.0,WLLDL,2,2,1,8,1,1,3,4
871516,2022-08-31 19:00:00+00:00,1661972400,61,2022,Regular Season - 5,116,Lens,97,Lorient,5,2,FT,B. Bastien,Stade Bollaert-Delelis,Lens,2,1,H,7,3,8,2,0,5,116.0,2.0,84.0,WWWWW,97.0,10.0,55.0,WLLDW,5,0,0,15,2,1,2,7
871518,2022-08-31 19:00:00+00:00,1661972400,61,2022,Regular Season - 5,94,Rennes,106,Stade Brestois 29,3,1,FT,B. Millot,Roazhon Park,Rennes,0,0,H,4,2,8,2,0,5,94.0,4.0,68.0,WWWWL,106.0,14.0,44.0,LWWWL,4,0,1,12,3,0,2,9
871519,2022-08-31 19:00:00+00:00,1661972400,61,2022,Regular Season - 5,96,Toulouse,85,Paris Saint Germain,0,3,FT,H. Ben El Hadj,Stadium de Toulouse,Toulouse,0,1,A,3,-3,8,2,0,5,96.0,13.0,48.0,WDDDD,85.0,1.0,85.0,LDWWW,1,4,0,7,3,1,1,10
871515,2022-08-31 19:00:00+00:00,1661972400,61,2022,Regular Season - 5,81,Marseille,99,Clermont Foot,1,0,FT,E. Wattellier,Stade Orange Vélodrome,Marseille,0,0,H,1,1,8,2,0,5,81.0,3.0,73.0,LLLWL,99.0,8.0,59.0,WWLWD,1,0,4,3,3,1,1,10
871512,2022-08-31 19:00:00+00:00,1661972400,61,2022,Regular Season - 5,79,Lille,84,Nice,1,2,FT,J. Stinat,Decathlon Arena – Stade Pierre-Mauroy,Villeneuve d'Ascq,1,2,A,3,-1,8,2,0,5,79.0,5.0,67.0,DWWDL,84.0,9.0,58.0,WWDLW,2,2,1,8,3,1,1,10
871521,2022-09-03 15:00:00+00:00,1662217200,61,2022,Regular Season - 6,108,Auxerre,81,Marseille,0,2,FT,W. Delajod,Stade de l'Abbé Deschamps,Auxerre,0,1,A,2,-2,9,5,1,6,108.0,17.0,35.0,LDLLD,81.0,3.0,73.0,LLLWL,0,2,3,2,1,0,4,3
871526,2022-09-03 17:00:00+00:00,1662224400,61,2022,Regular Season - 6,80,Lyon,77,Angers,5,0,FT,T. Léonard,Groupama Stadium,Décines-Charpieu,2,0,H,5,5,9,5,1,6,80.0,7.0,62.0,LWWLW,77.0,20.0,18.0,LWDLL,3,0,2,9,1,1,3,4
871523,2022-09-03 19:00:00+00:00,1662231600,61,2022,Regular Season - 6,83,Nantes,85,Paris Saint Germain,0,3,FT,P. Gaillouste,Stade de la Beaujoire - Louis Fonteneau,Nantes,0,1,A,3,-3,9,5,1,6,83.0,16.0,36.0,WLLDL,85.0,1.0,85.0,LDWWW,1,1,3,4,3,1,1,10
871524,2022-09-04 11:00:00+00:00,1662289200,61,2022,Regular Season - 6,82,Montpellier,79,Lille,1,3,FT,J. Brisard,Stade de la Mosson,Montpellier,1,1,A,4,-2,9,6,1,6,82.0,12.0,50.0,WLWDL,79.0,5.0,67.0,DWWDL,2,1,2,7,2,2,1,8
871528,2022-09-04 13:00:00+00:00,1662296400,61,2022,Regular Season - 6,93,Reims,116,Lens,1,1,FT,E. Wattellier,Stade Auguste-Delaune II,Reims,0,0,D,2,0,9,6,1,6,93.0,11.0,51.0,LLDLW,116.0,2.0,84.0,WWWWW,1,1,3,4,5,0,0,15
871520,2022-09-04 13:00:00+00:00,1662296400,61,2022,Regular Season - 6,98,Ajaccio,97,Lorient,0,1,FT,J. Stinat,Stade François Coty,Ajaccio,0,0,A,1,-1,9,6,1,6,98.0,18.0,26.0,WLLLD,97.0,10.0,55.0,WLLDW,1,1,3,4,2,1,2,7
871522,2022-09-04 13:00:00+00:00,1662296400,61,2022,Regular Season - 6,99,Clermont Foot,96,Toulouse,2,0,FT,F. Letexier,Stade Gabriel Montpied,Clermont-Ferrand,0,0,H,2,2,9,6,1,6,99.0,8.0,59.0,WWLWD,96.0,13.0,48.0,WDDDD,3,1,1,10,1,4,0,7
871527,2022-09-04 13:00:00+00:00,1662296400,61,2022,Regular Season - 6,106,Stade Brestois 29,95,Strasbourg,1,1,FT,B. Dechepy,Stade Francis-Le Blé,Brest,1,1,D,2,0,9,6,1,6,106.0,14.0,44.0,LWWWL,95.0,15.0,40.0,LDDWW,3,0,2,9,2,2,1,8
871529,2022-09-04 15:05:00+00:00,1662303900,61,2022,Regular Season - 6,110,Estac Troyes,94,Rennes,1,1,FT,M. Vernice,Stade de l'Aube,Troyes,1,0,D,2,0,9,6,1,6,110.0,19.0,24.0,DLDLL,94.0,4.0,68.0,WWWWL,0,2,3,2,4,0,1,12
871525,2022-09-04 18:45:00+00:00,1662317100,61,2022,Regular Season - 6,84,Nice,91,Monaco,0,1,FT,B. Millot,Allianz Riviera,Nice,0,0,A,1,-1,9,6,1,6,84.0,9.0,58.0,WWDLW,91.0,6.0,65.0,LLLDW,3,1,1,10,1,1,3,4
871483,2022-09-07 17:00:00+00:00,1662570000,61,2022,Regular Season - 2,97,Lorient,80,Lyon,3,1,FT,B. Dechepy,Stade Yves Allainmat - Le Moustoir,Lorient,2,1,H,4,2,9,2,0,2,97.0,10.0,55.0,WLLDW,80.0,7.0,62.0,LWWLW,2,1,2,7,3,0,2,9
871536,2022-09-09 19:00:00+00:00,1662750000,61,2022,Regular Season - 7,116,Lens,110,Estac Troyes,1,0,FT,H. Ben El Hadj,Stade Bollaert-Delelis,Lens,1,0,H,1,1,9,4,0,7,116.0,2.0,84.0,WWWWW,110.0,19.0,24.0,DLDLL,5,0,0,15,0,2,3,2
871535,2022-09-10 15:00:00+00:00,1662822000,61,2022,Regular Season - 7,85,Paris Saint Germain,106,Stade Brestois 29,1,0,FT,J. Pignard,Parc des Princes,Paris,1,0,H,1,1,9,5,1,7,85.0,1.0,85.0,LDWWW,106.0,14.0,44.0,LWWWL,3,1,1,10,3,0,2,9
871534,2022-09-10 19:00:00+00:00,1662836400,61,2022,Regular Season - 7,81,Marseille,79,Lille,2,1,FT,B. Millot,Stade Orange Vélodrome,Marseille,1,1,H,3,1,9,5,1,7,81.0,3.0,73.0,LLLWL,79.0,5.0,67.0,DWWDL,1,0,4,3,2,2,1,8
871537,2022-09-11 11:00:00+00:00,1662894000,61,2022,Regular Season - 7,95,Strasbourg,99,Clermont Foot,0,0,FT,M. Bollengier,Stade de la Meinau,Strasbourg,0,0,D,0,0,9,6,1,7,95.0,15.0,40.0,LDDWW,99.0,8.0,59.0,WWLWD,2,2,1,8,3,1,1,10
871532,2022-09-11 13:00:00+00:00,1662901200,61,2022,Regular Season - 7,77,Angers,82,Montpellier,2,1,FT,F. Letexier,Stade Raymond-Kopa,Angers,1,1,H,3,1,9,6,1,7,77.0,20.0,18.0,LWDLL,82.0,12.0,50.0,WLWDL,1,1,3,4,2,1,2,7
871539,2022-09-11 13:00:00+00:00,1662901200,61,2022,Regular Season - 7,96,Toulouse,93,Reims,1,0,FT,S. Frappart,Stadium de Toulouse,Toulouse,1,0,H,1,1,9,6,1,7,96.0,13.0,48.0,WDDDD,93.0,11.0,51.0,LLDLW,1,4,0,7,1,1,3,4
871533,2022-09-11 13:00:00+00:00,1662901200,61,2022,Regular Season - 7,97,Lorient,83,Nantes,3,2,FT,J. Hamel,Stade Yves Allainmat - Le Moustoir,Lorient,1,1,H,5,1,9,6,1,7,97.0,10.0,55.0,WLLDW,83.0,16.0,36.0,WLLDL,2,1,2,7,1,1,3,4
871530,2022-09-11 13:00:00+00:00,1662901200,61,2022,Regular Season - 7,98,Ajaccio,84,Nice,0,1,FT,E. Wattellier,Stade François Coty,Ajaccio,0,0,A,1,-1,9,6,1,7,98.0,18.0,26.0,WLLLD,84.0,9.0,58.0,WWDLW,1,1,3,4,3,1,1,10
871538,2022-09-11 15:05:00+00:00,1662908700,61,2022,Regular Season - 7,94,Rennes,108,Auxerre,5,0,FT,T. Léonard,Roazhon Park,Rennes,1,0,H,5,5,9,6,1,7,94.0,4.0,68.0,WWWWL,108.0,17.0,35.0,LDLLD,4,0,1,12,0,2,3,2
871531,2022-09-11 18:45:00+00:00,1662921900,61,2022,Regular Season - 7,91,Monaco,80,Lyon,2,1,FT,C. Turpin,Stade Louis II,Monaco,0,0,H,3,1,9,6,1,7,91.0,6.0,65.0,LLLDW,80.0,7.0,62.0,LWWLW,1,1,3,4,3,0,2,9
871540,2022-09-16 19:00:00+00:00,1663354800,61,2022,Regular Season - 8,108,Auxerre,97,Lorient,1,3,FT,R. Buquet,Stade de l'Abbé Deschamps,Auxerre,0,3,A,4,-2,9,4,0,8,108.0,17.0,35.0,LDLLD,97.0,10.0,55.0,WLLDW,0,2,3,2,2,1,2,7
871544,2022-09-17 15:00:00+00:00,1663426800,61,2022,Regular Season - 8,82,Montpellier,95,Strasbourg,2,1,FT,J. Stinat,Stade de la Mosson,Montpellier,1,0,H,3,1,9,5,1,8,82.0,12.0,50.0,WLWDL,95.0,15.0,40.0,LDDWW,2,1,2,7,2,2,1,8
871543,2022-09-17 19:00:00+00:00,1663441200,61,2022,Regular Season - 8,79,Lille,96,Toulouse,2,1,FT,P. Gaillouste,Decathlon Arena – Stade Pierre-Mauroy,Villeneuve d'Ascq,1,0,H,3,1,9,5,1,8,79.0,5.0,67.0,DWWDL,96.0,13.0,48.0,WDDDD,2,2,1,8,1,4,0,7
871549,2022-09-18 11:00:00+00:00,1663498800,61,2022,Regular Season - 8,93,Reims,91,Monaco,0,3,FT,M. Bollengier,Stade Auguste-Delaune II,Reims,0,0,A,3,-3,9,6,1,8,93.0,11.0,51.0,LLDLW,91.0,6.0,65.0,LLLDW,1,1,3,4,1,1,3,4
871547,2022-09-18 13:00:00+00:00,1663506000,61,2022,Regular Season - 8,81,Marseille,94,Rennes,1,1,FT,B. Bastien,Stade Orange Vélodrome,Marseille,0,1,D,2,0,9,6,1,8,81.0,3.0,73.0,LLLWL,94.0,4.0,68.0,WWWWL,1,0,4,3,4,0,1,12
871545,2022-09-18 13:00:00+00:00,1663506000,61,2022,Regular Season - 8,84,Nice,77,Angers,0,1,FT,B. Dechepy,Allianz Riviera,Nice,0,1,A,1,-1,9,6,1,8,84.0,9.0,58.0,WWDLW,77.0,20.0,18.0,LWDLL,3,1,1,10,1,1,3,4
871541,2022-09-18 13:00:00+00:00,1663506000,61,2022,Regular Season - 8,99,Clermont Foot,110,Estac Troyes,1,3,FT,J. Brisard,Stade Gabriel Montpied,Clermont-Ferrand,1,1,A,4,-2,9,6,1,8,99.0,8.0,59.0,WWLWD,110.0,19.0,24.0,DLDLL,3,1,1,10,0,2,3,2
871548,2022-09-18 13:00:00+00:00,1663506000,61,2022,Regular Season - 8,106,Stade Brestois 29,98,Ajaccio,0,1,FT,S. Frappart,Stade Francis-Le Blé,Brest,0,0,A,1,-1,9,6,1,8,106.0,14.0,44.0,LWWWL,98.0,18.0,26.0,WLLLD,3,0,2,9,1,1,3,4
871542,2022-09-18 15:05:00+00:00,1663513500,61,2022,Regular Season - 8,83,Nantes,116,Lens,0,0,FT,W. Delajod,Stade de la Beaujoire - Louis Fonteneau,Nantes,0,0,D,0,0,9,6,1,8,83.0,16.0,36.0,WLLDL,116.0,2.0,84.0,WWWWW,1,1,3,4,5,0,0,15
871546,2022-09-18 18:45:00+00:00,1663526700,61,2022,Regular Season - 8,80,Lyon,85,Paris Saint Germain,0,1,FT,F. Letexier,Groupama Stadium,Décines-Charpieu,0,1,A,1,-1,9,6,1,8,80.0,7.0,62.0,LWWLW,85.0,1.0,85.0,LDWWW,3,0,2,9,3,1,1,10
871553,2022-09-30 19:00:00+00:00,1664564400,61,2022,Regular Season - 9,77,Angers,81,Marseille,0,3,FT,J. Hamel,Stade Raymond-Kopa,Angers,0,1,A,3,-3,9,4,0,9,77.0,20.0,18.0,LWDLL,81.0,3.0,73.0,LLLWL,1,1,3,4,1,0,4,3
871557,2022-10-01 15:00:00+00:00,1664636400,61,2022,Regular Season - 9,95,Strasbourg,94,Rennes,1,3,FT,E. Wattellier,Stade de la Meinau,Strasbourg,0,1,A,4,-2,10,5,1,9,95.0,15.0,40.0,LDDWW,94.0,4.0,68.0,WWWWL,2,2,1,8,4,0,1,12
871555,2022-10-01 19:00:00+00:00,1664650800,61,2022,Regular Season - 9,85,Paris Saint Germain,84,Nice,2,1,FT,J. Brisard,Parc des Princes,Paris,1,0,H,3,1,10,5,1,9,85.0,1.0,85.0,LDWWW,84.0,9.0,58.0,WWDLW,3,1,1,10,3,1,1,10
871554,2022-10-02 11:00:00+00:00,1664708400,61,2022,Regular Season - 9,97,Lorient,79,Lille,2,1,FT,H. Ben El Hadj,Stade Yves Allainmat - Le Moustoir,Lorient,1,0,H,3,1,10,6,1,9,97.0,10.0,55.0,WLLDW,79.0,5.0,67.0,DWWDL,2,1,2,7,2,2,1,8
871558,2022-10-02 13:00:00+00:00,1664715600,61,2022,Regular Season - 9,96,Toulouse,82,Montpellier,4,2,FT,J. Pignard,Stadium de Toulouse,Toulouse,3,1,H,6,2,10,6,1,9,96.0,13.0,48.0,WDDDD,82.0,12.0,50.0,WLWDL,1,4,0,7,2,1,2,7
871550,2022-10-02 13:00:00+00:00,1664715600,61,2022,Regular Season - 9,98,Ajaccio,99,Clermont Foot,1,3,FT,C. Turpin,Stade François Coty,Ajaccio,0,1,A,4,-2,10,6,1,9,98.0,18.0,26.0,WLLLD,99.0,8.0,59.0,WWLWD,1,1,3,4,3,1,1,10
871551,2022-10-02 13:00:00+00:00,1664715600,61,2022,Regular Season - 9,108,Auxerre,106,Stade Brestois 29,1,1,FT,F. Batta,Stade de l'Abbé Deschamps,Auxerre,0,0,D,2,0,10,6,1,9,108.0,17.0,35.0,LDLLD,106.0,14.0,44.0,LWWWL,0,2,3,2,3,0,2,9
871559,2022-10-02 13:00:00+00:00,1664715600,61,2022,Regular Season - 9,110,Estac Troyes,93,Reims,2,2,FT,B. Millot,Stade de l'Aube,Troyes,0,1,D,4,0,10,6,1,9,110.0,19.0,24.0,DLDLL,93.0,11.0,51.0,LLDLW,0,2,3,2,1,1,3,4
871552,2022-10-02 15:05:00+00:00,1664723100,61,2022,Regular Season - 9,91,Monaco,83,Nantes,4,1,FT,T. Léonard,Stade Louis II,Monaco,3,0,H,5,3,10,6,1,9,91.0,6.0,65.0,LLLDW,83.0,16.0,36.0,WLLDL,1,1,3,4,1,1,3,4
871556,2022-10-02 18:45:00+00:00,1664736300,61,2022,Regular Season - 9,116,Lens,80,Lyon,1,0,FT,B. Bastien,Stade Bollaert-Delelis,Lens,0,0,H,1,1,10,6,1,9,116.0,2.0,84.0,WWWWW,80.0,7.0,62.0,LWWLW,5,0,0,15,3,0,2,9
871565,2022-10-07 19:00:00+00:00,1665169200,61,2022,Regular Season - 10,80,Lyon,96,Toulouse,1,1,FT,R. Buquet,Groupama Stadium,Décines-Charpieu,1,0,D,2,0,10,4,0,10,80.0,7.0,62.0,LWWLW,96.0,13.0,48.0,WDDDD,3,0,2,9,1,4,0,7
871566,2022-10-08 15:00:00+00:00,1665241200,61,2022,Regular Season - 10,81,Marseille,98,Ajaccio,1,2,FT,W. Delajod,Stade Orange Vélodrome,Marseille,1,1,A,3,-1,10,5,1,10,81.0,3.0,73.0,LLLWL,98.0,18.0,26.0,WLLLD,1,0,4,3,1,1,3,4
871569,2022-10-08 19:00:00+00:00,1665255600,61,2022,Regular Season - 10,93,Reims,85,Paris Saint Germain,0,0,FT,P. Gaillouste,Stade Auguste-Delaune II,Reims,0,0,D,0,0,10,5,1,10,93.0,11.0,51.0,LLDLW,85.0,1.0,85.0,LDWWW,1,1,3,4,3,1,1,10
871563,2022-10-09 11:00:00+00:00,1665313200,61,2022,Regular Season - 10,82,Montpellier,91,Monaco,0,2,FT,B. Millot,Stade de la Mosson,Montpellier,0,1,A,2,-2,10,6,1,10,82.0,12.0,50.0,WLWDL,91.0,6.0,65.0,LLLDW,2,1,2,7,1,1,3,4
871567,2022-10-09 13:00:00+00:00,1665320400,61,2022,Regular Season - 10,106,Stade Brestois 29,97,Lorient,1,2,FT,B. Dechepy,Stade Francis-Le Blé,Brest,1,1,A,3,-1,10,6,1,10,106.0,14.0,44.0,LWWWL,97.0,10.0,55.0,WLLDW,3,0,2,9,2,1,2,7
871561,2022-10-09 13:00:00+00:00,1665320400,61,2022,Regular Season - 10,99,Clermont Foot,108,Auxerre,2,1,FT,M. Vernice,Stade Gabriel Montpied,Clermont-Ferrand,0,0,H,3,1,10,6,1,10,99.0,8.0,59.0,WWLWD,108.0,17.0,35.0,LDLLD,3,1,1,10,0,2,3,2
871560,2022-10-09 13:00:00+00:00,1665320400,61,2022,Regular Season - 10,77,Angers,95,Strasbourg,2,3,FT,C. Turpin,Stade Raymond-Kopa,Angers,1,2,A,5,-1,10,6,1,10,77.0,20.0,18.0,LWDLL,95.0,15.0,40.0,LDDWW,1,1,3,4,2,2,1,8
871564,2022-10-09 13:00:00+00:00,1665320400,61,2022,Regular Season - 10,84,Nice,110,Estac Troyes,3,2,FT,J. Hamel,Allianz Riviera,Nice,2,0,H,5,1,10,6,1,10,84.0,9.0,58.0,WWDLW,110.0,19.0,24.0,DLDLL,3,1,1,10,0,2,3,2
871568,2022-10-09 15:05:00+00:00,1665327900,61,2022,Regular Season - 10,94,Rennes,83,Nantes,3,0,FT,F. Batta,Roazhon Park,Rennes,1,0,H,3,3,10,6,1,10,94.0,4.0,68.0,WWWWL,83.0,16.0,36.0,WLLDL,4,0,1,12,1,1,3,4
871562,2022-10-09 18:45:00+00:00,1665341100,61,2022,Regular Season - 10,79,Lille,116,Lens,1,0,FT,F. Letexier,Decathlon Arena – Stade Pierre-Mauroy,Villeneuve d'Ascq,1,0,H,1,1,10,6,1,10,79.0,5.0,67.0,DWWDL,116.0,2.0,84.0,WWWWW,2,2,1,8,5,0,0,15
871576,2022-10-14 19:00:00+00:00,1665774000,61,2022,Regular Season - 11,95,Strasbourg,79,Lille,0,3,FT,J. Pignard,Stade de la Meinau,Strasbourg,0,1,A,3,-3,10,4,0,11,95.0,15.0,40.0,LDDWW,79.0,5.0,67.0,DWWDL,2,2,1,8,2,2,1,8
871572,2022-10-15 15:00:00+00:00,1665846000,61,2022,Regular Season - 11,97,Lorient,93,Reims,0,0,FT,M. Vernice,Stade Yves Allainmat - Le Moustoir,Lorient,0,0,D,0,0,10,5,1,11,97.0,10.0,55.0,WLLDW,93.0,11.0,51.0,LLDLW,2,1,2,7,1,1,3,4
871575,2022-10-15 19:00:00+00:00,1665860400,61,2022,Regular Season - 11,116,Lens,82,Montpellier,1,0,FT,H. Ben El Hadj,Stade Bollaert-Delelis,Lens,0,0,H,1,1,10,5,1,11,116.0,2.0,84.0,WWWWW,82.0,12.0,50.0,WLWDL,5,0,0,15,2,1,2,7
871578,2022-10-16 11:00:00+00:00,1665918000,61,2022,Regular Season - 11,96,Toulouse,77,Angers,3,2,FT,B. Bastien,Stadium de Toulouse,Toulouse,2,1,H,5,1,10,6,1,11,96.0,13.0,48.0,WDDDD,77.0,20.0,18.0,LWDLL,1,4,0,7,1,1,3,4
871570,2022-10-16 13:00:00+00:00,1665925200,61,2022,Regular Season - 11,108,Auxerre,84,Nice,1,1,FT,E. Wattellier,Stade de l'Abbé Deschamps,Auxerre,1,1,D,2,0,10,6,1,11,108.0,17.0,35.0,LDLLD,84.0,9.0,58.0,WWDLW,0,2,3,2,3,1,1,10
871579,2022-10-16 13:00:00+00:00,1665925200,61,2022,Regular Season - 11,110,Estac Troyes,98,Ajaccio,1,1,FT,J. Brisard,Stade de l'Aube,Troyes,0,0,D,2,0,10,6,1,11,110.0,19.0,24.0,DLDLL,98.0,18.0,26.0,WLLLD,0,2,3,2,1,1,3,4
871573,2022-10-16 13:00:00+00:00,1665925200,61,2022,Regular Season - 11,83,Nantes,106,Stade Brestois 29,4,1,FT,M. Bollengier,Stade de la Beaujoire - Louis Fonteneau,Nantes,2,1,H,5,3,10,6,1,11,83.0,16.0,36.0,WLLDL,106.0,14.0,44.0,LWWWL,1,1,3,4,3,0,2,9
871577,2022-10-16 13:00:00+00:00,1665925200,61,2022,Regular Season - 11,94,Rennes,80,Lyon,3,2,FT,S. Frappart,Roazhon Park,Rennes,1,1,H,5,1,10,6,1,11,94.0,4.0,68.0,WWWWL,80.0,7.0,62.0,LWWLW,4,0,1,12,3,0,2,9
871571,2022-10-16 15:05:00+00:00,1665932700,61,2022,Regular Season - 11,91,Monaco,99,Clermont Foot,1,1,FT,R. Buquet,Stade Louis II,Monaco,1,0,D,2,0,10,6,1,11,91.0,6.0,65.0,LLLDW,99.0,8.0,59.0,WWLWD,1,1,3,4,3,1,1,10
871574,2022-10-16 18:45:00+00:00,1665945900,61,2022,Regular Season - 11,85,Paris Saint Germain,81,Marseille,1,0,FT,C. Turpin,Parc des Princes,Paris,1,0,H,1,1,10,6,1,11,85.0,1.0,85.0,LDWWW,81.0,3.0,73.0,LLLWL,3,1,1,10,1,0,4,3
871580,2022-10-21 19:00:00+00:00,1666378800,61,2022,Regular Season - 12,98,Ajaccio,85,Paris Saint Germain,0,3,FT,J. Hamel,Stade François Coty,Ajaccio,0,1,A,3,-3,10,4,0,12,98.0,18.0,26.0,WLLLD,85.0,1.0,85.0,LDWWW,1,1,3,4,3,1,1,10
871584,2022-10-22 15:00:00+00:00,1666450800,61,2022,Regular Season - 12,82,Montpellier,80,Lyon,1,2,FT,T. Léonard,Stade de la Mosson,Montpellier,0,1,A,3,-1,10,5,1,12,82.0,12.0,50.0,WLWDL,80.0,7.0,62.0,LWWLW,2,1,2,7,3,0,2,9
871586,2022-10-22 19:00:00+00:00,1666465200,61,2022,Regular Season - 12,81,Marseille,116,Lens,0,1,FT,B. Millot,Stade Orange Vélodrome,Marseille,0,0,A,1,-1,10,5,1,12,81.0,3.0,73.0,LLLWL,116.0,2.0,84.0,WWWWW,1,0,4,3,5,0,0,15
871581,2022-10-23 11:00:00+00:00,1666522800,61,2022,Regular Season - 12,77,Angers,94,Rennes,1,2,FT,P. Gaillouste,Stade Raymond-Kopa,Angers,0,1,A,3,-1,10,6,1,12,77.0,20.0,18.0,LWDLL,94.0,4.0,68.0,WWWWL,1,1,3,4,4,0,1,12
871589,2022-10-23 13:00:00+00:00,1666530000,61,2022,Regular Season - 12,110,Estac Troyes,97,Lorient,2,2,FT,M. Bollengier,Stade de l'Aube,Troyes,1,0,D,4,0,10,6,1,12,110.0,19.0,24.0,DLDLL,97.0,10.0,55.0,WLLDW,0,2,3,2,2,1,2,7
871587,2022-10-23 13:00:00+00:00,1666530000,61,2022,Regular Season - 12,93,Reims,108,Auxerre,2,1,FT,H. Ben El Hadj,Stade Auguste-Delaune II,Reims,1,1,H,3,1,10,6,1,12,93.0,11.0,51.0,LLDLW,108.0,17.0,35.0,LDLLD,1,1,3,4,0,2,3,2
871588,2022-10-23 13:00:00+00:00,1666530000,61,2022,Regular Season - 12,96,Toulouse,95,Strasbourg,2,2,FT,J. Stinat,Stadium de Toulouse,Toulouse,1,0,D,4,0,10,6,1,12,96.0,13.0,48.0,WDDDD,95.0,15.0,40.0,LDDWW,1,4,0,7,2,2,1,8
871582,2022-10-23 13:00:00+00:00,1666530000,61,2022,Regular Season - 12,99,Clermont Foot,106,Stade Brestois 29,1,3,FT,J. Pignard,Stade Gabriel Montpied,Clermont-Ferrand,0,1,A,4,-2,10,6,1,12,99.0,8.0,59.0,WWLWD,106.0,14.0,44.0,LWWWL,3,1,1,10,3,0,2,9
871585,2022-10-23 15:05:00+00:00,1666537500,61,2022,Regular Season - 12,84,Nice,83,Nantes,1,1,FT,F. Letexier,Allianz Riviera,Nice,0,0,D,2,0,10,6,1,12,84.0,9.0,58.0,WWDLW,83.0,16.0,36.0,WLLDL,3,1,1,10,1,1,3,4
871583,2022-10-23 18:45:00+00:00,1666550700,61,2022,Regular Season - 12,79,Lille,91,Monaco,4,3,FT,W. Delajod,Decathlon Arena – Stade Pierre-Mauroy,Villeneuve d'Ascq,2,2,H,7,1,10,6,1,12,79.0,5.0,67.0,DWWDL,91.0,6.0,65.0,LLLDW,2,2,1,8,1,1,3,4
871596,2022-10-28 19:00:00+00:00,1666983600,61,2022,Regular Season - 13,116,Lens,96,Toulouse,3,0,FT,F. Batta,Stade Bollaert-Delelis,Lens,0,0,H,3,3,10,4,0,13,116.0,2.0,84.0,WWWWW,96.0,13.0,48.0,WDDDD,5,0,0,15,1,4,0,7
871595,2022-10-29 15:00:00+00:00,1667055600,61,2022,Regular Season - 13,85,Paris Saint Germain,110,Estac Troyes,4,3,FT,E. Wattellier,Parc des Princes,Paris,1,1,H,7,1,10,5,1,13,85.0,1.0,85.0,LDWWW,110.0,19.0,24.0,DLDLL,3,1,1,10,0,2,3,2
871597,2022-10-29 19:00:00+00:00,1667070000,61,2022,Regular Season - 13,95,Strasbourg,81,Marseille,2,2,FT,R. Buquet,Stade de la Meinau,Strasbourg,0,2,D,4,0,10,5,1,13,95.0,15.0,40.0,LDDWW,81.0,3.0,73.0,LLLWL,2,2,1,8,1,0,4,3
871590,2022-10-30 12:00:00+00:00,1667131200,61,2022,Regular Season - 13,108,Auxerre,98,Ajaccio,1,0,FT,B. Millot,Stade de l'Abbé Deschamps,Auxerre,1,0,H,1,1,10,6,1,13,108.0,17.0,35.0,LDLLD,98.0,18.0,26.0,WLLLD,0,2,3,2,1,1,3,4
871593,2022-10-30 14:00:00+00:00,1667138400,61,2022,Regular Season - 13,83,Nantes,99,Clermont Foot,1,1,FT,B. Bastien,Stade de la Beaujoire - Louis Fonteneau,Nantes,0,0,D,2,0,10,6,1,13,83.0,16.0,36.0,WLLDL,99.0,8.0,59.0,WWLWD,1,1,3,4,3,1,1,10
871591,2022-10-30 14:00:00+00:00,1667138400,61,2022,Regular Season - 13,91,Monaco,77,Angers,2,0,FT,S. Frappart,Stade Louis II,Monaco,0,0,H,2,2,10,6,1,13,91.0,6.0,65.0,LLLDW,77.0,20.0,18.0,LWDLL,1,1,3,4,1,1,3,4
871599,2022-10-30 14:00:00+00:00,1667138400,61,2022,Regular Season - 13,94,Rennes,82,Montpellier,3,0,FT,B. Dechepy,Roazhon Park,Rennes,2,0,H,3,3,10,6,1,13,94.0,4.0,68.0,WWWWL,82.0,12.0,50.0,WLWDL,4,0,1,12,2,1,2,7
871598,2022-10-30 14:00:00+00:00,1667138400,61,2022,Regular Season - 13,106,Stade Brestois 29,93,Reims,0,0,FT,W. Delajod,Stade Francis-Le Blé,Brest,0,0,D,0,0,10,6,1,13,106.0,14.0,44.0,LWWWL,93.0,11.0,51.0,LLDLW,3,0,2,9,1,1,3,4
871592,2022-10-30 16:05:00+00:00,1667145900,61,2022,Regular Season - 13,97,Lorient,84,Nice,1,2,FT,C. Turpin,Stade Yves Allainmat - Le Moustoir,Lorient,1,0,A,3,-1,10,6,1,13,97.0,10.0,55.0,WLLDW,84.0,9.0,58.0,WWDLW,2,1,2,7,3,1,1,10
871594,2022-10-30 19:45:00+00:00,1667159100,61,2022,Regular Season - 13,80,Lyon,79,Lille,1,0,FT,J. Brisard,Groupama Stadium,Décines-Charpieu,0,0,H,1,1,10,6,1,13,80.0,7.0,62.0,LWWLW,79.0,5.0,67.0,DWWDL,3,0,2,9,2,2,1,8
871609,2022-11-04 20:00:00+00:00,1667592000,61,2022,Regular Season - 14,110,Estac Troyes,108,Auxerre,1,1,FT,P. Gaillouste,Stade de l'Aube,Troyes,1,0,D,2,0,11,4,0,14,110.0,19.0,24.0,DLDLL,108.0,17.0,35.0,LDLLD,0,2,3,2,0,2,3,2
871600,2022-11-05 16:00:00+00:00,1667664000,61,2022,Regular Season - 14,98,Ajaccio,95,Strasbourg,4,2,FT,M. Vernice,Stade François Coty,Ajaccio,4,2,H,6,2,11,5,1,14,98.0,18.0,26.0,WLLLD,95.0,15.0,40.0,LDDWW,1,1,3,4,2,2,1,8
871601,2022-11-05 20:00:00+00:00,1667678400,61,2022,Regular Season - 14,77,Angers,116,Lens,1,2,FT,T. Léonard,Stade Raymond-Kopa,Angers,0,1,A,3,-1,11,5,1,14,77.0,20.0,18.0,LWDLL,116.0,2.0,84.0,WWWWW,1,1,3,4,5,0,0,15
871603,2022-11-06 12:00:00+00:00,1667736000,61,2022,Regular Season - 14,97,Lorient,85,Paris Saint Germain,1,2,FT,B. Bastien,Stade Yves Allainmat - Le Moustoir,Lorient,0,1,A,3,-1,11,6,1,14,97.0,10.0,55.0,WLLDW,85.0,1.0,85.0,LDWWW,2,1,2,7,3,1,1,10
871605,2022-11-06 14:00:00+00:00,1667743200,61,2022,Regular Season - 14,84,Nice,106,Stade Brestois 29,1,0,FT,J. Stinat,Allianz Riviera,Nice,0,0,H,1,1,11,6,1,14,84.0,9.0,58.0,WWDLW,106.0,14.0,44.0,LWWWL,3,1,1,10,3,0,2,9
871607,2022-11-06 14:00:00+00:00,1667743200,61,2022,Regular Season - 14,93,Reims,83,Nantes,1,0,FT,R. Buquet,Stade Auguste-Delaune II,Reims,0,0,H,1,1,11,6,1,14,93.0,11.0,51.0,LLDLW,83.0,16.0,36.0,WLLDL,1,1,3,4,1,1,3,4
871608,2022-11-06 14:00:00+00:00,1667743200,61,2022,Regular Season - 14,96,Toulouse,91,Monaco,0,2,FT,B. Millot,Stadium de Toulouse,Toulouse,0,0,A,2,-2,11,6,1,14,96.0,13.0,48.0,WDDDD,91.0,6.0,65.0,LLLDW,1,4,0,7,1,1,3,4
871602,2022-11-06 14:00:00+00:00,1667743200,61,2022,Regular Season - 14,99,Clermont Foot,82,Montpellier,1,1,FT,M. Bollengier,Stade Gabriel Montpied,Clermont-Ferrand,0,1,D,2,0,11,6,1,14,99.0,8.0,59.0,WWLWD,82.0,12.0,50.0,WLWDL,3,1,1,10,2,1,2,7
871604,2022-11-06 16:05:00+00:00,1667750700,61,2022,Regular Season - 14,79,Lille,94,Rennes,1,1,FT,J. Hamel,Decathlon Arena – Stade Pierre-Mauroy,Villeneuve d'Ascq,1,0,D,2,0,11,6,1,14,79.0,5.0,67.0,DWWDL,94.0,4.0,68.0,WWWWL,2,2,1,8,4,0,1,12
871606,2022-11-06 19:45:00+00:00,1667763900,61,2022,Regular Season - 14,81,Marseille,80,Lyon,1,0,FT,F. Letexier,Stade Orange Vélodrome,Marseille,1,0,H,1,1,11,6,1,14,81.0,3.0,73.0,LLLWL,80.0,7.0,62.0,LWWLW,1,0,4,3,3,0,2,9
871614,2022-11-11 20:00:00+00:00,1668196800,61,2022,Regular Season - 15,80,Lyon,84,Nice,1,1,FT,E. Wattellier,Groupama Stadium,Décines-Charpieu,0,1,D,2,0,11,4,0,15,80.0,7.0,62.0,LWWLW,84.0,9.0,58.0,WWDLW,3,0,2,9,3,1,1,10
871616,2022-11-12 16:00:00+00:00,1668268800,61,2022,Regular Season - 15,116,Lens,99,Clermont Foot,2,1,FT,H. Ben El Hadj,Stade Bollaert-Delelis,Lens,0,1,H,3,1,11,5,1,15,116.0,2.0,84.0,WWWWW,99.0,8.0,59.0,WWLWD,5,0,0,15,3,1,1,10
871619,2022-11-12 20:00:00+00:00,1668283200,61,2022,Regular Season - 15,94,Rennes,96,Toulouse,2,1,FT,W. Delajod,Roazhon Park,Rennes,1,0,H,3,1,11,5,1,15,94.0,4.0,68.0,WWWWL,96.0,13.0,48.0,WDDDD,4,0,1,12,1,4,0,7
871615,2022-11-13 12:00:00+00:00,1668340800,61,2022,Regular Season - 15,85,Paris Saint Germain,108,Auxerre,5,0,FT,T. Léonard,Parc des Princes,Paris,1,0,H,5,5,11,6,1,15,85.0,1.0,85.0,LDWWW,108.0,17.0,35.0,LDLLD,3,1,1,10,0,2,3,2
871612,2022-11-13 14:00:00+00:00,1668348000,61,2022,Regular Season - 15,79,Lille,77,Angers,1,0,FT,Miguel Nogueira,Decathlon Arena – Stade Pierre-Mauroy,Villeneuve d'Ascq,1,0,H,1,1,11,6,1,15,79.0,5.0,67.0,DWWDL,77.0,20.0,18.0,LWDLL,2,2,1,8,1,1,3,4
871613,2022-11-13 14:00:00+00:00,1668348000,61,2022,Regular Season - 15,82,Montpellier,93,Reims,1,1,FT,F. Batta,Stade de la Mosson,Montpellier,0,0,D,2,0,11,6,1,15,82.0,12.0,50.0,WLWDL,93.0,11.0,51.0,LLDLW,2,1,2,7,1,1,3,4
871611,2022-11-13 14:00:00+00:00,1668348000,61,2022,Regular Season - 15,83,Nantes,98,Ajaccio,2,2,FT,J. Pignard,Stade de la Beaujoire - Louis Fonteneau,Nantes,0,0,D,4,0,11,6,1,15,83.0,16.0,36.0,WLLDL,98.0,18.0,26.0,WLLLD,1,1,3,4,1,1,3,4
871618,2022-11-13 14:00:00+00:00,1668348000,61,2022,Regular Season - 15,106,Stade Brestois 29,110,Estac Troyes,2,1,FT,R. Buquet,Stade Francis-Le Blé,Brest,0,0,H,3,1,11,6,1,15,106.0,14.0,44.0,LWWWL,110.0,19.0,24.0,DLDLL,3,0,2,9,0,2,3,2
871617,2022-11-13 16:05:00+00:00,1668355500,61,2022,Regular Season - 15,95,Strasbourg,97,Lorient,1,1,FT,P. Gaillouste,Stade de la Meinau,Strasbourg,0,1,D,2,0,11,6,1,15,95.0,15.0,40.0,LDDWW,97.0,10.0,55.0,WLLDW,2,2,1,8,2,1,2,7
871610,2022-11-13 19:45:00+00:00,1668368700,61,2022,Regular Season - 15,91,Monaco,81,Marseille,2,3,FT,B. Bastien,Stade Louis II,Monaco,1,1,A,5,-1,11,6,1,15,91.0,6.0,65.0,LLLDW,81.0,3.0,73.0,LLLWL,1,1,3,4,1,0,4,3
871629,2022-12-28 14:00:00+00:00,1672236000,61,2022,Regular Season - 16,110,Estac Troyes,83,Nantes,0,0,FT,S. Frappart,Stade de l'Aube,Troyes,0,0,D,0,0,12,2,0,16,110.0,19.0,24.0,DLDLL,83.0,16.0,36.0,WLLDL,0,2,3,2,1,1,3,4
871620,2022-12-28 14:00:00+00:00,1672236000,61,2022,Regular Season - 16,98,Ajaccio,77,Angers,1,0,FT,J. Stinat,Stade François Coty,Ajaccio,1,0,H,1,1,12,2,0,16,98.0,18.0,26.0,WLLLD,77.0,20.0,18.0,LWDLL,1,1,3,4,1,1,3,4
871621,2022-12-28 16:00:00+00:00,1672243200,61,2022,Regular Season - 16,108,Auxerre,91,Monaco,2,3,FT,M. Bollengier,Stade de l'Abbé Deschamps,Auxerre,1,1,A,5,-1,12,2,0,16,108.0,17.0,35.0,LDLLD,91.0,6.0,65.0,LLLDW,0,2,3,2,1,1,3,4
871622,2022-12-28 18:00:00+00:00,1672250400,61,2022,Regular Season - 16,99,Clermont Foot,79,Lille,0,2,FT,F. Letexier,Stade Gabriel Montpied,Clermont-Ferrand,0,0,A,2,-2,12,2,0,16,99.0,8.0,59.0,WWLWD,79.0,5.0,67.0,DWWDL,3,1,1,10,2,2,1,8
871626,2022-12-28 20:00:00+00:00,1672257600,61,2022,Regular Season - 16,85,Paris Saint Germain,95,Strasbourg,2,1,FT,C. Turpin,Parc des Princes,Paris,1,0,H,3,1,12,2,0,16,85.0,1.0,85.0,LDWWW,95.0,15.0,40.0,LDDWW,3,1,1,10,2,2,1,8
871627,2022-12-28 20:00:00+00:00,1672257600,61,2022,Regular Season - 16,106,Stade Brestois 29,80,Lyon,2,4,FT,B. Dechepy,Stade Francis-Le Blé,Brest,1,3,A,6,-2,12,2,0,16,106.0,14.0,44.0,LWWWL,80.0,7.0,62.0,LWWLW,3,0,2,9,3,0,2,9
871623,2022-12-29 16:00:00+00:00,1672329600,61,2022,Regular Season - 16,97,Lorient,82,Montpellier,0,2,FT,W. Delajod,Stade Yves Allainmat - Le Moustoir,Lorient,0,2,A,2,-2,12,3,0,16,97.0,10.0,55.0,WLLDW,82.0,12.0,50.0,WLWDL,2,1,2,7,2,1,2,7
871628,2022-12-29 18:00:00+00:00,1672336800,61,2022,Regular Season - 16,93,Reims,94,Rennes,3,1,FT,H. Ben El Hadj,Stade Auguste-Delaune II,Reims,2,1,H,4,2,12,3,0,16,93.0,11.0,51.0,LLDLW,94.0,4.0,68.0,WWWWL,1,1,3,4,4,0,1,12
871624,2022-12-29 20:00:00+00:00,1672344000,61,2022,Regular Season - 16,84,Nice,116,Lens,0,0,FT,B. Millot,Allianz Riviera,Nice,0,0,D,0,0,12,3,0,16,84.0,9.0,58.0,WWDLW,116.0,2.0,84.0,WWWWW,3,1,1,10,5,0,0,15
871625,2022-12-29 20:00:00+00:00,1672344000,61,2022,Regular Season - 16,81,Marseille,96,Toulouse,6,1,FT,J. Pignard,Stade Orange Vélodrome,Marseille,2,0,H,7,5,12,3,0,16,81.0,3.0,73.0,LLLWL,96.0,13.0,48.0,WDDDD,1,0,4,3,1,4,0,7
871630,2023-01-01 14:00:00+00:00,1672581600,61,2022,Regular Season - 17,91,Monaco,106,Stade Brestois 29,1,0,FT,J. Stinat,Stade Louis II,Monaco,0,0,H,1,1,1,6,1,17,91.0,6.0,65.0,LLLDW,106.0,14.0,44.0,LWWWL,1,1,3,4,3,0,2,9
871636,2023-01-01 14:00:00+00:00,1672581600,61,2022,Regular Season - 17,96,Toulouse,98,Ajaccio,2,0,FT,P. Gaillouste,Stadium de Toulouse,Toulouse,0,0,H,2,2,1,6,1,17,96.0,13.0,48.0,WDDDD,98.0,18.0,26.0,WLLLD,1,4,0,7,1,1,3,4
871637,2023-01-01 14:00:00+00:00,1672581600,61,2022,Regular Season - 17,77,Angers,97,Lorient,1,2,FT,F. Batta,Stade Raymond-Kopa,Angers,1,0,A,3,-1,1,6,1,17,77.0,20.0,18.0,LWDLL,97.0,10.0,55.0,WLLDW,1,1,3,4,2,1,2,7
871631,2023-01-01 14:00:00+00:00,1672581600,61,2022,Regular Season - 17,83,Nantes,108,Auxerre,1,0,FT,B. Bastien,Stade de la Beaujoire - Louis Fonteneau,Nantes,0,0,H,1,1,1,6,1,17,83.0,16.0,36.0,WLLDL,108.0,17.0,35.0,LDLLD,1,1,3,4,0,2,3,2
871633,2023-01-01 16:00:00+00:00,1672588800,61,2022,Regular Season - 17,80,Lyon,99,Clermont Foot,0,1,FT,S. Frappart,Groupama Stadium,Décines-Charpieu,0,0,A,1,-1,1,6,1,17,80.0,7.0,62.0,LWWLW,99.0,8.0,59.0,WWLWD,3,0,2,9,3,1,1,10
871634,2023-01-01 19:45:00+00:00,1672602300,61,2022,Regular Season - 17,116,Lens,85,Paris Saint Germain,3,1,FT,J. Brisard,Stade Bollaert-Delelis,Lens,2,1,H,4,2,1,6,1,17,116.0,2.0,84.0,WWWWW,85.0,1.0,85.0,LDWWW,5,0,0,15,3,1,1,10
871639,2023-01-02 14:00:00+00:00,1672668000,61,2022,Regular Season - 17,95,Strasbourg,110,Estac Troyes,2,3,FT,B. Millot,Stade de la Meinau,Strasbourg,1,2,A,5,-1,1,0,0,17,95.0,15.0,40.0,LDDWW,110.0,19.0,24.0,DLDLL,2,2,1,8,0,2,3,2
871632,2023-01-02 16:00:00+00:00,1672675200,61,2022,Regular Season - 17,79,Lille,93,Reims,1,1,FT,E. Wattellier,Decathlon Arena – Stade Pierre-Mauroy,Villeneuve d'Ascq,1,0,D,2,0,1,0,0,17,79.0,5.0,67.0,DWWDL,93.0,11.0,51.0,LLDLW,2,2,1,8,1,1,3,4
871638,2023-01-02 18:00:00+00:00,1672682400,61,2022,Regular Season - 17,82,Montpellier,81,Marseille,1,2,FT,R. Buquet,Stade de la Mosson,Montpellier,0,0,A,3,-1,1,0,0,17,82.0,12.0,50.0,WLWDL,81.0,3.0,73.0,LLLWL,2,1,2,7,1,0,4,3
871635,2023-01-02 20:00:00+00:00,1672689600,61,2022,Regular Season - 17,94,Rennes,84,Nice,2,1,FT,T. Léonard,Roazhon Park,Rennes,1,1,H,3,1,1,0,0,17,94.0,4.0,68.0,WWWWL,84.0,9.0,58.0,WWDLW,4,0,1,12,3,1,1,10
871641,2023-01-11 18:00:00+00:00,1673460000,61,2022,Regular Season - 18,108,Auxerre,96,Toulouse,0,5,FT,F. Batta,Stade de l'Abbé Deschamps,Auxerre,0,3,A,5,-5,1,2,0,18,108.0,17.0,35.0,LDLLD,96.0,13.0,48.0,WDDDD,0,2,3,2,1,4,0,7
871642,2023-01-11 18:00:00+00:00,1673460000,61,2022,Regular Season - 18,99,Clermont Foot,94,Rennes,2,1,FT,C. Turpin,Stade Gabriel Montpied,Clermont-Ferrand,1,0,H,3,1,1,2,0,18,99.0,8.0,59.0,WWLWD,94.0,4.0,68.0,WWWWL,3,1,1,10,4,0,1,12
871648,2023-01-11 18:00:00+00:00,1673460000,61,2022,Regular Season - 18,106,Stade Brestois 29,79,Lille,0,0,FT,M. Vernice,Stade Francis-Le Blé,Brest,0,0,D,0,0,1,2,0,18,106.0,14.0,44.0,LWWWL,79.0,5.0,67.0,DWWDL,3,0,2,9,2,2,1,8
871644,2023-01-11 18:00:00+00:00,1673460000,61,2022,Regular Season - 18,83,Nantes,80,Lyon,0,0,FT,M. Bollengier,Stade de la Beaujoire - Louis Fonteneau,Nantes,0,0,D,0,0,1,2,0,18,83.0,16.0,36.0,WLLDL,80.0,7.0,62.0,LWWLW,1,1,3,4,3,0,2,9
871640,2023-01-11 18:00:00+00:00,1673460000,61,2022,Regular Season - 18,98,Ajaccio,93,Reims,0,1,FT,W. Delajod,Stade François Coty,Ajaccio,0,1,A,1,-1,1,2,0,18,98.0,18.0,26.0,WLLLD,93.0,11.0,51.0,LLDLW,1,1,3,4,1,1,3,4
871645,2023-01-11 20:00:00+00:00,1673467200,61,2022,Regular Season - 18,84,Nice,82,Montpellier,6,1,FT,B. Dechepy,Allianz Riviera,Nice,2,0,H,7,5,1,2,0,18,84.0,9.0,58.0,WWDLW,82.0,12.0,50.0,WLWDL,3,1,1,10,2,1,2,7
871646,2023-01-11 20:00:00+00:00,1673467200,61,2022,Regular Season - 18,85,Paris Saint Germain,77,Angers,2,0,FT,E. Wattellier,Parc des Princes,Paris,1,0,H,2,2,1,2,0,18,85.0,1.0,85.0,LDWWW,77.0,20.0,18.0,LWDLL,3,1,1,10,1,1,3,4
871647,2023-01-11 20:00:00+00:00,1673467200,61,2022,Regular Season - 18,95,Strasbourg,116,Lens,2,2,FT,F. Letexier,Stade de la Meinau,Strasbourg,2,2,D,4,0,1,2,0,18,95.0,15.0,40.0,LDDWW,116.0,2.0,84.0,WWWWW,2,2,1,8,5,0,0,15
871643,2023-01-11 20:00:00+00:00,1673467200,61,2022,Regular Season - 18,97,Lorient,91,Monaco,2,2,FT,J. Brisard,Stade Yves Allainmat - Le Moustoir,Lorient,0,0,D,4,0,1,2,0,18,97.0,10.0,55.0,WLLDW,91.0,6.0,65.0,LLLDW,2,1,2,7,1,1,3,4
871649,2023-01-11 20:00:00+00:00,1673467200,61,2022,Regular Season - 18,110,Estac Troyes,81,Marseille,0,2,FT,H. Ben El Hadj,Stade de l'Aube,Troyes,0,1,A,2,-2,1,2,0,18,110.0,19.0,24.0,DLDLL,81.0,3.0,73.0,LLLWL,0,2,3,2,1,0,4,3
871656,2023-01-14 16:00:00+00:00,1673712000,61,2022,Regular Season - 19,116,Lens,108,Auxerre,1,0,FT,W. Delajod,Stade Bollaert-Delelis,Lens,0,0,H,1,1,1,5,1,19,116.0,2.0,84.0,WWWWW,108.0,17.0,35.0,LDLLD,5,0,0,15,0,2,3,2
871655,2023-01-14 18:00:00+00:00,1673719200,61,2022,Regular Season - 19,81,Marseille,97,Lorient,3,1,FT,B. Dechepy,Stade Orange Vélodrome,Marseille,1,1,H,4,2,1,5,1,19,81.0,3.0,73.0,LLLWL,97.0,10.0,55.0,WLLDW,1,0,4,3,2,1,2,7
871654,2023-01-14 20:00:00+00:00,1673726400,61,2022,Regular Season - 19,80,Lyon,95,Strasbourg,1,2,FT,J. Stinat,Groupama Stadium,Décines-Charpieu,1,2,A,3,-1,1,5,1,19,80.0,7.0,62.0,LWWLW,95.0,15.0,40.0,LDDWW,3,0,2,9,2,2,1,8
871652,2023-01-15 12:00:00+00:00,1673784000,61,2022,Regular Season - 19,79,Lille,110,Estac Troyes,5,1,FT,P. Gaillouste,Decathlon Arena – Stade Pierre-Mauroy,Villeneuve d'Ascq,2,0,H,6,4,1,6,1,19,79.0,5.0,67.0,DWWDL,110.0,19.0,24.0,DLDLL,2,2,1,8,0,2,3,2
871658,2023-01-15 14:00:00+00:00,1673791200,61,2022,Regular Season - 19,93,Reims,84,Nice,0,0,FT,F. Letexier,Stade Auguste-Delaune II,Reims,0,0,D,0,0,1,6,1,19,93.0,11.0,51.0,LLDLW,84.0,9.0,58.0,WWDLW,1,1,3,4,3,1,1,10
871659,2023-01-15 14:00:00+00:00,1673791200,61,2022,Regular Season - 19,96,Toulouse,106,Stade Brestois 29,1,1,FT,B. Millot,Stadium de Toulouse,Toulouse,0,1,D,2,0,1,6,1,19,96.0,13.0,48.0,WDDDD,106.0,14.0,44.0,LWWWL,1,4,0,7,3,0,2,9
871651,2023-01-15 14:00:00+00:00,1673791200,61,2022,Regular Season - 19,77,Angers,99,Clermont Foot,1,2,FT,M. Vernice,Stade Raymond-Kopa,Angers,0,1,A,3,-1,1,6,1,19,77.0,20.0,18.0,LWDLL,99.0,8.0,59.0,WWLWD,1,1,3,4,3,1,1,10
871653,2023-01-15 14:00:00+00:00,1673791200,61,2022,Regular Season - 19,82,Montpellier,83,Nantes,0,3,FT,T. Léonard,Stade de la Mosson,Montpellier,0,1,A,3,-3,1,6,1,19,82.0,12.0,50.0,WLWDL,83.0,16.0,36.0,WLLDL,2,1,2,7,1,1,3,4
871650,2023-01-15 16:05:00+00:00,1673798700,61,2022,Regular Season - 19,91,Monaco,98,Ajaccio,7,1,FT,R. Buquet,Stade Louis II,Monaco,5,1,H,8,6,1,6,1,19,91.0,6.0,65.0,LLLDW,98.0,18.0,26.0,WLLLD,1,1,3,4,1,1,3,4
871657,2023-01-15 19:45:00+00:00,1673811900,61,2022,Regular Season - 19,94,Rennes,85,Paris Saint Germain,1,0,FT,B. Bastien,Roazhon Park,Rennes,0,0,H,1,1,1,6,1,19,94.0,4.0,68.0,WWWWL,85.0,1.0,85.0,LDWWW,4,0,1,12,3,1,1,10
871663,2023-01-27 20:00:00+00:00,1674849600,61,2022,Regular Season - 20,97,Lorient,94,Rennes,2,1,FT,B. Millot,Stade Yves Allainmat - Le Moustoir,Lorient,2,0,H,3,1,1,4,0,20,97.0,10.0,55.0,WLLDW,94.0,4.0,68.0,WWWWL,2,1,2,7,4,0,1,12
871669,2023-01-28 16:00:00+00:00,1674921600,61,2022,Regular Season - 20,110,Estac Troyes,116,Lens,1,1,FT,C. Turpin,Stade de l'Aube,Troyes,0,0,D,2,0,1,5,1,20,110.0,19.0,24.0,DLDLL,116.0,2.0,84.0,WWWWW,0,2,3,2,5,0,0,15
871665,2023-01-28 20:00:00+00:00,1674936000,61,2022,Regular Season - 20,81,Marseille,91,Monaco,1,1,FT,J. Pignard,Stade Orange Vélodrome,Marseille,0,1,D,2,0,1,5,1,20,81.0,3.0,73.0,LLLWL,91.0,6.0,65.0,LLLDW,1,0,4,3,1,1,3,4
871664,2023-01-29 12:00:00+00:00,1674993600,61,2022,Regular Season - 20,84,Nice,79,Lille,1,0,FT,E. Wattellier,Allianz Riviera,Nice,1,0,H,1,1,1,6,1,20,84.0,9.0,58.0,WWDLW,79.0,5.0,67.0,DWWDL,3,1,1,10,2,2,1,8
871667,2023-01-29 14:00:00+00:00,1675000800,61,2022,Regular Season - 20,95,Strasbourg,96,Toulouse,1,2,FT,W. Delajod,Stade de la Meinau,Strasbourg,1,1,A,3,-1,1,6,1,20,95.0,15.0,40.0,LDDWW,96.0,13.0,48.0,WDDDD,2,2,1,8,1,4,0,7
871662,2023-01-29 14:00:00+00:00,1675000800,61,2022,Regular Season - 20,99,Clermont Foot,83,Nantes,0,0,FT,F. Batta,Stade Gabriel Montpied,Clermont-Ferrand,0,0,D,0,0,1,6,1,20,99.0,8.0,59.0,WWLWD,83.0,16.0,36.0,WLLDL,3,1,1,10,1,1,3,4
871668,2023-01-29 14:00:00+00:00,1675000800,61,2022,Regular Season - 20,106,Stade Brestois 29,77,Angers,4,0,FT,M. Bollengier,Stade Francis-Le Blé,Brest,2,0,H,4,4,1,6,1,20,106.0,14.0,44.0,LWWWL,77.0,20.0,18.0,LWDLL,3,0,2,9,1,1,3,4
871661,2023-01-29 14:00:00+00:00,1675000800,61,2022,Regular Season - 20,108,Auxerre,82,Montpellier,0,2,FT,J. Stinat,Stade de l'Abbé Deschamps,Auxerre,0,0,A,2,-2,1,6,1,20,108.0,17.0,35.0,LDLLD,82.0,12.0,50.0,WLWDL,0,2,3,2,2,1,2,7
871660,2023-01-29 16:05:00+00:00,1675008300,61,2022,Regular Season - 20,98,Ajaccio,80,Lyon,0,2,FT,T. Léonard,Stade François Coty,Ajaccio,0,1,A,2,-2,1,6,1,20,98.0,18.0,26.0,WLLLD,80.0,7.0,62.0,LWWLW,1,1,3,4,3,0,2,9
871666,2023-01-29 19:45:00+00:00,1675021500,61,2022,Regular Season - 20,85,Paris Saint Germain,93,Reims,1,1,FT,R. Buquet,Parc des Princes,Paris,0,0,D,2,0,1,6,1,20,85.0,1.0,85.0,LDWWW,93.0,11.0,51.0,LLDLW,3,1,1,10,1,1,3,4
871679,2023-02-01 18:00:00+00:00,1675274400,61,2022,Regular Season - 21,96,Toulouse,110,Estac Troyes,4,1,FT,M. Vernice,Stadium de Toulouse,Toulouse,2,1,H,5,3,2,2,0,21,96.0,13.0,48.0,WDDDD,110.0,19.0,24.0,DLDLL,1,4,0,7,0,2,3,2
871672,2023-02-01 18:00:00+00:00,1675274400,61,2022,Regular Season - 21,93,Reims,97,Lorient,4,2,FT,F. Batta,Stade Auguste-Delaune II,Reims,1,2,H,6,2,2,2,0,21,93.0,11.0,51.0,LLDLW,97.0,10.0,55.0,WLLDW,1,1,3,4,2,1,2,7
871674,2023-02-01 18:00:00+00:00,1675274400,61,2022,Regular Season - 21,77,Angers,98,Ajaccio,1,2,FT,B. Dechepy,Stade Raymond-Kopa,Angers,1,0,A,3,-1,2,2,0,21,77.0,20.0,18.0,LWDLL,98.0,18.0,26.0,WLLLD,1,1,3,4,1,1,3,4
871675,2023-02-01 18:00:00+00:00,1675274400,61,2022,Regular Season - 21,79,Lille,99,Clermont Foot,0,0,FT,J. Stinat,Decathlon Arena – Stade Pierre-Mauroy,Villeneuve d'Ascq,0,0,D,0,0,2,2,0,21,79.0,5.0,67.0,DWWDL,99.0,8.0,59.0,WWLWD,2,2,1,8,3,1,1,10
871670,2023-02-01 18:00:00+00:00,1675274400,61,2022,Regular Season - 21,83,Nantes,81,Marseille,0,2,FT,W. Delajod,Stade de la Beaujoire - Louis Fonteneau,Nantes,0,0,A,2,-2,2,2,0,21,83.0,16.0,36.0,WLLDL,81.0,3.0,73.0,LLLWL,1,1,3,4,1,0,4,3
871671,2023-02-01 20:00:00+00:00,1675281600,61,2022,Regular Season - 21,80,Lyon,106,Stade Brestois 29,0,0,FT,R. Buquet,Groupama Stadium,Décines-Charpieu,0,0,D,0,0,2,2,0,21,80.0,7.0,62.0,LWWLW,106.0,14.0,44.0,LWWWL,3,0,2,9,3,0,2,9
871676,2023-02-01 20:00:00+00:00,1675281600,61,2022,Regular Season - 21,82,Montpellier,85,Paris Saint Germain,1,3,FT,J. Pignard,Stade de la Mosson,Montpellier,0,0,A,4,-2,2,2,0,21,82.0,12.0,50.0,WLWDL,85.0,1.0,85.0,LDWWW,2,1,2,7,3,1,1,10
871673,2023-02-01 20:00:00+00:00,1675281600,61,2022,Regular Season - 21,91,Monaco,108,Auxerre,3,2,FT,E. Wattellier,Stade Louis II,Monaco,2,0,H,5,1,2,2,0,21,91.0,6.0,65.0,LLLDW,108.0,17.0,35.0,LDLLD,1,1,3,4,0,2,3,2
871678,2023-02-01 20:00:00+00:00,1675281600,61,2022,Regular Season - 21,94,Rennes,95,Strasbourg,3,0,FT,M. Bollengier,Roazhon Park,Rennes,2,0,H,3,3,2,2,0,21,94.0,4.0,68.0,WWWWL,95.0,15.0,40.0,LDDWW,4,0,1,12,2,2,1,8
871677,2023-02-01 20:00:00+00:00,1675281600,61,2022,Regular Season - 21,116,Lens,84,Nice,0,1,FT,T. Léonard,Stade Bollaert-Delelis,Lens,0,0,A,1,-1,2,2,0,21,116.0,2.0,84.0,WWWWW,84.0,9.0,58.0,WWDLW,5,0,0,15,3,1,1,10
871685,2023-02-04 16:00:00+00:00,1675526400,61,2022,Regular Season - 22,85,Paris Saint Germain,96,Toulouse,2,1,FT,B. Dechepy,Parc des Princes,Paris,1,1,H,3,1,2,5,1,22,85.0,1.0,85.0,LDWWW,96.0,13.0,48.0,WDDDD,3,1,1,10,1,4,0,7
871689,2023-02-04 18:00:00+00:00,1675533600,61,2022,Regular Season - 22,110,Estac Troyes,80,Lyon,1,3,FT,F. Letexier,Stade de l'Aube,Troyes,0,1,A,4,-2,2,5,1,22,110.0,19.0,24.0,DLDLL,80.0,7.0,62.0,LWWLW,0,2,3,2,3,0,2,9
871688,2023-02-04 20:00:00+00:00,1675540800,61,2022,Regular Season - 22,94,Rennes,79,Lille,1,3,FT,F. Batta,Roazhon Park,Rennes,1,0,A,4,-2,2,5,1,22,94.0,4.0,68.0,WWWWL,79.0,5.0,67.0,DWWDL,4,0,1,12,2,2,1,8
871682,2023-02-05 12:00:00+00:00,1675598400,61,2022,Regular Season - 22,99,Clermont Foot,91,Monaco,0,2,FT,M. Bollengier,Stade Gabriel Montpied,Clermont-Ferrand,0,2,A,2,-2,2,6,1,22,99.0,8.0,59.0,WWLWD,91.0,6.0,65.0,LLLDW,3,1,1,10,1,1,3,4
871686,2023-02-05 14:00:00+00:00,1675605600,61,2022,Regular Season - 22,95,Strasbourg,82,Montpellier,2,0,FT,S. Frappart,Stade de la Meinau,Strasbourg,2,0,H,2,2,2,6,1,22,95.0,15.0,40.0,LDDWW,82.0,12.0,50.0,WLWDL,2,2,1,8,2,1,2,7
871683,2023-02-05 14:00:00+00:00,1675605600,61,2022,Regular Season - 22,97,Lorient,77,Angers,0,0,FT,W. Delajod,Stade Yves Allainmat - Le Moustoir,Lorient,0,0,D,0,0,2,6,1,22,97.0,10.0,55.0,WLLDW,77.0,20.0,18.0,LWDLL,2,1,2,7,1,1,3,4
871680,2023-02-05 14:00:00+00:00,1675605600,61,2022,Regular Season - 22,98,Ajaccio,83,Nantes,0,2,FT,R. Buquet,Stade François Coty,Ajaccio,0,0,A,2,-2,2,6,1,22,98.0,18.0,26.0,WLLLD,83.0,16.0,36.0,WLLDL,1,1,3,4,1,1,3,4
871681,2023-02-05 14:00:00+00:00,1675605600,61,2022,Regular Season - 22,108,Auxerre,93,Reims,0,0,FT,P. Gaillouste,Stade de l'Abbé Deschamps,Auxerre,0,0,D,0,0,2,6,1,22,108.0,17.0,35.0,LDLLD,93.0,11.0,51.0,LLDLW,0,2,3,2,1,1,3,4
871687,2023-02-05 16:05:00+00:00,1675613100,61,2022,Regular Season - 22,106,Stade Brestois 29,116,Lens,1,1,FT,B. Bastien,Stade Francis-Le Blé,Brest,0,0,D,2,0,2,6,1,22,106.0,14.0,44.0,LWWWL,116.0,2.0,84.0,WWWWW,3,0,2,9,5,0,0,15
871684,2023-02-05 19:45:00+00:00,1675626300,61,2022,Regular Season - 22,81,Marseille,84,Nice,1,3,FT,C. Turpin,Stade Orange Vélodrome,Marseille,0,2,A,4,-2,2,6,1,22,81.0,3.0,73.0,LLLWL,84.0,9.0,58.0,WWDLW,1,0,4,3,3,1,1,10
871696,2023-02-10 20:00:00+00:00,1676059200,61,2022,Regular Season - 23,84,Nice,98,Ajaccio,3,0,FT,S. Frappart,Allianz Riviera,Nice,1,0,H,3,3,2,4,0,23,84.0,9.0,58.0,WWDLW,98.0,18.0,26.0,WLLLD,3,1,1,10,1,1,3,4
871690,2023-02-11 16:00:00+00:00,1676131200,61,2022,Regular Season - 23,91,Monaco,85,Paris Saint Germain,3,1,FT,C. Turpin,Stade Louis II,Monaco,3,1,H,4,2,2,5,1,23,91.0,6.0,65.0,LLLDW,85.0,1.0,85.0,LDWWW,1,1,3,4,3,1,1,10
871692,2023-02-11 20:00:00+00:00,1676145600,61,2022,Regular Season - 23,99,Clermont Foot,81,Marseille,0,2,FT,R. Buquet,Stade Gabriel Montpied,Clermont-Ferrand,0,1,A,2,-2,2,5,1,23,99.0,8.0,59.0,WWLWD,81.0,3.0,73.0,LLLWL,3,1,1,10,1,0,4,3
871699,2023-02-12 12:00:00+00:00,1676203200,61,2022,Regular Season - 23,96,Toulouse,94,Rennes,3,1,FT,J. Stinat,Stadium de Toulouse,Toulouse,3,0,H,4,2,2,6,1,23,96.0,13.0,48.0,WDDDD,94.0,4.0,68.0,WWWWL,1,4,0,7,4,0,1,12
871691,2023-02-12 14:00:00+00:00,1676210400,61,2022,Regular Season - 23,77,Angers,108,Auxerre,1,1,FT,T. Léonard,Stade Raymond-Kopa,Angers,1,1,D,2,0,2,6,1,23,77.0,20.0,18.0,LWDLL,108.0,17.0,35.0,LDLLD,1,1,3,4,0,2,3,2
871694,2023-02-12 14:00:00+00:00,1676210400,61,2022,Regular Season - 23,79,Lille,95,Strasbourg,2,0,FT,H. Ben El Hadj,Decathlon Arena – Stade Pierre-Mauroy,Villeneuve d'Ascq,2,0,H,2,2,2,6,1,23,79.0,5.0,67.0,DWWDL,95.0,15.0,40.0,LDDWW,2,2,1,8,2,2,1,8
871695,2023-02-12 14:00:00+00:00,1676210400,61,2022,Regular Season - 23,82,Montpellier,106,Stade Brestois 29,3,0,FT,F. Batta,Stade de la Mosson,Montpellier,2,0,H,3,3,2,6,1,23,82.0,12.0,50.0,WLWDL,106.0,14.0,44.0,LWWWL,2,1,2,7,3,0,2,9
871698,2023-02-12 14:00:00+00:00,1676210400,61,2022,Regular Season - 23,93,Reims,110,Estac Troyes,4,0,FT,J. Pignard,Stade Auguste-Delaune II,Reims,2,0,H,4,4,2,6,1,23,93.0,11.0,51.0,LLDLW,110.0,19.0,24.0,DLDLL,1,1,3,4,0,2,3,2
871693,2023-02-12 16:05:00+00:00,1676217900,61,2022,Regular Season - 23,83,Nantes,97,Lorient,1,0,FT,M. Vernice,Stade de la Beaujoire - Louis Fonteneau,Nantes,0,0,H,1,1,2,6,1,23,83.0,16.0,36.0,WLLDL,97.0,10.0,55.0,WLLDW,1,1,3,4,2,1,2,7
871697,2023-02-12 19:45:00+00:00,1676231100,61,2022,Regular Season - 23,80,Lyon,116,Lens,2,1,FT,E. Wattellier,Groupama Stadium,Décines-Charpieu,1,1,H,3,1,2,6,1,23,80.0,7.0,62.0,LWWLW,116.0,2.0,84.0,WWWWW,3,0,2,9,5,0,0,15
871700,2023-02-17 20:00:00+00:00,1676664000,61,2022,Regular Season - 24,108,Auxerre,80,Lyon,2,1,FT,J. Brisard,Stade de l'Abbé Deschamps,Auxerre,0,1,H,3,1,2,4,0,24,108.0,17.0,35.0,LDLLD,80.0,7.0,62.0,LWWLW,0,2,3,2,3,0,2,9
871702,2023-02-18 16:00:00+00:00,1676736000,61,2022,Regular Season - 24,84,Nice,93,Reims,0,0,FT,M. Bollengier,Allianz Riviera,Nice,0,0,D,0,0,2,5,1,24,84.0,9.0,58.0,WWDLW,93.0,11.0,51.0,LLDLW,3,1,1,10,1,1,3,4
871705,2023-02-18 20:00:00+00:00,1676750400,61,2022,Regular Season - 24,95,Strasbourg,77,Angers,2,1,FT,F. Letexier,Stade de la Meinau,Strasbourg,2,0,H,3,1,2,5,1,24,95.0,15.0,40.0,LDDWW,77.0,20.0,18.0,LWDLL,2,2,1,8,1,1,3,4
871703,2023-02-19 12:00:00+00:00,1676808000,61,2022,Regular Season - 24,85,Paris Saint Germain,79,Lille,4,3,FT,W. Delajod,Parc des Princes,Paris,2,1,H,7,1,2,6,1,24,85.0,1.0,85.0,LDWWW,79.0,5.0,67.0,DWWDL,3,1,1,10,2,2,1,8
871706,2023-02-19 14:00:00+00:00,1676815200,61,2022,Regular Season - 24,106,Stade Brestois 29,91,Monaco,1,2,FT,H. Ben El Hadj,Stade Francis-Le Blé,Brest,0,1,A,3,-1,2,6,1,24,106.0,14.0,44.0,LWWWL,91.0,6.0,65.0,LLLDW,3,0,2,9,1,1,3,4
871709,2023-02-19 14:00:00+00:00,1676815200,61,2022,Regular Season - 24,110,Estac Troyes,82,Montpellier,0,1,FT,B. Bastien,Stade de l'Aube,Troyes,0,0,A,1,-1,2,6,1,24,110.0,19.0,24.0,DLDLL,82.0,12.0,50.0,WLWDL,0,2,3,2,2,1,2,7
871707,2023-02-19 14:00:00+00:00,1676815200,61,2022,Regular Season - 24,94,Rennes,99,Clermont Foot,2,0,FT,B. Dechepy,Roazhon Park,Rennes,1,0,H,2,2,2,6,1,24,94.0,4.0,68.0,WWWWL,99.0,8.0,59.0,WWLWD,4,0,1,12,3,1,1,10
871701,2023-02-19 14:00:00+00:00,1676815200,61,2022,Regular Season - 24,97,Lorient,98,Ajaccio,3,0,FT,E. Wattellier,Stade Yves Allainmat - Le Moustoir,Lorient,2,0,H,3,3,2,6,1,24,97.0,10.0,55.0,WLLDW,98.0,18.0,26.0,WLLLD,2,1,2,7,1,1,3,4
871704,2023-02-19 16:05:00+00:00,1676822700,61,2022,Regular Season - 24,116,Lens,83,Nantes,3,1,FT,P. Gaillouste,Stade Bollaert-Delelis,Lens,2,1,H,4,2,2,6,1,24,116.0,2.0,84.0,WWWWW,83.0,16.0,36.0,WLLDL,5,0,0,15,1,1,3,4
871708,2023-02-19 19:45:00+00:00,1676835900,61,2022,Regular Season - 24,96,Toulouse,81,Marseille,2,3,FT,S. Frappart,Stadium de Toulouse,Toulouse,1,0,A,5,-1,2,6,1,24,96.0,13.0,48.0,WDDDD,81.0,3.0,73.0,LLLWL,1,4,0,7,1,0,4,3
871716,2023-02-24 20:00:00+00:00,1677268800,61,2022,Regular Season - 25,79,Lille,106,Stade Brestois 29,2,1,FT,P. Gaillouste,Decathlon Arena – Stade Pierre-Mauroy,Villeneuve d'Ascq,0,1,H,3,1,2,4,0,25,79.0,5.0,67.0,DWWDL,106.0,14.0,44.0,LWWWL,2,2,1,8,3,0,2,9
871712,2023-02-25 16:00:00+00:00,1677340800,61,2022,Regular Season - 25,77,Angers,80,Lyon,1,3,FT,F. Batta,Stade Raymond-Kopa,Angers,0,1,A,4,-2,2,5,1,25,77.0,20.0,18.0,LWDLL,80.0,7.0,62.0,LWWLW,1,1,3,4,3,0,2,9
871717,2023-02-25 20:00:00+00:00,1677355200,61,2022,Regular Season - 25,82,Montpellier,116,Lens,1,1,FT,J. Brisard,Stade de la Mosson,Montpellier,0,1,D,2,0,2,5,1,25,82.0,12.0,50.0,WLWDL,116.0,2.0,84.0,WWWWW,2,1,2,7,5,0,0,15
871714,2023-02-26 12:00:00+00:00,1677412800,61,2022,Regular Season - 25,97,Lorient,108,Auxerre,0,1,FT,B. Millot,Stade Yves Allainmat - Le Moustoir,Lorient,0,0,A,1,-1,2,6,1,25,97.0,10.0,55.0,WLLDW,108.0,17.0,35.0,LDLLD,2,1,2,7,0,2,3,2
871710,2023-02-26 14:00:00+00:00,1677420000,61,2022,Regular Season - 25,98,Ajaccio,110,Estac Troyes,2,1,FT,M. Bollengier,Stade François Coty,Ajaccio,0,1,H,3,1,2,6,1,25,98.0,18.0,26.0,WLLLD,110.0,19.0,24.0,DLDLL,1,1,3,4,0,2,3,2
871713,2023-02-26 14:00:00+00:00,1677420000,61,2022,Regular Season - 25,99,Clermont Foot,95,Strasbourg,1,1,FT,W. Delajod,Stade Gabriel Montpied,Clermont-Ferrand,0,1,D,2,0,2,6,1,25,99.0,8.0,59.0,WWLWD,95.0,15.0,40.0,LDDWW,3,1,1,10,2,2,1,8
871715,2023-02-26 14:00:00+00:00,1677420000,61,2022,Regular Season - 25,83,Nantes,94,Rennes,0,1,FT,J. Pignard,Stade de la Beaujoire - Louis Fonteneau,Nantes,0,1,A,1,-1,2,6,1,25,83.0,16.0,36.0,WLLDL,94.0,4.0,68.0,WWWWL,1,1,3,4,4,0,1,12
871719,2023-02-26 14:00:00+00:00,1677420000,61,2022,Regular Season - 25,93,Reims,96,Toulouse,3,0,FT,M. Vernice,Stade Auguste-Delaune II,Reims,2,0,H,3,3,2,6,1,25,93.0,11.0,51.0,LLDLW,96.0,13.0,48.0,WDDDD,1,1,3,4,1,4,0,7
871711,2023-02-26 16:05:00+00:00,1677427500,61,2022,Regular Season - 25,91,Monaco,84,Nice,0,3,FT,B. Bastien,Stade Louis II,Monaco,0,3,A,3,-3,2,6,1,25,91.0,6.0,65.0,LLLDW,84.0,9.0,58.0,WWDLW,1,1,3,4,3,1,1,10
871718,2023-02-26 19:45:00+00:00,1677440700,61,2022,Regular Season - 25,81,Marseille,85,Paris Saint Germain,0,3,FT,C. Turpin,Stade Orange Vélodrome,Marseille,0,2,A,3,-3,2,6,1,25,81.0,3.0,73.0,LLLWL,85.0,1.0,85.0,LDWWW,1,0,4,3,3,1,1,10
871721,2023-03-03 20:00:00+00:00,1677873600,61,2022,Regular Season - 26,84,Nice,108,Auxerre,1,1,FT,B. Dechepy,Allianz Riviera,Nice,1,1,D,2,0,3,4,0,26,84.0,9.0,58.0,WWDLW,108.0,17.0,35.0,LDLLD,3,1,1,10,0,2,3,2
871724,2023-03-04 16:00:00+00:00,1677945600,61,2022,Regular Season - 26,116,Lens,79,Lille,1,1,FT,F. Letexier,Stade Bollaert-Delelis,Lens,1,0,D,2,0,3,5,1,26,116.0,2.0,84.0,WWWWW,79.0,5.0,67.0,DWWDL,5,0,0,15,2,2,1,8
871723,2023-03-04 20:00:00+00:00,1677960000,61,2022,Regular Season - 26,85,Paris Saint Germain,83,Nantes,4,2,FT,J. Stinat,Parc des Princes,Paris,2,2,H,6,2,3,5,1,26,85.0,1.0,85.0,LDWWW,83.0,16.0,36.0,WLLDL,3,1,1,10,1,1,3,4
871729,2023-03-05 12:00:00+00:00,1678017600,61,2022,Regular Season - 26,110,Estac Troyes,91,Monaco,2,2,FT,S. Frappart,Stade de l'Aube,Troyes,1,0,D,4,0,3,6,1,26,110.0,19.0,24.0,DLDLL,91.0,6.0,65.0,LLLDW,0,2,3,2,1,1,3,4
871720,2023-03-05 14:00:00+00:00,1678024800,61,2022,Regular Season - 26,82,Montpellier,77,Angers,5,0,FT,B. Millot,Stade de la Mosson,Montpellier,3,0,H,5,5,3,6,1,26,82.0,12.0,50.0,WLWDL,77.0,20.0,18.0,LWDLL,2,1,2,7,1,1,3,4
871727,2023-03-05 14:00:00+00:00,1678024800,61,2022,Regular Season - 26,93,Reims,98,Ajaccio,1,0,FT,P. Gaillouste,Stade Auguste-Delaune II,Reims,0,0,H,1,1,3,6,1,26,93.0,11.0,51.0,LLDLW,98.0,18.0,26.0,WLLLD,1,1,3,4,1,1,3,4
871725,2023-03-05 14:00:00+00:00,1678024800,61,2022,Regular Season - 26,95,Strasbourg,106,Stade Brestois 29,0,1,FT,R. Buquet,Stade de la Meinau,Strasbourg,0,1,A,1,-1,3,6,1,26,95.0,15.0,40.0,LDDWW,106.0,14.0,44.0,LWWWL,2,2,1,8,3,0,2,9
871728,2023-03-05 14:00:00+00:00,1678024800,61,2022,Regular Season - 26,96,Toulouse,99,Clermont Foot,0,1,FT,F. Batta,Stadium de Toulouse,Toulouse,0,0,A,1,-1,3,6,1,26,96.0,13.0,48.0,WDDDD,99.0,8.0,59.0,WWLWD,1,4,0,7,3,1,1,10
871722,2023-03-05 16:05:00+00:00,1678032300,61,2022,Regular Season - 26,80,Lyon,97,Lorient,0,0,FT,T. Léonard,Groupama Stadium,Décines-Charpieu,0,0,D,0,0,3,6,1,26,80.0,7.0,62.0,LWWLW,97.0,10.0,55.0,WLLDW,3,0,2,9,2,1,2,7
871726,2023-03-05 19:45:00+00:00,1678045500,61,2022,Regular Season - 26,94,Rennes,81,Marseille,0,1,FT,E. Wattellier,Roazhon Park,Rennes,0,0,A,1,-1,3,6,1,26,94.0,4.0,68.0,WWWWL,81.0,3.0,73.0,LLLWL,4,0,1,12,1,0,4,3
871737,2023-03-10 20:00:00+00:00,1678478400,61,2022,Regular Season - 27,79,Lille,80,Lyon,3,3,FT,B. Bastien,Decathlon Arena – Stade Pierre-Mauroy,Villeneuve d'Ascq,0,0,D,6,0,3,4,0,27,79.0,5.0,67.0,DWWDL,80.0,7.0,62.0,LWWLW,2,2,1,8,3,0,2,9
871731,2023-03-11 16:00:00+00:00,1678550400,61,2022,Regular Season - 27,108,Auxerre,94,Rennes,0,0,FT,M. Vernice,Stade de l'Abbé Deschamps,Auxerre,0,0,D,0,0,3,5,1,27,108.0,17.0,35.0,LDLLD,94.0,4.0,68.0,WWWWL,0,2,3,2,4,0,1,12
871739,2023-03-11 20:00:00+00:00,1678564800,61,2022,Regular Season - 27,106,Stade Brestois 29,85,Paris Saint Germain,1,2,FT,M. Bollengier,Stade Francis-Le Blé,Brest,1,1,A,3,-1,3,5,1,27,106.0,14.0,44.0,LWWWL,85.0,1.0,85.0,LDWWW,3,0,2,9,3,1,1,10
871734,2023-03-12 12:00:00+00:00,1678622400,61,2022,Regular Season - 27,99,Clermont Foot,116,Lens,0,4,FT,J. Stinat,Stade Gabriel Montpied,Clermont-Ferrand,0,3,A,4,-4,3,6,1,27,99.0,8.0,59.0,WWLWD,116.0,2.0,84.0,WWWWW,3,1,1,10,5,0,0,15
871733,2023-03-12 14:00:00+00:00,1678629600,61,2022,Regular Season - 27,77,Angers,96,Toulouse,0,2,FT,P. Gaillouste,Stade Raymond-Kopa,Angers,0,1,A,2,-2,3,6,1,27,77.0,20.0,18.0,LWDLL,96.0,13.0,48.0,WDDDD,1,1,3,4,1,4,0,7
871736,2023-03-12 14:00:00+00:00,1678629600,61,2022,Regular Season - 27,83,Nantes,84,Nice,2,2,FT,W. Delajod,Stade de la Beaujoire - Louis Fonteneau,Nantes,1,1,D,4,0,3,6,1,27,83.0,16.0,36.0,WLLDL,84.0,9.0,58.0,WWDLW,1,1,3,4,3,1,1,10
871735,2023-03-12 14:00:00+00:00,1678629600,61,2022,Regular Season - 27,97,Lorient,110,Estac Troyes,2,0,FT,C. Turpin,Stade Yves Allainmat - Le Moustoir,Lorient,1,0,H,2,2,3,6,1,27,97.0,10.0,55.0,WLLDW,110.0,19.0,24.0,DLDLL,2,1,2,7,0,2,3,2
871730,2023-03-12 14:00:00+00:00,1678629600,61,2022,Regular Season - 27,98,Ajaccio,82,Montpellier,0,1,FT,H. Ben El Hadj,Stade François Coty,Ajaccio,0,0,A,1,-1,3,6,1,27,98.0,18.0,26.0,WLLLD,82.0,12.0,50.0,WLWDL,1,1,3,4,2,1,2,7
871732,2023-03-12 16:05:00+00:00,1678637100,61,2022,Regular Season - 27,91,Monaco,93,Reims,0,1,FT,T. Léonard,Stade Louis II,Monaco,0,0,A,1,-1,3,6,1,27,91.0,6.0,65.0,LLLDW,93.0,11.0,51.0,LLDLW,1,1,3,4,1,1,3,4
871738,2023-03-12 19:45:00+00:00,1678650300,61,2022,Regular Season - 27,81,Marseille,95,Strasbourg,2,2,FT,J. Pignard,Stade Orange Vélodrome,Marseille,0,0,D,4,0,3,6,1,27,81.0,3.0,73.0,LLLWL,95.0,15.0,40.0,LDDWW,1,0,4,3,2,2,1,8
871743,2023-03-17 20:00:00+00:00,1679083200,61,2022,Regular Season - 28,80,Lyon,83,Nantes,1,1,FT,B. Millot,Groupama Stadium,Décines-Charpieu,1,1,D,2,0,3,4,0,28,80.0,7.0,62.0,LWWLW,83.0,16.0,36.0,WLLDL,3,0,2,9,1,1,3,4
871748,2023-03-18 16:00:00+00:00,1679155200,61,2022,Regular Season - 28,96,Toulouse,79,Lille,0,2,FT,H. Ben El Hadj,Stadium de Toulouse,Toulouse,0,0,A,2,-2,3,5,1,28,96.0,13.0,48.0,WDDDD,79.0,5.0,67.0,DWWDL,1,4,0,7,2,2,1,8
871745,2023-03-18 20:00:00+00:00,1679169600,61,2022,Regular Season - 28,116,Lens,77,Angers,3,0,FT,B. Dechepy,Stade Bollaert-Delelis,Lens,2,0,H,3,3,3,5,1,28,116.0,2.0,84.0,WWWWW,77.0,20.0,18.0,LWDLL,5,0,0,15,1,1,3,4
871740,2023-03-19 12:00:00+00:00,1679227200,61,2022,Regular Season - 28,98,Ajaccio,91,Monaco,0,2,FT,J. Stinat,Stade François Coty,Ajaccio,0,1,A,2,-2,3,6,1,28,98.0,18.0,26.0,WLLLD,91.0,6.0,65.0,LLLDW,1,1,3,4,1,1,3,4
871741,2023-03-19 14:00:00+00:00,1679234400,61,2022,Regular Season - 28,82,Montpellier,99,Clermont Foot,2,1,FT,P. Gaillouste,Stade de la Mosson,Montpellier,0,1,H,3,1,3,6,1,28,82.0,12.0,50.0,WLWDL,99.0,8.0,59.0,WWLWD,2,1,2,7,3,1,1,10
871742,2023-03-19 14:00:00+00:00,1679234400,61,2022,Regular Season - 28,84,Nice,97,Lorient,1,1,FT,R. Buquet,Allianz Riviera,Nice,0,1,D,2,0,3,6,1,28,84.0,9.0,58.0,WWDLW,97.0,10.0,55.0,WLLDW,3,1,1,10,2,1,2,7
871746,2023-03-19 14:00:00+00:00,1679234400,61,2022,Regular Season - 28,95,Strasbourg,108,Auxerre,2,0,FT,E. Wattellier,Stade de la Meinau,Strasbourg,1,0,H,2,2,3,6,1,28,95.0,15.0,40.0,LDDWW,108.0,17.0,35.0,LDLLD,2,2,1,8,0,2,3,2
871749,2023-03-19 14:00:00+00:00,1679234400,61,2022,Regular Season - 28,110,Estac Troyes,106,Stade Brestois 29,2,2,FT,F. Batta,Stade de l'Aube,Troyes,2,1,D,4,0,3,6,1,28,110.0,19.0,24.0,DLDLL,106.0,14.0,44.0,LWWWL,0,2,3,2,3,0,2,9
871744,2023-03-19 16:05:00+00:00,1679241900,61,2022,Regular Season - 28,85,Paris Saint Germain,94,Rennes,0,2,FT,W. Delajod,Parc des Princes,Paris,0,1,A,2,-2,3,6,1,28,85.0,1.0,85.0,LDWWW,94.0,4.0,68.0,WWWWL,3,1,1,10,4,0,1,12
871747,2023-03-19 19:45:00+00:00,1679255100,61,2022,Regular Season - 28,93,Reims,81,Marseille,1,2,FT,F. Letexier,Stade Auguste-Delaune II,Reims,1,2,A,3,-1,3,6,1,28,93.0,11.0,51.0,LLDLW,81.0,3.0,73.0,LLLWL,1,1,3,4,1,0,4,3
871756,2023-03-31 19:00:00+00:00,1680289200,61,2022,Regular Season - 29,81,Marseille,82,Montpellier,1,1,FT,T. Léonard,Stade Orange Vélodrome,Marseille,1,1,D,2,0,3,4,0,29,81.0,3.0,73.0,LLLWL,82.0,12.0,50.0,WLWDL,1,0,4,3,2,1,2,7
871750,2023-04-01 15:00:00+00:00,1680361200,61,2022,Regular Season - 29,108,Auxerre,110,Estac Troyes,1,0,FT,J. Brisard,Stade de l'Abbé Deschamps,Auxerre,0,0,H,1,1,4,5,1,29,108.0,17.0,35.0,LDLLD,110.0,19.0,24.0,DLDLL,0,2,3,2,0,2,3,2
871759,2023-04-01 19:00:00+00:00,1680375600,61,2022,Regular Season - 29,94,Rennes,116,Lens,0,1,FT,C. Turpin,Roazhon Park,Rennes,0,1,A,1,-1,4,5,1,29,94.0,4.0,68.0,WWWWL,116.0,2.0,84.0,WWWWW,4,0,1,12,5,0,0,15
871755,2023-04-02 11:00:00+00:00,1680433200,61,2022,Regular Season - 29,79,Lille,97,Lorient,3,1,FT,J. Pignard,Decathlon Arena – Stade Pierre-Mauroy,Villeneuve d'Ascq,1,0,H,4,2,4,6,1,29,79.0,5.0,67.0,DWWDL,97.0,10.0,55.0,WLLDW,2,2,1,8,2,1,2,7
871758,2023-04-02 13:00:00+00:00,1680440400,61,2022,Regular Season - 29,106,Stade Brestois 29,96,Toulouse,3,1,FT,S. Frappart,Stade Francis-Le Blé,Brest,1,1,H,4,2,4,6,1,29,106.0,14.0,44.0,LWWWL,96.0,13.0,48.0,WDDDD,3,0,2,9,1,4,0,7
871753,2023-04-02 13:00:00+00:00,1680440400,61,2022,Regular Season - 29,99,Clermont Foot,98,Ajaccio,2,1,FT,M. Vernice,Stade Gabriel Montpied,Clermont-Ferrand,0,1,H,3,1,4,6,1,29,99.0,8.0,59.0,WWLWD,98.0,18.0,26.0,WLLLD,3,1,1,10,1,1,3,4
871752,2023-04-02 13:00:00+00:00,1680440400,61,2022,Regular Season - 29,77,Angers,84,Nice,1,1,FT,E. Wattellier,Stade Raymond-Kopa,Angers,1,1,D,2,0,4,6,1,29,77.0,20.0,18.0,LWDLL,84.0,9.0,58.0,WWDLW,1,1,3,4,3,1,1,10
871754,2023-04-02 13:00:00+00:00,1680440400,61,2022,Regular Season - 29,83,Nantes,93,Reims,0,3,FT,M. Bollengier,Stade de la Beaujoire - Louis Fonteneau,Nantes,0,2,A,3,-3,4,6,1,29,83.0,16.0,36.0,WLLDL,93.0,11.0,51.0,LLDLW,1,1,3,4,1,1,3,4
871751,2023-04-02 15:05:00+00:00,1680447900,61,2022,Regular Season - 29,91,Monaco,95,Strasbourg,4,3,FT,W. Delajod,Stade Louis II,Monaco,1,2,H,7,1,4,6,1,29,91.0,6.0,65.0,LLLDW,95.0,15.0,40.0,LDDWW,1,1,3,4,2,2,1,8
871757,2023-04-02 18:45:00+00:00,1680461100,61,2022,Regular Season - 29,85,Paris Saint Germain,80,Lyon,0,1,FT,F. Letexier,Parc des Princes,Paris,0,0,A,1,-1,4,6,1,29,85.0,1.0,85.0,LDWWW,80.0,7.0,62.0,LWWLW,3,1,1,10,3,0,2,9
871767,2023-04-07 19:00:00+00:00,1680894000,61,2022,Regular Season - 30,116,Lens,95,Strasbourg,2,1,FT,P. Gaillouste,Stade Bollaert-Delelis,Lens,1,0,H,3,1,4,4,0,30,116.0,2.0,84.0,WWWWW,95.0,15.0,40.0,LDDWW,5,0,0,15,2,2,1,8
871761,2023-04-08 15:00:00+00:00,1680966000,61,2022,Regular Season - 30,77,Angers,79,Lille,1,0,FT,M. Vernice,Stade Raymond-Kopa,Angers,0,0,H,1,1,4,5,1,30,77.0,20.0,18.0,LWDLL,79.0,5.0,67.0,DWWDL,1,1,3,4,2,2,1,8
871765,2023-04-08 19:00:00+00:00,1680980400,61,2022,Regular Season - 30,84,Nice,85,Paris Saint Germain,0,2,FT,J. Pignard,Allianz Riviera,Nice,0,1,A,2,-2,4,5,1,30,84.0,9.0,58.0,WWDLW,85.0,1.0,85.0,LDWWW,3,1,1,10,3,1,1,10
871766,2023-04-09 11:00:00+00:00,1681038000,61,2022,Regular Season - 30,80,Lyon,94,Rennes,3,1,FT,B. Bastien,Groupama Stadium,Décines-Charpieu,0,1,H,4,2,4,6,1,30,80.0,7.0,62.0,LWWLW,94.0,4.0,68.0,WWWWL,3,0,2,9,4,0,1,12
871760,2023-04-09 13:00:00+00:00,1681045200,61,2022,Regular Season - 30,98,Ajaccio,108,Auxerre,0,3,FT,B. Dechepy,Stade François Coty,Ajaccio,0,3,A,3,-3,4,6,1,30,98.0,18.0,26.0,WLLLD,108.0,17.0,35.0,LDLLD,1,1,3,4,0,2,3,2
871769,2023-04-09 13:00:00+00:00,1681045200,61,2022,Regular Season - 30,110,Estac Troyes,99,Clermont Foot,0,2,FT,J. Stinat,Stade de l'Aube,Troyes,0,2,A,2,-2,4,6,1,30,110.0,19.0,24.0,DLDLL,99.0,8.0,59.0,WWLWD,0,2,3,2,3,1,1,10
871764,2023-04-09 13:00:00+00:00,1681045200,61,2022,Regular Season - 30,82,Montpellier,96,Toulouse,1,2,FT,F. Batta,Stade de la Mosson,Montpellier,0,1,A,3,-1,4,6,1,30,82.0,12.0,50.0,WLWDL,96.0,13.0,48.0,WDDDD,2,1,2,7,1,4,0,7
871768,2023-04-09 13:00:00+00:00,1681045200,61,2022,Regular Season - 30,93,Reims,106,Stade Brestois 29,1,1,FT,B. Millot,Stade Auguste-Delaune II,Reims,0,1,D,2,0,4,6,1,30,93.0,11.0,51.0,LLDLW,106.0,14.0,44.0,LWWWL,1,1,3,4,3,0,2,9
871763,2023-04-09 15:05:00+00:00,1681052700,61,2022,Regular Season - 30,83,Nantes,91,Monaco,2,2,FT,C. Turpin,Stade de la Beaujoire - Louis Fonteneau,Nantes,0,2,D,4,0,4,6,1,30,83.0,16.0,36.0,WLLDL,91.0,6.0,65.0,LLLDW,1,1,3,4,1,1,3,4
871762,2023-04-09 18:45:00+00:00,1681065900,61,2022,Regular Season - 30,97,Lorient,81,Marseille,0,0,FT,W. Delajod,Stade Yves Allainmat - Le Moustoir,Lorient,0,0,D,0,0,4,6,1,30,97.0,10.0,55.0,WLLDW,81.0,3.0,73.0,LLLWL,2,1,2,7,1,0,4,3
871779,2023-04-14 19:00:00+00:00,1681498800,61,2022,Regular Season - 31,96,Toulouse,80,Lyon,1,2,FT,F. Letexier,Stadium de Toulouse,Toulouse,1,1,A,3,-1,4,4,0,31,96.0,13.0,48.0,WDDDD,80.0,7.0,62.0,LWWLW,1,4,0,7,3,0,2,9
871778,2023-04-15 15:00:00+00:00,1681570800,61,2022,Regular Season - 31,94,Rennes,93,Reims,3,0,FT,J. Stinat,Roazhon Park,Rennes,2,0,H,3,3,4,5,1,31,94.0,4.0,68.0,WWWWL,93.0,11.0,51.0,LLDLW,4,0,1,12,1,1,3,4
871775,2023-04-15 19:00:00+00:00,1681585200,61,2022,Regular Season - 31,85,Paris Saint Germain,116,Lens,3,1,FT,W. Delajod,Parc des Princes,Paris,3,0,H,4,2,4,5,1,31,85.0,1.0,85.0,LDWWW,116.0,2.0,84.0,WWWWW,3,1,1,10,5,0,0,15
871773,2023-04-16 11:00:00+00:00,1681642800,61,2022,Regular Season - 31,79,Lille,82,Montpellier,2,1,FT,J. Brisard,Decathlon Arena – Stade Pierre-Mauroy,Villeneuve d'Ascq,0,1,H,3,1,4,6,1,31,79.0,5.0,67.0,DWWDL,82.0,12.0,50.0,WLWDL,2,2,1,8,2,1,2,7
871770,2023-04-16 13:00:00+00:00,1681650000,61,2022,Regular Season - 31,108,Auxerre,83,Nantes,2,1,FT,E. Wattellier,Stade de l'Abbé Deschamps,Auxerre,2,0,H,3,1,4,6,1,31,108.0,17.0,35.0,LDLLD,83.0,16.0,36.0,WLLDL,0,2,3,2,1,1,3,4
871776,2023-04-16 13:00:00+00:00,1681650000,61,2022,Regular Season - 31,95,Strasbourg,98,Ajaccio,3,1,FT,S. Frappart,Stade de la Meinau,Strasbourg,1,0,H,4,2,4,6,1,31,95.0,15.0,40.0,LDDWW,98.0,18.0,26.0,WLLLD,2,2,1,8,1,1,3,4
871772,2023-04-16 13:00:00+00:00,1681650000,61,2022,Regular Season - 31,99,Clermont Foot,77,Angers,2,1,FT,T. Léonard,Stade Gabriel Montpied,Clermont-Ferrand,2,1,H,3,1,4,6,1,31,99.0,8.0,59.0,WWLWD,77.0,20.0,18.0,LWDLL,3,1,1,10,1,1,3,4
871777,2023-04-16 13:00:00+00:00,1681650000,61,2022,Regular Season - 31,106,Stade Brestois 29,84,Nice,1,0,FT,B. Bastien,Stade Francis-Le Blé,Brest,1,0,H,1,1,4,6,1,31,106.0,14.0,44.0,LWWWL,84.0,9.0,58.0,WWDLW,3,0,2,9,3,1,1,10
871771,2023-04-16 15:05:00+00:00,1681657500,61,2022,Regular Season - 31,91,Monaco,97,Lorient,3,1,FT,B. Dechepy,Stade Louis II,Monaco,2,0,H,4,2,4,6,1,31,91.0,6.0,65.0,LLLDW,97.0,10.0,55.0,WLLDW,1,1,3,4,2,1,2,7
871774,2023-04-16 18:45:00+00:00,1681670700,61,2022,Regular Season - 31,81,Marseille,110,Estac Troyes,3,1,FT,B. Millot,Stade Orange Vélodrome,Marseille,2,0,H,4,2,4,6,1,31,81.0,3.0,73.0,LLLWL,110.0,19.0,24.0,DLDLL,1,0,4,3,0,2,3,2
871782,2023-04-21 19:00:00+00:00,1682103600,61,2022,Regular Season - 32,77,Angers,85,Paris Saint Germain,1,2,FT,E. Wattellier,Stade Raymond-Kopa,Angers,0,2,A,3,-1,4,4,0,32,77.0,20.0,18.0,LWDLL,85.0,1.0,85.0,LDWWW,1,1,3,4,3,1,1,10
871781,2023-04-22 15:00:00+00:00,1682175600,61,2022,Regular Season - 32,108,Auxerre,79,Lille,1,1,FT,S. Frappart,Stade de l'Abbé Deschamps,Auxerre,0,1,D,2,0,4,5,1,32,108.0,17.0,35.0,LDLLD,79.0,5.0,67.0,DWWDL,0,2,3,2,2,2,1,8
871788,2023-04-22 19:00:00+00:00,1682190000,61,2022,Regular Season - 32,116,Lens,91,Monaco,3,0,FT,F. Letexier,Stade Bollaert-Delelis,Lens,2,0,H,3,3,4,5,1,32,116.0,2.0,84.0,WWWWW,91.0,6.0,65.0,LLLDW,5,0,0,15,1,1,3,4
871789,2023-04-23 11:00:00+00:00,1682247600,61,2022,Regular Season - 32,93,Reims,95,Strasbourg,0,2,FT,C. Turpin,Stade Auguste-Delaune II,Reims,0,2,A,2,-2,4,6,1,32,93.0,11.0,51.0,LLDLW,95.0,15.0,40.0,LDDWW,1,1,3,4,2,2,1,8
871784,2023-04-23 13:00:00+00:00,1682254800,61,2022,Regular Season - 32,83,Nantes,110,Estac Troyes,2,2,FT,J. Pignard,Stade de la Beaujoire - Louis Fonteneau,Nantes,1,0,D,4,0,4,6,1,32,83.0,16.0,36.0,WLLDL,110.0,19.0,24.0,DLDLL,1,1,3,4,0,2,3,2
871786,2023-04-23 13:00:00+00:00,1682254800,61,2022,Regular Season - 32,84,Nice,99,Clermont Foot,1,2,FT,B. Millot,Allianz Riviera,Nice,1,1,A,3,-1,4,6,1,32,84.0,9.0,58.0,WWDLW,99.0,8.0,59.0,WWLWD,3,1,1,10,3,1,1,10
871783,2023-04-23 13:00:00+00:00,1682254800,61,2022,Regular Season - 32,97,Lorient,96,Toulouse,0,1,FT,M. Bollengier,Stade Yves Allainmat - Le Moustoir,Lorient,0,0,A,1,-1,4,6,1,32,97.0,10.0,55.0,WLLDW,96.0,13.0,48.0,WDDDD,2,1,2,7,1,4,0,7
871780,2023-04-23 13:00:00+00:00,1682254800,61,2022,Regular Season - 32,98,Ajaccio,106,Stade Brestois 29,0,0,FT,J. Stinat,Stade François Coty,Ajaccio,0,0,D,0,0,4,6,1,32,98.0,18.0,26.0,WLLLD,106.0,14.0,44.0,LWWWL,1,1,3,4,3,0,2,9
871785,2023-04-23 15:05:00+00:00,1682262300,61,2022,Regular Season - 32,82,Montpellier,94,Rennes,1,0,FT,R. Buquet,Stade de la Mosson,Montpellier,0,0,H,1,1,4,6,1,32,82.0,12.0,50.0,WLWDL,94.0,4.0,68.0,WWWWL,2,1,2,7,4,0,1,12
871787,2023-04-23 18:45:00+00:00,1682275500,61,2022,Regular Season - 32,80,Lyon,81,Marseille,1,2,FT,J. Brisard,Groupama Stadium,Décines-Charpieu,0,1,A,3,-1,4,6,1,32,80.0,7.0,62.0,LWWLW,81.0,3.0,73.0,LLLWL,3,0,2,9,1,0,4,3
871795,2023-04-28 19:00:00+00:00,1682708400,61,2022,Regular Season - 33,95,Strasbourg,80,Lyon,1,2,FT,R. Buquet,Stade de la Meinau,Strasbourg,1,2,A,3,-1,4,4,0,33,95.0,15.0,40.0,LDDWW,80.0,7.0,62.0,LWWLW,2,2,1,8,3,0,2,9
871792,2023-04-29 15:00:00+00:00,1682780400,61,2022,Regular Season - 33,79,Lille,98,Ajaccio,3,0,FT,F. Letexier,Decathlon Arena – Stade Pierre-Mauroy,Villeneuve d'Ascq,3,0,H,3,3,4,5,1,33,79.0,5.0,67.0,DWWDL,98.0,18.0,26.0,WLLLD,2,2,1,8,1,1,3,4
871790,2023-04-30 11:00:00+00:00,1682852400,61,2022,Regular Season - 33,91,Monaco,82,Montpellier,0,4,FT,M. Bollengier,Stade Louis II,Monaco,0,1,A,4,-4,4,6,1,33,91.0,6.0,65.0,LLLDW,82.0,12.0,50.0,WLWDL,1,1,3,4,2,1,2,7
871797,2023-04-30 13:00:00+00:00,1682859600,61,2022,Regular Season - 33,94,Rennes,77,Angers,4,2,FT,F. Batta,Roazhon Park,Rennes,2,2,H,6,2,4,6,1,33,94.0,4.0,68.0,WWWWL,77.0,20.0,18.0,LWDLL,4,0,1,12,1,1,3,4
871791,2023-04-30 13:00:00+00:00,1682859600,61,2022,Regular Season - 33,99,Clermont Foot,93,Reims,1,0,FT,S. Frappart,Stade Gabriel Montpied,Clermont-Ferrand,1,0,H,1,1,4,6,1,33,99.0,8.0,59.0,WWLWD,93.0,11.0,51.0,LLDLW,3,1,1,10,1,1,3,4
871799,2023-04-30 13:00:00+00:00,1682859600,61,2022,Regular Season - 33,110,Estac Troyes,84,Nice,0,1,FT,E. Wattellier,Stade de l'Aube,Troyes,0,1,A,1,-1,4,6,1,33,110.0,19.0,24.0,DLDLL,84.0,9.0,58.0,WWDLW,0,2,3,2,3,1,1,10
871794,2023-04-30 15:05:00+00:00,1682867100,61,2022,Regular Season - 33,85,Paris Saint Germain,97,Lorient,1,3,FT,J. Brisard,Parc des Princes,Paris,1,2,A,4,-2,4,6,1,33,85.0,1.0,85.0,LDWWW,97.0,10.0,55.0,WLLDW,3,1,1,10,2,1,2,7
871793,2023-04-30 18:45:00+00:00,1682880300,61,2022,Regular Season - 33,81,Marseille,108,Auxerre,2,1,FT,J. Pignard,Stade Orange Vélodrome,Marseille,0,1,H,3,1,4,6,1,33,81.0,3.0,73.0,LLLWL,108.0,17.0,35.0,LDLLD,1,0,4,3,0,2,3,2
871798,2023-05-02 19:00:00+00:00,1683054000,61,2022,Regular Season - 33,96,Toulouse,116,Lens,0,1,FT,B. Dechepy,Stadium de Toulouse,Toulouse,0,1,A,1,-1,5,1,0,33,96.0,13.0,48.0,WDDDD,116.0,2.0,84.0,WWWWW,1,4,0,7,5,0,0,15
871796,2023-05-03 19:00:00+00:00,1683140400,61,2022,Regular Season - 33,106,Stade Brestois 29,83,Nantes,2,0,FT,W. Delajod,Stade Francis-Le Blé,Brest,2,0,H,2,2,5,2,0,33,106.0,14.0,44.0,LWWWL,83.0,16.0,36.0,WLLDL,3,0,2,9,1,1,3,4
871805,2023-05-06 15:00:00+00:00,1683385200,61,2022,Regular Season - 34,84,Nice,94,Rennes,2,1,FT,W. Delajod,Allianz Riviera,Nice,0,0,H,3,1,5,5,1,34,84.0,9.0,58.0,WWDLW,94.0,4.0,68.0,WWWWL,3,1,1,10,4,0,1,12
871808,2023-05-06 17:00:00+00:00,1683392400,61,2022,Regular Season - 34,93,Reims,79,Lille,1,0,FT,T. Léonard,Stade Auguste-Delaune II,Reims,1,0,H,1,1,5,5,1,34,93.0,11.0,51.0,LLDLW,79.0,5.0,67.0,DWWDL,1,1,3,4,2,2,1,8
871807,2023-05-06 19:00:00+00:00,1683399600,61,2022,Regular Season - 34,116,Lens,81,Marseille,2,1,FT,C. Turpin,Stade Bollaert-Delelis,Lens,1,0,H,3,1,5,5,1,34,116.0,2.0,84.0,WWWWW,81.0,3.0,73.0,LLLWL,5,0,0,15,1,0,4,3
871802,2023-05-07 11:00:00+00:00,1683457200,61,2022,Regular Season - 34,77,Angers,91,Monaco,1,2,FT,J. Stinat,Stade Raymond-Kopa,Angers,0,1,A,3,-1,5,6,1,34,77.0,20.0,18.0,LWDLL,91.0,6.0,65.0,LLLDW,1,1,3,4,1,1,3,4
871804,2023-05-07 13:00:00+00:00,1683464400,61,2022,Regular Season - 34,83,Nantes,95,Strasbourg,0,2,FT,B. Bastien,Stade de la Beaujoire - Louis Fonteneau,Nantes,0,1,A,2,-2,5,6,1,34,83.0,16.0,36.0,WLLDL,95.0,15.0,40.0,LDDWW,1,1,3,4,2,2,1,8
871803,2023-05-07 13:00:00+00:00,1683464400,61,2022,Regular Season - 34,97,Lorient,106,Stade Brestois 29,2,1,FT,B. Millot,Stade Yves Allainmat - Le Moustoir,Lorient,1,0,H,3,1,5,6,1,34,97.0,10.0,55.0,WLLDW,106.0,14.0,44.0,LWWWL,2,1,2,7,3,0,2,9
871800,2023-05-07 13:00:00+00:00,1683464400,61,2022,Regular Season - 34,98,Ajaccio,96,Toulouse,0,0,FT,F. Batta,Stade François Coty,Ajaccio,0,0,D,0,0,5,6,1,34,98.0,18.0,26.0,WLLLD,96.0,13.0,48.0,WDDDD,1,1,3,4,1,4,0,7
871801,2023-05-07 13:00:00+00:00,1683464400,61,2022,Regular Season - 34,108,Auxerre,99,Clermont Foot,1,1,FT,M. Bollengier,Stade de l'Abbé Deschamps,Auxerre,1,0,D,2,0,5,6,1,34,108.0,17.0,35.0,LDLLD,99.0,8.0,59.0,WWLWD,0,2,3,2,3,1,1,10
871806,2023-05-07 15:05:00+00:00,1683471900,61,2022,Regular Season - 34,80,Lyon,82,Montpellier,5,4,FT,B. Dechepy,Groupama Stadium,Décines-Charpieu,1,2,H,9,1,5,6,1,34,80.0,7.0,62.0,LWWLW,82.0,12.0,50.0,WLWDL,3,0,2,9,2,1,2,7
871809,2023-05-07 18:45:00+00:00,1683485100,61,2022,Regular Season - 34,110,Estac Troyes,85,Paris Saint Germain,1,3,FT,R. Buquet,Stade de l'Aube,Troyes,0,1,A,4,-2,5,6,1,34,110.0,19.0,24.0,DLDLL,85.0,1.0,85.0,LDWWW,0,2,3,2,3,1,1,10
871815,2023-05-12 19:00:00+00:00,1683918000,61,2022,Regular Season - 35,116,Lens,93,Reims,2,1,FT,J. Pignard,Stade Bollaert-Delelis,Lens,1,1,H,3,1,5,4,0,35,116.0,2.0,84.0,WWWWW,93.0,11.0,51.0,LLDLW,5,0,0,15,1,1,3,4
871816,2023-05-13 15:00:00+00:00,1683990000,61,2022,Regular Season - 35,95,Strasbourg,84,Nice,2,0,FT,J. Stinat,Stade de la Meinau,Strasbourg,1,0,H,2,2,5,5,1,35,95.0,15.0,40.0,LDDWW,84.0,9.0,58.0,WWDLW,2,2,1,8,3,1,1,10
871814,2023-05-13 19:00:00+00:00,1684004400,61,2022,Regular Season - 35,85,Paris Saint Germain,98,Ajaccio,5,0,FT,P. Gaillouste,Parc des Princes,Paris,2,0,H,5,5,5,5,1,35,85.0,1.0,85.0,LDWWW,98.0,18.0,26.0,WLLLD,3,1,1,10,1,1,3,4
871811,2023-05-14 11:00:00+00:00,1684062000,61,2022,Regular Season - 35,99,Clermont Foot,80,Lyon,2,1,FT,R. Buquet,Stade Gabriel Montpied,Clermont-Ferrand,1,1,H,3,1,5,6,1,35,99.0,8.0,59.0,WWLWD,80.0,7.0,62.0,LWWLW,3,1,1,10,3,0,2,9
871812,2023-05-14 13:00:00+00:00,1684069200,61,2022,Regular Season - 35,82,Montpellier,97,Lorient,1,1,FT,M. Vernice,Stade de la Mosson,Montpellier,0,0,D,2,0,5,6,1,35,82.0,12.0,50.0,WLWDL,97.0,10.0,55.0,WLLDW,2,1,2,7,2,1,2,7
871818,2023-05-14 13:00:00+00:00,1684069200,61,2022,Regular Season - 35,94,Rennes,110,Estac Troyes,4,0,FT,S. Frappart,Roazhon Park,Rennes,1,0,H,4,4,5,6,1,35,94.0,4.0,68.0,WWWWL,110.0,19.0,24.0,DLDLL,4,0,1,12,0,2,3,2
871817,2023-05-14 13:00:00+00:00,1684069200,61,2022,Regular Season - 35,106,Stade Brestois 29,108,Auxerre,1,0,FT,E. Wattellier,Stade Francis-Le Blé,Brest,0,0,H,1,1,5,6,1,35,106.0,14.0,44.0,LWWWL,108.0,17.0,35.0,LDLLD,3,0,2,9,0,2,3,2
871819,2023-05-14 14:30:00+00:00,1684074600,61,2022,Regular Season - 35,96,Toulouse,83,Nantes,0,0,FT,J. Brisard,Stadium de Toulouse,Toulouse,0,0,D,0,0,5,6,1,35,96.0,13.0,48.0,WDDDD,83.0,16.0,36.0,WLLDL,1,4,0,7,1,1,3,4
871810,2023-05-14 15:05:00+00:00,1684076700,61,2022,Regular Season - 35,91,Monaco,79,Lille,0,0,FT,B. Bastien,Stade Louis II,Monaco,0,0,D,0,0,5,6,1,35,91.0,6.0,65.0,LLLDW,79.0,5.0,67.0,DWWDL,1,1,3,4,2,2,1,8
871813,2023-05-14 18:45:00+00:00,1684089900,61,2022,Regular Season - 35,81,Marseille,77,Angers,3,1,FT,B. Millot,Stade Orange Vélodrome,Marseille,1,1,H,4,2,5,6,1,35,81.0,3.0,73.0,LLLWL,77.0,20.0,18.0,LWDLL,1,0,4,3,1,1,3,4
871826,2023-05-19 19:00:00+00:00,1684522800,61,2022,Regular Season - 36,80,Lyon,91,Monaco,3,1,FT,B. Millot,Groupama Stadium,Décines-Charpieu,1,1,H,4,2,5,4,0,36,80.0,7.0,62.0,LWWLW,91.0,6.0,65.0,LLLDW,3,0,2,9,1,1,3,4
871823,2023-05-20 15:00:00+00:00,1684594800,61,2022,Regular Season - 36,83,Nantes,82,Montpellier,0,3,FT,R. Buquet,Stade de la Beaujoire - Louis Fonteneau,Nantes,0,1,A,3,-3,5,5,1,36,83.0,16.0,36.0,WLLDL,82.0,12.0,50.0,WLWDL,1,1,3,4,2,1,2,7
871824,2023-05-20 19:00:00+00:00,1684609200,61,2022,Regular Season - 36,79,Lille,81,Marseille,2,1,FT,J. Brisard,Decathlon Arena – Stade Pierre-Mauroy,Villeneuve d'Ascq,0,1,H,3,1,5,5,1,36,79.0,5.0,67.0,DWWDL,81.0,3.0,73.0,LLLWL,2,2,1,8,1,0,4,3
871820,2023-05-21 11:00:00+00:00,1684666800,61,2022,Regular Season - 36,98,Ajaccio,94,Rennes,0,5,FT,E. Wattellier,Stade François Coty,Ajaccio,0,4,A,5,-5,5,6,1,36,98.0,18.0,26.0,WLLLD,94.0,4.0,68.0,WWWWL,1,1,3,4,4,0,1,12
871825,2023-05-21 13:00:00+00:00,1684674000,61,2022,Regular Season - 36,84,Nice,96,Toulouse,0,0,FT,J. Pignard,Allianz Riviera,Nice,0,0,D,0,0,5,6,1,36,84.0,9.0,58.0,WWDLW,96.0,13.0,48.0,WDDDD,3,1,1,10,1,4,0,7
871828,2023-05-21 13:00:00+00:00,1684674000,61,2022,Regular Season - 36,93,Reims,77,Angers,2,2,FT,F. Batta,Stade Auguste-Delaune II,Reims,1,0,D,4,0,5,6,1,36,93.0,11.0,51.0,LLDLW,77.0,20.0,18.0,LWDLL,1,1,3,4,1,1,3,4
871827,2023-05-21 13:00:00+00:00,1684674000,61,2022,Regular Season - 36,106,Stade Brestois 29,99,Clermont Foot,2,1,FT,B. Dechepy,Stade Francis-Le Blé,Brest,1,1,H,3,1,5,6,1,36,106.0,14.0,44.0,LWWWL,99.0,8.0,59.0,WWLWD,3,0,2,9,3,1,1,10
871829,2023-05-21 13:00:00+00:00,1684674000,61,2022,Regular Season - 36,110,Estac Troyes,95,Strasbourg,1,1,FT,C. Turpin,Stade de l'Aube,Troyes,0,1,D,2,0,5,6,1,36,110.0,19.0,24.0,DLDLL,95.0,15.0,40.0,LDDWW,0,2,3,2,2,2,1,8
871822,2023-05-21 15:05:00+00:00,1684681500,61,2022,Regular Season - 36,97,Lorient,116,Lens,1,3,FT,S. Frappart,Stade Yves Allainmat - Le Moustoir,Lorient,1,2,A,4,-2,5,6,1,36,97.0,10.0,55.0,WLLDW,116.0,2.0,84.0,WWWWW,2,1,2,7,5,0,0,15
871821,2023-05-21 18:45:00+00:00,1684694700,61,2022,Regular Season - 36,108,Auxerre,85,Paris Saint Germain,1,2,FT,B. Bastien,Stade de l'Abbé Deschamps,Auxerre,0,2,A,3,-1,5,6,1,36,108.0,17.0,35.0,LDLLD,85.0,1.0,85.0,LDWWW,0,2,3,2,3,1,1,10
871836,2023-05-27 19:00:00+00:00,1685214000,61,2022,Regular Season - 37,116,Lens,98,Ajaccio,3,0,FT,T. Léonard,Stade Bollaert-Delelis,Lens,3,0,H,3,3,5,5,1,37,116.0,2.0,84.0,WWWWW,98.0,18.0,26.0,WLLLD,5,0,0,15,1,1,3,4
871831,2023-05-27 19:00:00+00:00,1685214000,61,2022,Regular Season - 37,99,Clermont Foot,97,Lorient,2,0,FT,F. Batta,Stade Gabriel Montpied,Clermont-Ferrand,1,0,H,2,2,5,5,1,37,99.0,8.0,59.0,WWLWD,97.0,10.0,55.0,WLLDW,3,1,1,10,2,1,2,7
871839,2023-05-27 19:00:00+00:00,1685214000,61,2022,Regular Season - 37,96,Toulouse,108,Auxerre,1,1,FT,M. Vernice,Stadium de Toulouse,Toulouse,1,1,D,2,0,5,5,1,37,96.0,13.0,48.0,WDDDD,108.0,17.0,35.0,LDLLD,1,4,0,7,0,2,3,2
871837,2023-05-27 19:00:00+00:00,1685214000,61,2022,Regular Season - 37,95,Strasbourg,85,Paris Saint Germain,1,1,FT,J. Brisard,Stade de la Meinau,Strasbourg,0,0,D,2,0,5,5,1,37,95.0,15.0,40.0,LDDWW,85.0,1.0,85.0,LDWWW,2,2,1,8,3,1,1,10
871838,2023-05-27 19:00:00+00:00,1685214000,61,2022,Regular Season - 37,94,Rennes,91,Monaco,2,0,FT,C. Turpin,Roazhon Park,Rennes,0,0,H,2,2,5,5,1,37,94.0,4.0,68.0,WWWWL,91.0,6.0,65.0,LLLDW,4,0,1,12,1,1,3,4
871835,2023-05-27 19:00:00+00:00,1685214000,61,2022,Regular Season - 37,81,Marseille,106,Stade Brestois 29,1,2,FT,S. Frappart,Stade Orange Vélodrome,Marseille,0,0,A,3,-1,5,5,1,37,81.0,3.0,73.0,LLLWL,106.0,14.0,44.0,LWWWL,1,0,4,3,3,0,2,9
871834,2023-05-27 19:00:00+00:00,1685214000,61,2022,Regular Season - 37,80,Lyon,93,Reims,3,0,FT,J. Stinat,Groupama Stadium,Décines-Charpieu,2,0,H,3,3,5,5,1,37,80.0,7.0,62.0,LWWLW,93.0,11.0,51.0,LLDLW,3,0,2,9,1,1,3,4
871832,2023-05-27 19:00:00+00:00,1685214000,61,2022,Regular Season - 37,79,Lille,83,Nantes,2,1,FT,E. Wattellier,Decathlon Arena – Stade Pierre-Mauroy,Villeneuve d'Ascq,0,1,H,3,1,5,5,1,37,79.0,5.0,67.0,DWWDL,83.0,16.0,36.0,WLLDL,2,2,1,8,1,1,3,4
871830,2023-05-27 19:00:00+00:00,1685214000,61,2022,Regular Season - 37,77,Angers,110,Estac Troyes,2,1,FT,K. Abed,Stade Raymond-Kopa,Angers,1,1,H,3,1,5,5,1,37,77.0,20.0,18.0,LWDLL,110.0,19.0,24.0,DLDLL,1,1,3,4,0,2,3,2
871833,2023-05-27 19:00:00+00:00,1685214000,61,2022,Regular Season - 37,82,Montpellier,84,Nice,2,3,FT,B. Millot,Stade de la Mosson,Montpellier,2,0,A,5,-1,5,5,1,37,82.0,12.0,50.0,WLWDL,84.0,9.0,58.0,WWDLW,2,1,2,7,3,1,1,10
871843,2023-06-03 19:00:00+00:00,1685818800,61,2022,Regular Season - 38,97,Lorient,95,Strasbourg,2,1,FT,B. Dechepy,Stade Yves Allainmat - Le Moustoir,Lorient,2,0,H,3,1,6,5,1,38,97.0,10.0,55.0,WLLDW,95.0,15.0,40.0,LDDWW,2,1,2,7,2,2,1,8
871847,2023-06-03 19:00:00+00:00,1685818800,61,2022,Regular Season - 38,106,Stade Brestois 29,94,Rennes,1,2,FT,J. Brisard,Stade Francis-Le Blé,Brest,1,2,A,3,-1,6,5,1,38,106.0,14.0,44.0,LWWWL,94.0,4.0,68.0,WWWWL,3,0,2,9,4,0,1,12
871840,2023-06-03 19:00:00+00:00,1685818800,61,2022,Regular Season - 38,98,Ajaccio,81,Marseille,1,0,FT,B. Bastien,Stade François Coty,Ajaccio,0,0,H,1,1,6,5,1,38,98.0,18.0,26.0,WLLLD,81.0,3.0,73.0,LLLWL,1,1,3,4,1,0,4,3
871848,2023-06-03 19:00:00+00:00,1685818800,61,2022,Regular Season - 38,93,Reims,82,Montpellier,1,3,FT,P. Gaillouste,Stade Auguste-Delaune II,Reims,1,0,A,4,-2,6,5,1,38,93.0,11.0,51.0,LLDLW,82.0,12.0,50.0,WLWDL,1,1,3,4,2,1,2,7
871841,2023-06-03 19:00:00+00:00,1685818800,61,2022,Regular Season - 38,108,Auxerre,116,Lens,1,3,FT,B. Millot,Stade de l'Abbé Deschamps,Auxerre,0,1,A,4,-2,6,5,1,38,108.0,17.0,35.0,LDLLD,116.0,2.0,84.0,WWWWW,0,2,3,2,5,0,0,15
871846,2023-06-03 19:00:00+00:00,1685818800,61,2022,Regular Season - 38,85,Paris Saint Germain,99,Clermont Foot,2,3,FT,T. Léonard,Parc des Princes,Paris,2,2,A,5,-1,6,5,1,38,85.0,1.0,85.0,LDWWW,99.0,8.0,59.0,WWLWD,3,1,1,10,3,1,1,10
871845,2023-06-03 19:00:00+00:00,1685818800,61,2022,Regular Season - 38,84,Nice,80,Lyon,3,1,FT,E. Wattellier,Allianz Riviera,Nice,3,1,H,4,2,6,5,1,38,84.0,9.0,58.0,WWDLW,80.0,7.0,62.0,LWWLW,3,1,1,10,3,0,2,9
871844,2023-06-03 19:00:00+00:00,1685818800,61,2022,Regular Season - 38,83,Nantes,77,Angers,1,0,FT,C. Turpin,Stade de la Beaujoire - Louis Fonteneau,Nantes,1,0,H,1,1,6,5,1,38,83.0,16.0,36.0,WLLDL,77.0,20.0,18.0,LWDLL,1,1,3,4,1,1,3,4
871842,2023-06-03 19:00:00+00:00,1685818800,61,2022,Regular Season - 38,91,Monaco,96,Toulouse,1,2,FT,S. Frappart,Stade Louis II,Monaco,0,0,A,3,-1,6,5,1,38,91.0,6.0,65.0,LLLDW,96.0,13.0,48.0,WDDDD,1,1,3,4,1,4,0,7
871849,2023-06-03 19:00:00+00:00,1685818800,61,2022,Regular Season - 38,110,Estac Troyes,79,Lille,1,1,FT,J. Stinat,Stade de l'Aube,Troyes,0,0,D,2,0,6,5,1,38,110.0,19.0,24.0,DLDLL,79.0,5.0,67.0,DWWDL,0,2,3,2,2,2,1,8
